{
  "type": "FeatureCollection",
  "features": [
    {
      "type": "Feature",
      "properties": {
        "geo_id": "geo_ph_0035",
        "name": "Palawan expedition",
        "component": "Palawan province",
        "source_geo_id": "geo_ph_0019",
        "source_psgc": "1705300000",
        "source_boundary_level": "province"
      },
      "geometry": {
        "type": "MultiPolygon",
        "coordinates": [
          [
            [
              [
                120.01551806700002,
                12.000373056000056
              ],
              [
                120.02068658100008,
                11.987890241000057
              ],
              [
                120.03759726400006,
                11.996706680000042
              ],
              [
                120.04754629500006,
                11.994877947000074
              ],
              [
                120.06148459100007,
                12.014430484000059
              ],
              [
                120.08802929900003,
                11.99542166900005
              ],
              [
                120.08037632800007,
                11.985961449000056
              ],
              [
                120.09251932500001,
                11.97247647100005
              ],
              [
                120.11261634800009,
                11.975183364000031
              ],
              [
                120.11424202700005,
                11.988812472000063
              ],
              [
                120.126835991,
                11.990930351000031
              ],
              [
                120.13737151400005,
                12.00274010300006
              ],
              [
                120.12446651500011,
                12.01731660300004
              ],
              [
                120.12626001700005,
                12.028694120000067
              ],
              [
                120.1331212660001,
                12.031986320000042
              ],
              [
                120.14020857100002,
                12.023673349000033
              ],
              [
                120.16099988800012,
                12.022575005000022
              ],
              [
                120.16529236900011,
                12.029702072000076
              ],
              [
                120.17578698800004,
                12.02394091800005
              ],
              [
                120.17728107600011,
                12.00847397500007
              ],
              [
                120.2002962680001,
                12.00012778700005
              ],
              [
                120.20591460000004,
                11.99378818900004
              ],
              [
                120.22704736800006,
                11.990252012000042
              ],
              [
                120.24427853200008,
                11.998454085000049
              ],
              [
                120.25164249500006,
                12.006602833000047
              ],
              [
                120.26757019600007,
                12.005039580000073
              ],
              [
                120.27035945400007,
                11.998610118000043
              ],
              [
                120.29131116900008,
                11.98340383400006
              ],
              [
                120.30252791600005,
                11.982350897000059
              ],
              [
                120.309819833,
                11.997787322000022
              ],
              [
                120.32139101400004,
                12.000485148000053
              ],
              [
                120.32872098000006,
                11.995762714000024
              ],
              [
                120.3399108770001,
                12.012359020000076
              ],
              [
                120.3241804280001,
                12.031050708000066
              ],
              [
                120.32466955600013,
                12.03795901400002
              ],
              [
                120.33544093900002,
                12.046647706000044
              ],
              [
                120.34098486700009,
                12.057722276000051
              ],
              [
                120.33589454800006,
                12.073636676000035
              ],
              [
                120.32588982600011,
                12.083641250000028
              ],
              [
                120.33273296000003,
                12.091371833000037
              ],
              [
                120.32364102100007,
                12.097209286000066
              ],
              [
                120.31806087200005,
                12.091270868000034
              ],
              [
                120.30690844600008,
                12.098581654000043
              ],
              [
                120.30312210300008,
                12.105630246000029
              ],
              [
                120.30490462500006,
                12.117346979000045
              ],
              [
                120.28419050900004,
                12.11750649700002
              ],
              [
                120.28375518300004,
                12.128217824000044
              ],
              [
                120.27305606200002,
                12.143761512000022
              ],
              [
                120.2660118670001,
                12.130807436000055
              ],
              [
                120.25382023200005,
                12.128617290000022
              ],
              [
                120.24586075600008,
                12.132455197000068
              ],
              [
                120.25220358200012,
                12.145733807000056
              ],
              [
                120.24192231100005,
                12.160448281000072
              ],
              [
                120.24279770300005,
                12.17603432100003
              ],
              [
                120.23832183800006,
                12.183250100000066
              ],
              [
                120.24042686300004,
                12.194650336000048
              ],
              [
                120.22544422100007,
                12.197516476000029
              ],
              [
                120.22127313300005,
                12.206985320000058
              ],
              [
                120.21308526500002,
                12.170203129000068
              ],
              [
                120.20704872700003,
                12.154495023000035
              ],
              [
                120.2152901710001,
                12.145674198000052
              ],
              [
                120.21319623600006,
                12.131518381000035
              ],
              [
                120.19210378000002,
                12.135160335000021
              ],
              [
                120.17968353900005,
                12.133032541000032
              ],
              [
                120.18624913000009,
                12.116916257000069
              ],
              [
                120.1621201710001,
                12.122399840000067
              ],
              [
                120.14539091900008,
                12.142060978000076
              ],
              [
                120.12834449700006,
                12.14823669900005
              ],
              [
                120.12187779700004,
                12.15913522400007
              ],
              [
                120.10994074700011,
                12.163171805000045
              ],
              [
                120.10577655400006,
                12.171435981000057
              ],
              [
                120.09354974700011,
                12.173577697000042
              ],
              [
                120.09922474700011,
                12.200938834000054
              ],
              [
                120.08755367100002,
                12.203413381000075
              ],
              [
                120.08538281100004,
                12.195390819000066
              ],
              [
                120.07601114000012,
                12.189712529000074
              ],
              [
                120.06180787200005,
                12.191802779000056
              ],
              [
                120.05996328900005,
                12.201577924000048
              ],
              [
                120.04954821700004,
                12.216263456000032
              ],
              [
                120.04817341500006,
                12.226660705000025
              ],
              [
                120.028497904,
                12.239679437000062
              ],
              [
                120.02204103700002,
                12.23959656000005
              ],
              [
                120.00999376000004,
                12.255177644000073
              ],
              [
                119.99732502100005,
                12.260894207000035
              ],
              [
                119.98472402100003,
                12.259233021000057
              ],
              [
                119.96616752200009,
                12.270793808000064
              ],
              [
                119.94850794200012,
                12.26514704200002
              ],
              [
                119.929646348,
                12.270133907000057
              ],
              [
                119.93516926100006,
                12.27944231600003
              ],
              [
                119.93217387700008,
                12.289137507000023
              ],
              [
                119.92313634700007,
                12.298673587000053
              ],
              [
                119.92679964800004,
                12.31431803600003
              ],
              [
                119.92346293700008,
                12.319622195000022
              ],
              [
                119.905539512,
                12.322031684000022
              ],
              [
                119.89429041100004,
                12.329635421000033
              ],
              [
                119.88030076500003,
                12.327439257000037
              ],
              [
                119.873744052,
                12.315460283000048
              ],
              [
                119.86427391900008,
                12.310385838000059
              ],
              [
                119.86801836100005,
                12.303638622000047
              ],
              [
                119.86873392400001,
                12.28837179800007
              ],
              [
                119.87865662300011,
                12.289665048000076
              ],
              [
                119.87684859600004,
                12.269510564000027
              ],
              [
                119.91319119000002,
                12.277472716000032
              ],
              [
                119.90218848300002,
                12.267480611000051
              ],
              [
                119.88670764800008,
                12.26358062000003
              ],
              [
                119.87823713600005,
                12.265373416000047
              ],
              [
                119.8696537960001,
                12.253950974000075
              ],
              [
                119.85962396800005,
                12.249894397000048
              ],
              [
                119.859092099,
                12.235269989000072
              ],
              [
                119.87311048900006,
                12.23001688000005
              ],
              [
                119.87540651500002,
                12.223237448000077
              ],
              [
                119.86577762500008,
                12.209612684000032
              ],
              [
                119.86432440300007,
                12.194159548000075
              ],
              [
                119.85333025300008,
                12.184245538000024
              ],
              [
                119.84825736300002,
                12.174899865000045
              ],
              [
                119.84966462200008,
                12.165968797000062
              ],
              [
                119.86069637000004,
                12.154727525000053
              ],
              [
                119.86175636400003,
                12.167452448000063
              ],
              [
                119.872300031,
                12.185507991000064
              ],
              [
                119.87794549600007,
                12.199672156000075
              ],
              [
                119.8857285050001,
                12.205420886000072
              ],
              [
                119.89662071900013,
                12.201441058000055
              ],
              [
                119.89883822400009,
                12.190429824000034
              ],
              [
                119.90543026900004,
                12.181137303000071
              ],
              [
                119.90017257500006,
                12.163333917000044
              ],
              [
                119.914660345,
                12.156372844000028
              ],
              [
                119.9260503810001,
                12.140915135000057
              ],
              [
                119.93478747000007,
                12.12170731200007
              ],
              [
                119.93011474900003,
                12.10005736900007
              ],
              [
                119.93301786600013,
                12.087426987000072
              ],
              [
                119.95097042300007,
                12.078874917000064
              ],
              [
                119.94728408000003,
                12.06869714000004
              ],
              [
                119.951918803,
                12.056683750000044
              ],
              [
                119.96920967400001,
                12.06283103000004
              ],
              [
                119.97220210000012,
                12.024090578000028
              ],
              [
                119.98554959500008,
                12.031126448000066
              ],
              [
                119.98447234300012,
                12.016134444000043
              ],
              [
                119.97777770700009,
                12.009687750000065
              ],
              [
                119.9918927750001,
                12.003285979000054
              ],
              [
                119.99757135000004,
                12.005955117000042
              ],
              [
                120.01551806700002,
                12.000373056000056
              ]
            ]
          ],
          [
            [
              [
                120.36979022100003,
                12.25992299400002
              ],
              [
                120.37176061200013,
                12.270805999000057
              ],
              [
                120.36654590400008,
                12.293268314000045
              ],
              [
                120.36056749800002,
                12.304061541000067
              ],
              [
                120.34647978800002,
                12.302886006000051
              ],
              [
                120.36408557700008,
                12.28057239000003
              ],
              [
                120.3650605690001,
                12.26832156200004
              ],
              [
                120.36979022100003,
                12.25992299400002
              ]
            ]
          ],
          [
            [
              [
                120.39163889300005,
                12.214489247000072
              ],
              [
                120.39719461200004,
                12.229904905000069
              ],
              [
                120.386428291,
                12.23123244000004
              ],
              [
                120.39163889300005,
                12.214489247000072
              ]
            ]
          ],
          [
            [
              [
                120.13836079500004,
                12.199449980000058
              ],
              [
                120.15006286800009,
                12.186604592000036
              ],
              [
                120.14757059200006,
                12.178994514000065
              ],
              [
                120.15566221700008,
                12.170064797000066
              ],
              [
                120.16165615600003,
                12.171588182000047
              ],
              [
                120.17483504300002,
                12.157122283000033
              ],
              [
                120.1847538290001,
                12.155920619000026
              ],
              [
                120.19247150000002,
                12.14932662700005
              ],
              [
                120.19786907000001,
                12.155525137000039
              ],
              [
                120.18481265100003,
                12.162759334000045
              ],
              [
                120.17978328000004,
                12.160847482000065
              ],
              [
                120.15698563400008,
                12.179979250000033
              ],
              [
                120.15419733300007,
                12.187325131000021
              ],
              [
                120.13836079500004,
                12.199449980000058
              ]
            ]
          ],
          [
            [
              [
                119.86725786900003,
                12.133540448000074
              ],
              [
                119.87318839000011,
                12.139566497000033
              ],
              [
                119.87642383000002,
                12.157397672000059
              ],
              [
                119.86803912200003,
                12.163934171000053
              ],
              [
                119.86500655900012,
                12.14137279000005
              ],
              [
                119.86725786900003,
                12.133540448000074
              ]
            ]
          ],
          [
            [
              [
                119.83589452700005,
                11.988156065000052
              ],
              [
                119.8518162690001,
                11.989464878000033
              ],
              [
                119.85473497700004,
                11.998302152000065
              ],
              [
                119.84114824200005,
                11.998156820000073
              ],
              [
                119.83589452700005,
                11.988156065000052
              ]
            ]
          ],
          [
            [
              [
                119.93573603000004,
                11.98716573300004
              ],
              [
                119.95045834200006,
                11.983171106000043
              ],
              [
                119.96108147600013,
                11.98714240600003
              ],
              [
                119.95413728800008,
                11.995108604000052
              ],
              [
                119.93582100100002,
                11.993796548000034
              ],
              [
                119.93573603000004,
                11.98716573300004
              ]
            ]
          ],
          [
            [
              [
                120.06260869300002,
                11.986730575000024
              ],
              [
                120.06691406200002,
                11.961323840000034
              ],
              [
                120.08251060300005,
                11.960164437000058
              ],
              [
                120.082472175,
                11.96957818900006
              ],
              [
                120.07298306300005,
                11.987185018000048
              ],
              [
                120.06260869300002,
                11.986730575000024
              ]
            ]
          ],
          [
            [
              [
                120.19585456900006,
                11.979921098000036
              ],
              [
                120.18728419200012,
                11.990410840000038
              ],
              [
                120.18095167700004,
                11.992001213000037
              ],
              [
                120.16734326300002,
                11.982759234000069
              ],
              [
                120.14560952600006,
                11.986355277000031
              ],
              [
                120.1352738810001,
                11.99190613500002
              ],
              [
                120.13278625300005,
                11.974493490000043
              ],
              [
                120.1389133350001,
                11.970060239000077
              ],
              [
                120.16312822200008,
                11.97588091400007
              ],
              [
                120.17681617900007,
                11.981971777000066
              ],
              [
                120.17806836900002,
                11.975673768000036
              ],
              [
                120.18930854100006,
                11.966307714000036
              ],
              [
                120.19737110400001,
                11.968484600000062
              ],
              [
                120.19585456900006,
                11.979921098000036
              ]
            ]
          ],
          [
            [
              [
                120.25821579800004,
                11.891659313000048
              ],
              [
                120.24903726200012,
                11.908548791000042
              ],
              [
                120.25337122900008,
                11.917675210000025
              ],
              [
                120.26484135800001,
                11.914779319000047
              ],
              [
                120.26815723100003,
                11.924124840000047
              ],
              [
                120.27618261600003,
                11.92592229400003
              ],
              [
                120.27290165300009,
                11.93858610600006
              ],
              [
                120.27365969000006,
                11.952383265000037
              ],
              [
                120.26613601200008,
                11.959851970000043
              ],
              [
                120.27205810500006,
                11.968468073000054
              ],
              [
                120.24544282800002,
                11.98575853400007
              ],
              [
                120.24235949600006,
                11.974661295000029
              ],
              [
                120.22952725500012,
                11.962647627000022
              ],
              [
                120.21592959700003,
                11.957255226000031
              ],
              [
                120.208387269,
                11.94463974300004
              ],
              [
                120.1934383790001,
                11.949474251000026
              ],
              [
                120.19475718500007,
                11.933499636000022
              ],
              [
                120.20400283800005,
                11.926367038000025
              ],
              [
                120.2089642840001,
                11.911243351000055
              ],
              [
                120.22017303900009,
                11.899122080000039
              ],
              [
                120.23083109700008,
                11.879588657000053
              ],
              [
                120.23668757200004,
                11.846676940000066
              ],
              [
                120.25464883000008,
                11.815183395000076
              ],
              [
                120.25807666300011,
                11.827438482000044
              ],
              [
                120.25252356700003,
                11.830228891000047
              ],
              [
                120.24654617300007,
                11.848782809000056
              ],
              [
                120.25295101600011,
                11.850808043000027
              ],
              [
                120.25892988200006,
                11.863853493000024
              ],
              [
                120.25821579800004,
                11.891659313000048
              ]
            ]
          ],
          [
            [
              [
                119.83040982200009,
                11.938590159000054
              ],
              [
                119.8312551480001,
                11.946366253000063
              ],
              [
                119.83997926100005,
                11.950252121000064
              ],
              [
                119.84687651200011,
                11.966692195000064
              ],
              [
                119.85404063100009,
                11.975356285000032
              ],
              [
                119.84727845700002,
                11.981652491000032
              ],
              [
                119.83492085200011,
                11.958180731000025
              ],
              [
                119.8288418520001,
                11.953798624000058
              ],
              [
                119.82574702200007,
                11.942326928000057
              ],
              [
                119.83040982200009,
                11.938590159000054
              ]
            ]
          ],
          [
            [
              [
                119.93905381900005,
                11.957457301000032
              ],
              [
                119.95371304500009,
                11.955963451000057
              ],
              [
                119.95758744900002,
                11.963557970000068
              ],
              [
                119.96854177200008,
                11.96523413400007
              ],
              [
                119.95892241700007,
                11.97724481600005
              ],
              [
                119.9403549450001,
                11.981266923000021
              ],
              [
                119.94406245900007,
                11.969904502000073
              ],
              [
                119.93905381900005,
                11.957457301000032
              ]
            ]
          ],
          [
            [
              [
                120.06045469600006,
                11.797445666000044
              ],
              [
                120.05556912200007,
                11.804750913000019
              ],
              [
                120.03812098600008,
                11.80844030400004
              ],
              [
                120.03515029200003,
                11.832450148000023
              ],
              [
                120.04424017700002,
                11.836727893000047
              ],
              [
                120.03442276800001,
                11.848182088000044
              ],
              [
                120.03728557900003,
                11.854464151000059
              ],
              [
                120.04793563100009,
                11.846067605000032
              ],
              [
                120.06316848400002,
                11.856960758000072
              ],
              [
                120.07324287300003,
                11.85916528900003
              ],
              [
                120.06205358700004,
                11.869953615000039
              ],
              [
                120.04934077200006,
                11.875527866000024
              ],
              [
                120.02029468200011,
                11.882709019000059
              ],
              [
                120.02238704700007,
                11.89288193600004
              ],
              [
                120.00389777000011,
                11.898126580000051
              ],
              [
                119.99313034500005,
                11.892786553000064
              ],
              [
                119.98700704900013,
                11.899946112000066
              ],
              [
                120.01703957800011,
                11.91487213800002
              ],
              [
                120.02283044,
                11.921084973000063
              ],
              [
                120.0123729390001,
                11.933867419000023
              ],
              [
                119.99879324400003,
                11.934264075000044
              ],
              [
                119.97947690300009,
                11.920396236000046
              ],
              [
                119.96966301800002,
                11.919666980000041
              ],
              [
                119.95851716200004,
                11.913784498000044
              ],
              [
                119.94423639500009,
                11.93004158700006
              ],
              [
                119.95185082300009,
                11.940085310000027
              ],
              [
                119.95904417400004,
                11.94222538100007
              ],
              [
                119.95302965500004,
                11.95274501800003
              ],
              [
                119.9415040890001,
                11.94974154400006
              ],
              [
                119.92123271700005,
                11.957233199000028
              ],
              [
                119.91465992300004,
                11.969484639000028
              ],
              [
                119.9004395720001,
                11.979113743000028
              ],
              [
                119.89086995900003,
                11.969685091000029
              ],
              [
                119.88622172100008,
                11.978180816000078
              ],
              [
                119.87215840100009,
                11.969493285000054
              ],
              [
                119.87501217500004,
                11.953694591000044
              ],
              [
                119.88372663700012,
                11.955971436000025
              ],
              [
                119.89435246700009,
                11.944231375000074
              ],
              [
                119.88673929300013,
                11.934092289000034
              ],
              [
                119.87556315300003,
                11.93348344900005
              ],
              [
                119.87388135700006,
                11.94374609600004
              ],
              [
                119.8661255740001,
                11.941620737000052
              ],
              [
                119.85158608000008,
                11.95620850500006
              ],
              [
                119.84600953900008,
                11.947369869000054
              ],
              [
                119.86045345500008,
                11.933445405000041
              ],
              [
                119.87234939100007,
                11.925619182000046
              ],
              [
                119.86860809100006,
                11.91182259300007
              ],
              [
                119.86947701800013,
                11.896553526000048
              ],
              [
                119.88221309500011,
                11.876336534000073
              ],
              [
                119.89060216300003,
                11.877990809000039
              ],
              [
                119.89491204400008,
                11.861051845000075
              ],
              [
                119.90660724100009,
                11.853996923000068
              ],
              [
                119.91525864500011,
                11.843903111000031
              ],
              [
                119.90287525600002,
                11.83480879800004
              ],
              [
                119.89901551500009,
                11.825528705000064
              ],
              [
                119.90532602900011,
                11.822275801000048
              ],
              [
                119.91176340900006,
                11.805245424000077
              ],
              [
                119.91038531200002,
                11.791596276000066
              ],
              [
                119.91969598900005,
                11.785033552000074
              ],
              [
                119.9255394160001,
                11.774388121000072
              ],
              [
                119.92260928100005,
                11.767548477000048
              ],
              [
                119.92857051300008,
                11.76029132900004
              ],
              [
                119.94445274100008,
                11.76361570900002
              ],
              [
                119.96115233700004,
                11.763025809000055
              ],
              [
                119.96279678600003,
                11.767616871000028
              ],
              [
                119.9590559930001,
                11.786599327000033
              ],
              [
                119.96346413000003,
                11.800351703000047
              ],
              [
                119.97280477800007,
                11.790501825000035
              ],
              [
                119.98454284600008,
                11.80070802500006
              ],
              [
                119.99086888500007,
                11.796418731000074
              ],
              [
                119.99188650100008,
                11.77587394900007
              ],
              [
                119.97097787100006,
                11.762828557000034
              ],
              [
                119.96394178100002,
                11.748552317000076
              ],
              [
                119.94073286200013,
                11.734046755000064
              ],
              [
                119.93726507600002,
                11.723405445000024
              ],
              [
                119.94631673900005,
                11.680562861000055
              ],
              [
                119.95310532000009,
                11.671847699000068
              ],
              [
                119.95267300400008,
                11.661246549000055
              ],
              [
                119.96265286900008,
                11.662339356000075
              ],
              [
                119.97195611500003,
                11.678650598000045
              ],
              [
                119.98580556800005,
                11.669815661000028
              ],
              [
                119.98662654300006,
                11.67846711900006
              ],
              [
                120.00235994300009,
                11.67737309100005
              ],
              [
                120.00535746100003,
                11.691242697000062
              ],
              [
                120.02102437900011,
                11.697790515000063
              ],
              [
                120.02528171100005,
                11.70658357700006
              ],
              [
                120.03725765400009,
                11.717680289000043
              ],
              [
                120.04569200100002,
                11.71658384900007
              ],
              [
                120.04552128700004,
                11.734208985000066
              ],
              [
                120.05544024900007,
                11.744546907000027
              ],
              [
                120.05365666100012,
                11.759935128000052
              ],
              [
                120.04277433100003,
                11.753484172000071
              ],
              [
                120.04223706100004,
                11.76379610400005
              ],
              [
                120.06564934300003,
                11.789089757000056
              ],
              [
                120.06045469600006,
                11.797445666000044
              ]
            ]
          ],
          [
            [
              [
                120.02280446000009,
                11.95473602100003
              ],
              [
                120.00629759300013,
                11.960955472000022
              ],
              [
                119.99353563800004,
                11.97014023500003
              ],
              [
                119.98512273900009,
                11.963648617000045
              ],
              [
                119.98572399600003,
                11.944828440000038
              ],
              [
                119.99665269100002,
                11.949286516000027
              ],
              [
                120.00463314400008,
                11.947938549000071
              ],
              [
                120.02280446000009,
                11.95473602100003
              ]
            ]
          ],
          [
            [
              [
                120.04246616300009,
                11.934217079000064
              ],
              [
                120.0443593780001,
                11.920786289000034
              ],
              [
                120.05879776600013,
                11.914594209000027
              ],
              [
                120.0675679530001,
                11.916167851000065
              ],
              [
                120.06678919100011,
                11.92564146200004
              ],
              [
                120.05419527100004,
                11.93314435800005
              ],
              [
                120.04246616300009,
                11.934217079000064
              ]
            ]
          ],
          [
            [
              [
                120.0716269950001,
                11.851468786000053
              ],
              [
                120.06948542900012,
                11.845926385000041
              ],
              [
                120.08178133200012,
                11.832026851000021
              ],
              [
                120.08285741400005,
                11.826915774000042
              ],
              [
                120.0954517350001,
                11.816415854000068
              ],
              [
                120.10478382400004,
                11.812643237000032
              ],
              [
                120.11552086400002,
                11.818982170000028
              ],
              [
                120.11440117700012,
                11.828628184000024
              ],
              [
                120.10073323200005,
                11.82457388900002
              ],
              [
                120.10043881500008,
                11.846220201000051
              ],
              [
                120.08168355400005,
                11.844346579000046
              ],
              [
                120.0716269950001,
                11.851468786000053
              ]
            ]
          ],
          [
            [
              [
                120.31208375500012,
                11.825980777000035
              ],
              [
                120.319525225,
                11.841995479000046
              ],
              [
                120.31653253200011,
                11.851255674000072
              ],
              [
                120.30761019500005,
                11.844401982000024
              ],
              [
                120.30644500100006,
                11.837600171000076
              ],
              [
                120.31208375500012,
                11.825980777000035
              ]
            ]
          ],
          [
            [
              [
                120.17476052000005,
                11.783752340000037
              ],
              [
                120.18333082000004,
                11.75643169500006
              ],
              [
                120.15755420000005,
                11.763226936000022
              ],
              [
                120.15116516700004,
                11.767157167000049
              ],
              [
                120.139633333,
                11.760608050000029
              ],
              [
                120.14415158400006,
                11.750929243000032
              ],
              [
                120.15203041500001,
                11.753531758000063
              ],
              [
                120.17521426400005,
                11.742135043000074
              ],
              [
                120.18099800200001,
                11.750948153000023
              ],
              [
                120.1930344110001,
                11.754856809000046
              ],
              [
                120.19328653500008,
                11.76528984500004
              ],
              [
                120.18888748200004,
                11.779808575000057
              ],
              [
                120.17476052000005,
                11.783752340000037
              ]
            ]
          ],
          [
            [
              [
                120.1082446250001,
                11.66471324300005
              ],
              [
                120.10851503600007,
                11.65033811200004
              ],
              [
                120.12178628900006,
                11.656471104000046
              ],
              [
                120.1082446250001,
                11.66471324300005
              ]
            ]
          ],
          [
            [
              [
                119.969242946,
                11.647258464000057
              ],
              [
                119.94965108600002,
                11.653968839000072
              ],
              [
                119.95856553400006,
                11.640610164000064
              ],
              [
                119.97190733200011,
                11.633679625000068
              ],
              [
                119.969242946,
                11.647258464000057
              ]
            ]
          ],
          [
            [
              [
                119.7283840360001,
                11.445057691000045
              ],
              [
                119.72700752500009,
                11.433046754000031
              ],
              [
                119.73610448700003,
                11.43106002500002
              ],
              [
                119.74951909700009,
                11.416809306000061
              ],
              [
                119.76029114800008,
                11.419541743000021
              ],
              [
                119.76082241600011,
                11.404332838000071
              ],
              [
                119.7717613750001,
                11.398473447000072
              ],
              [
                119.78075986600004,
                11.404238026000026
              ],
              [
                119.77486893900003,
                11.41316295100006
              ],
              [
                119.78587038600007,
                11.42562575300008
              ],
              [
                119.79626777700003,
                11.423080233000066
              ],
              [
                119.80119880000007,
                11.416683689000024
              ],
              [
                119.811471202,
                11.425618482000061
              ],
              [
                119.82170986900007,
                11.42882205100005
              ],
              [
                119.82588686000007,
                11.419313096000051
              ],
              [
                119.81597925800008,
                11.415053516000057
              ],
              [
                119.81030101200008,
                11.402454064000038
              ],
              [
                119.81452908900009,
                11.387116263000054
              ],
              [
                119.80849921400011,
                11.379253311000069
              ],
              [
                119.81956498900003,
                11.37648725400004
              ],
              [
                119.83080181100001,
                11.377970466000022
              ],
              [
                119.8304669910001,
                11.390827233000035
              ],
              [
                119.84329991200003,
                11.40891193300007
              ],
              [
                119.85131665400002,
                11.413571697000064
              ],
              [
                119.86018970500002,
                11.435507291000023
              ],
              [
                119.86142853900003,
                11.446965158000069
              ],
              [
                119.86857325000005,
                11.45324181700005
              ],
              [
                119.86234720000004,
                11.463749982000024
              ],
              [
                119.87120564200006,
                11.491302556000049
              ],
              [
                119.86842683500004,
                11.506232225000074
              ],
              [
                119.85631789100012,
                11.507036395000055
              ],
              [
                119.84546947800004,
                11.515705513000057
              ],
              [
                119.83023216200003,
                11.50925373800004
              ],
              [
                119.81479117300013,
                11.519437159000061
              ],
              [
                119.81469230300003,
                11.508758342000023
              ],
              [
                119.82761906200005,
                11.505064271000036
              ],
              [
                119.83305181700008,
                11.497293856000057
              ],
              [
                119.84029593000004,
                11.49793154800005
              ],
              [
                119.84751581600005,
                11.486197678000053
              ],
              [
                119.84413766400007,
                11.476135237000051
              ],
              [
                119.8333736400001,
                11.473222159000043
              ],
              [
                119.83535909200009,
                11.460204291000027
              ],
              [
                119.82977563200006,
                11.455980071000052
              ],
              [
                119.82096221400002,
                11.468681850000051
              ],
              [
                119.81158230300002,
                11.471153571000059
              ],
              [
                119.80707968500009,
                11.464549107000039
              ],
              [
                119.81448878300012,
                11.455098283000039
              ],
              [
                119.80102117900003,
                11.451878247000023
              ],
              [
                119.78443305300006,
                11.47991988800004
              ],
              [
                119.76835094300009,
                11.480212212000025
              ],
              [
                119.76571404700007,
                11.470883586000069
              ],
              [
                119.77802247800004,
                11.469850797000047
              ],
              [
                119.78595655800007,
                11.465407531000038
              ],
              [
                119.78273689100001,
                11.452699197000072
              ],
              [
                119.7750412800001,
                11.459252071000035
              ],
              [
                119.76491052900009,
                11.451203013000056
              ],
              [
                119.74437982000006,
                11.457119659000055
              ],
              [
                119.7390595380001,
                11.466399184000066
              ],
              [
                119.72743381600004,
                11.466322106000064
              ],
              [
                119.72933598800013,
                11.47596520700006
              ],
              [
                119.71530822500006,
                11.472008655000023
              ],
              [
                119.71451666400003,
                11.46575689800005
              ],
              [
                119.7283840360001,
                11.445057691000045
              ]
            ]
          ],
          [
            [
              [
                119.68369097300001,
                11.486597363000042
              ],
              [
                119.68778598300003,
                11.50375667600002
              ],
              [
                119.67861481900003,
                11.502066448000052
              ],
              [
                119.68369097300001,
                11.486597363000042
              ]
            ]
          ],
          [
            [
              [
                119.88487135200013,
                11.487266124000032
              ],
              [
                119.89967067600001,
                11.487510537000048
              ],
              [
                119.89920060700003,
                11.499791397000022
              ],
              [
                119.89058625100006,
                11.50381075800004
              ],
              [
                119.88157019400002,
                11.491270303000022
              ],
              [
                119.88487135200013,
                11.487266124000032
              ]
            ]
          ],
          [
            [
              [
                120.15555700700008,
                11.431560804000073
              ],
              [
                120.17456596100011,
                11.437897611000038
              ],
              [
                120.18251298900009,
                11.448270067000063
              ],
              [
                120.19732512200007,
                11.44966966800007
              ],
              [
                120.19630666500007,
                11.45544492500005
              ],
              [
                120.184152229,
                11.463215198000059
              ],
              [
                120.17813860000001,
                11.460712141000045
              ],
              [
                120.16325979300005,
                11.43772013300003
              ],
              [
                120.15555700700008,
                11.431560804000073
              ]
            ]
          ],
          [
            [
              [
                120.82975960000009,
                11.44997782000007
              ],
              [
                120.82480787100008,
                11.441818170000031
              ],
              [
                120.83028870300006,
                11.421573261000045
              ],
              [
                120.83453497200003,
                11.41759570200003
              ],
              [
                120.85072765600013,
                11.428930088000069
              ],
              [
                120.8330870100001,
                11.444536939000045
              ],
              [
                120.82975960000009,
                11.44997782000007
              ]
            ]
          ],
          [
            [
              [
                119.50141256300004,
                11.425380922000045
              ],
              [
                119.50660417200005,
                11.438786023000032
              ],
              [
                119.49569429000007,
                11.438567364000052
              ],
              [
                119.50141256300004,
                11.425380922000045
              ]
            ]
          ],
          [
            [
              [
                119.65953840900012,
                11.39557640700002
              ],
              [
                119.65268948000006,
                11.411730064000038
              ],
              [
                119.64156648700009,
                11.41094408300006
              ],
              [
                119.65164600700008,
                11.398878636000063
              ],
              [
                119.65953840900012,
                11.39557640700002
              ]
            ]
          ],
          [
            [
              [
                117.19226196500006,
                8.330327765000048
              ],
              [
                117.202590299,
                8.331071219000023
              ],
              [
                117.213199571,
                8.339917496000055
              ],
              [
                117.21854262300008,
                8.350889926000034
              ],
              [
                117.21162165500006,
                8.35503222400007
              ],
              [
                117.22941055800004,
                8.362364530000036
              ],
              [
                117.24020061200008,
                8.370675104000043
              ],
              [
                117.26485255000013,
                8.409419654000033
              ],
              [
                117.27347903900011,
                8.412680864000036
              ],
              [
                117.28337692600007,
                8.41040791200004
              ],
              [
                117.290443922,
                8.425353200000075
              ],
              [
                117.31355920700003,
                8.441729440000072
              ],
              [
                117.31998273500007,
                8.450707496000065
              ],
              [
                117.33073698600003,
                8.45428011000007
              ],
              [
                117.36609274400008,
                8.479821098000059
              ],
              [
                117.37307421200002,
                8.489404033000026
              ],
              [
                117.3818652340001,
                8.492959833000043
              ],
              [
                117.39743755400002,
                8.489272988000039
              ],
              [
                117.4145658130001,
                8.499626009000051
              ],
              [
                117.42583026500004,
                8.49806745400002
              ],
              [
                117.43147439000008,
                8.50329429200002
              ],
              [
                117.43946201200004,
                8.500584591000061
              ],
              [
                117.4532309970001,
                8.505432679000025
              ],
              [
                117.45254070800002,
                8.516272744000048
              ],
              [
                117.46511920900004,
                8.517500659000065
              ],
              [
                117.46287670900006,
                8.509293355000064
              ],
              [
                117.47863046500004,
                8.508114885000056
              ],
              [
                117.48611967100008,
                8.49469015200003
              ],
              [
                117.50114933200007,
                8.50105290500005
              ],
              [
                117.5138412770001,
                8.533883933000027
              ],
              [
                117.5279260200001,
                8.556342602000031
              ],
              [
                117.53814921400011,
                8.565440451000029
              ],
              [
                117.5470894780001,
                8.596792179000035
              ],
              [
                117.53914473600004,
                8.615289713000037
              ],
              [
                117.53085479400012,
                8.625196067000049
              ],
              [
                117.53885082800004,
                8.63565604200005
              ],
              [
                117.5354078780001,
                8.639994851000042
              ],
              [
                117.55395742400003,
                8.65764819900005
              ],
              [
                117.56383547600002,
                8.672109855000029
              ],
              [
                117.57093423300013,
                8.675832001000058
              ],
              [
                117.58904312700008,
                8.672442873000021
              ],
              [
                117.6037748530001,
                8.66322880100006
              ],
              [
                117.62414865500013,
                8.657228287000066
              ],
              [
                117.6454555360001,
                8.66603225700004
              ],
              [
                117.67417916500004,
                8.669239590000075
              ],
              [
                117.68340053000009,
                8.679635494000024
              ],
              [
                117.70130680400008,
                8.686733053000069
              ],
              [
                117.71381634700002,
                8.682640331000073
              ],
              [
                117.74190526800011,
                8.686958493000075
              ],
              [
                117.7592463520001,
                8.704731904000027
              ],
              [
                117.77935209600001,
                8.71418490800005
              ],
              [
                117.78538199700006,
                8.72762550400006
              ],
              [
                117.80257032700001,
                8.753521858000054
              ],
              [
                117.806993594,
                8.765912264000063
              ],
              [
                117.82216568400007,
                8.77460043900004
              ],
              [
                117.83955278900011,
                8.77087655400004
              ],
              [
                117.85334144100011,
                8.788151363000056
              ],
              [
                117.86212135500011,
                8.791501152000023
              ],
              [
                117.863331764,
                8.798921808000046
              ],
              [
                117.87317721600006,
                8.817480891000061
              ],
              [
                117.88212960300008,
                8.81874583800004
              ],
              [
                117.88506041600009,
                8.82679684200002
              ],
              [
                117.89689237200004,
                8.831174740000053
              ],
              [
                117.90788191800004,
                8.843055881000053
              ],
              [
                117.9191547060001,
                8.845934522000045
              ],
              [
                117.92627028700008,
                8.843014529000072
              ],
              [
                117.93144631700012,
                8.850631306000025
              ],
              [
                117.94017393,
                8.853904651000052
              ],
              [
                117.94842275300005,
                8.86409757200005
              ],
              [
                117.96346488700011,
                8.872436995000045
              ],
              [
                117.98140920800007,
                8.869739090000055
              ],
              [
                117.98986736800009,
                8.881375915000033
              ],
              [
                118.00351801800004,
                8.881273704000021
              ],
              [
                118.00903306600003,
                8.895734851000043
              ],
              [
                118.024562779,
                8.921592630000019
              ],
              [
                118.02995025200005,
                8.94505687800006
              ],
              [
                118.04035011000009,
                8.94727381700005
              ],
              [
                118.06047647600006,
                8.98629393300007
              ],
              [
                118.05513465800006,
                8.990457344000053
              ],
              [
                118.06739763200005,
                8.998567390000058
              ],
              [
                118.05969833900006,
                9.008959384000036
              ],
              [
                118.07362546900004,
                9.00888502500004
              ],
              [
                118.08086658400009,
                9.014326547000053
              ],
              [
                118.08553305600003,
                9.030202554000025
              ],
              [
                118.07754305800007,
                9.037571754000055
              ],
              [
                118.07722024500005,
                9.046680691000063
              ],
              [
                118.08959853400006,
                9.053131757000076
              ],
              [
                118.0940709340001,
                9.045670699000027
              ],
              [
                118.10238962900007,
                9.052021484000019
              ],
              [
                118.10194077200002,
                9.061322522000069
              ],
              [
                118.10616583200012,
                9.07836961600003
              ],
              [
                118.10503078100008,
                9.102799152000046
              ],
              [
                118.11476892400005,
                9.11591240100006
              ],
              [
                118.12201352600006,
                9.142825825000044
              ],
              [
                118.13330812100004,
                9.148716108000029
              ],
              [
                118.13957042200002,
                9.14630700600003
              ],
              [
                118.14533810000012,
                9.136545948000046
              ],
              [
                118.15199455600009,
                9.144864410000025
              ],
              [
                118.17438455800003,
                9.154992658000028
              ],
              [
                118.1816638040001,
                9.151713034000068
              ],
              [
                118.20947744600004,
                9.168917547000035
              ],
              [
                118.21603673200003,
                9.168217508000055
              ],
              [
                118.22033038900008,
                9.157519119000026
              ],
              [
                118.2446741540001,
                9.164953045000061
              ],
              [
                118.267763639,
                9.175646489000028
              ],
              [
                118.29594307200011,
                9.18265554200002
              ],
              [
                118.30938558000003,
                9.18198268700007
              ],
              [
                118.32945129200004,
                9.17387235800004
              ],
              [
                118.34283907300006,
                9.17774418500005
              ],
              [
                118.36060564,
                9.195948954000073
              ],
              [
                118.36227562700003,
                9.209062429000028
              ],
              [
                118.37107198700006,
                9.214357041000026
              ],
              [
                118.39808183000002,
                9.24320116200005
              ],
              [
                118.4161984760001,
                9.245778345000074
              ],
              [
                118.420519097,
                9.263820891000023
              ],
              [
                118.42634842700011,
                9.274460865000039
              ],
              [
                118.4355509410001,
                9.280957659000025
              ],
              [
                118.4441314940001,
                9.277570173000072
              ],
              [
                118.45249986800003,
                9.291698489000057
              ],
              [
                118.4600036170001,
                9.29853009200002
              ],
              [
                118.47315348300003,
                9.302871950000053
              ],
              [
                118.48462151900003,
                9.298813873000027
              ],
              [
                118.49559861600007,
                9.307298091000064
              ],
              [
                118.49948684900005,
                9.321206875000032
              ],
              [
                118.50576690000004,
                9.329889302000026
              ],
              [
                118.516846879,
                9.331388662000053
              ],
              [
                118.52536914400004,
                9.354743337000059
              ],
              [
                118.54432447800002,
                9.369974933000037
              ],
              [
                118.53613674500002,
                9.371558392000054
              ],
              [
                118.53774696200003,
                9.388674387000037
              ],
              [
                118.55436192600007,
                9.410327934000065
              ],
              [
                118.5684969030001,
                9.420398958000021
              ],
              [
                118.56569604600008,
                9.423902356000042
              ],
              [
                118.574574417,
                9.442578785000022
              ],
              [
                118.58687551400008,
                9.442199419000074
              ],
              [
                118.58643370000006,
                9.455351452000059
              ],
              [
                118.6031325450001,
                9.462653548000047
              ],
              [
                118.61100129300007,
                9.485013499000047
              ],
              [
                118.62291592300005,
                9.488138529000024
              ],
              [
                118.62207986300008,
                9.505238916000055
              ],
              [
                118.62899073200003,
                9.508998052000038
              ],
              [
                118.637806392,
                9.504737924000038
              ],
              [
                118.64437398300002,
                9.514865932000019
              ],
              [
                118.64530460700006,
                9.527065160000065
              ],
              [
                118.65288240100006,
                9.538373525000052
              ],
              [
                118.6550926650001,
                9.550402496000062
              ],
              [
                118.66074944800005,
                9.559793249000052
              ],
              [
                118.67492726800003,
                9.561979798000038
              ],
              [
                118.67881487900002,
                9.569979878000028
              ],
              [
                118.69531847500002,
                9.584766012000044
              ],
              [
                118.69577498700006,
                9.591597773000046
              ],
              [
                118.70354834800004,
                9.61041701100004
              ],
              [
                118.722323716,
                9.625857359000065
              ],
              [
                118.734732957,
                9.642067616000077
              ],
              [
                118.72094327300009,
                9.648422922000066
              ],
              [
                118.72246286000006,
                9.65752383000006
              ],
              [
                118.73466857100004,
                9.653520488000026
              ],
              [
                118.7405199430001,
                9.662324020000028
              ],
              [
                118.7477345740001,
                9.657253222000064
              ],
              [
                118.76059294900006,
                9.666600343000027
              ],
              [
                118.7619447720001,
                9.687291197000034
              ],
              [
                118.7559254470001,
                9.690337460000023
              ],
              [
                118.74466365900003,
                9.682602117000044
              ],
              [
                118.73125360900008,
                9.684150476000067
              ],
              [
                118.7325933080001,
                9.698175844000046
              ],
              [
                118.72399982500009,
                9.695064800000067
              ],
              [
                118.71961947000013,
                9.684603163000077
              ],
              [
                118.70754330000013,
                9.680894023000063
              ],
              [
                118.72462465100011,
                9.70814524800005
              ],
              [
                118.69944205600008,
                9.708872523000025
              ],
              [
                118.69451117300004,
                9.723253587000045
              ],
              [
                118.70065522200004,
                9.728695593000053
              ],
              [
                118.697139418,
                9.743925080000055
              ],
              [
                118.69317176800008,
                9.748040304000027
              ],
              [
                118.69166256000007,
                9.769642779000035
              ],
              [
                118.70649575300001,
                9.775358608000033
              ],
              [
                118.7144876860001,
                9.770657293000054
              ],
              [
                118.7356848390001,
                9.773436901000025
              ],
              [
                118.73373582900001,
                9.761212278000073
              ],
              [
                118.73686073500005,
                9.74445399700005
              ],
              [
                118.72750089300007,
                9.741954894000061
              ],
              [
                118.73354666000013,
                9.72971526200007
              ],
              [
                118.75655249300007,
                9.727060876000051
              ],
              [
                118.76887049200003,
                9.721559278000028
              ],
              [
                118.7726911310001,
                9.728759030000049
              ],
              [
                118.7719580810001,
                9.767922346000033
              ],
              [
                118.77373767000006,
                9.771425335000059
              ],
              [
                118.77197933100003,
                9.805950923000069
              ],
              [
                118.76436583800013,
                9.815941469000053
              ],
              [
                118.75388774300006,
                9.81863025000007
              ],
              [
                118.75604841300003,
                9.827164089000066
              ],
              [
                118.741742604,
                9.844382341000028
              ],
              [
                118.7457128730001,
                9.857480182000073
              ],
              [
                118.74316137400002,
                9.866279744000053
              ],
              [
                118.74740446900012,
                9.882567278000066
              ],
              [
                118.74104554800012,
                9.896524113000055
              ],
              [
                118.74609137200002,
                9.912414196000041
              ],
              [
                118.7578691100001,
                9.932005317000062
              ],
              [
                118.76996629100005,
                9.929117154000036
              ],
              [
                118.77474789700011,
                9.939184430000068
              ],
              [
                118.7914317960001,
                9.94487657600007
              ],
              [
                118.79807167100012,
                9.939605027000026
              ],
              [
                118.82255668800008,
                9.938104153000038
              ],
              [
                118.84177547400009,
                9.962149143000033
              ],
              [
                118.85322624900004,
                9.971851993000028
              ],
              [
                118.881859598,
                9.98126744500007
              ],
              [
                118.89723949900008,
                9.979414374000042
              ],
              [
                118.91250193600001,
                9.974749907000046
              ],
              [
                118.92483284300009,
                9.97978487000006
              ],
              [
                118.93925174300011,
                9.977982936000046
              ],
              [
                118.94965985400006,
                9.98369014900004
              ],
              [
                118.96136762800005,
                9.983197459000051
              ],
              [
                118.9837852600001,
                9.986234675000048
              ],
              [
                119.00321048400009,
                9.997265147000062
              ],
              [
                119.0223532010001,
                9.998169436000067
              ],
              [
                119.03031758100008,
                10.004182091000073
              ],
              [
                119.07200837000006,
                10.01248470400003
              ],
              [
                119.07771982800013,
                10.018166431000054
              ],
              [
                119.106767869,
                10.023440434000065
              ],
              [
                119.14698617200008,
                10.025992009000051
              ],
              [
                119.16605291300006,
                10.032536882000045
              ],
              [
                119.1807461210001,
                10.043345288000069
              ],
              [
                119.19711689400005,
                10.047823479000044
              ],
              [
                119.20346742800008,
                10.06145953500004
              ],
              [
                119.21614630800002,
                10.074231174000033
              ],
              [
                119.21893590900004,
                10.088516105000055
              ],
              [
                119.21877087200004,
                10.103269587000055
              ],
              [
                119.22717710500001,
                10.118737873000045
              ],
              [
                119.22415046800006,
                10.139048870000066
              ],
              [
                119.23140898800011,
                10.149033112000039
              ],
              [
                119.22886617200002,
                10.16737931500006
              ],
              [
                119.23429852400011,
                10.178181006000043
              ],
              [
                119.2465550500001,
                10.181854460000068
              ],
              [
                119.2420632950001,
                10.194650175000048
              ],
              [
                119.24990779600012,
                10.215711946000058
              ],
              [
                119.267061398,
                10.240011751000054
              ],
              [
                119.28496190800003,
                10.255674724000073
              ],
              [
                119.28568669500011,
                10.263340365000033
              ],
              [
                119.29445093800007,
                10.283697551000044
              ],
              [
                119.30040233800004,
                10.284735903000069
              ],
              [
                119.3217578860001,
                10.30850074600005
              ],
              [
                119.33213536400001,
                10.314979052000067
              ],
              [
                119.352461951,
                10.315052385000055
              ],
              [
                119.35565800600011,
                10.328696126000068
              ],
              [
                119.36516760300005,
                10.340381293000066
              ],
              [
                119.38031221900009,
                10.346187398000039
              ],
              [
                119.39054814300003,
                10.344275544000025
              ],
              [
                119.4058829380001,
                10.347184038000023
              ],
              [
                119.41488240900004,
                10.35553150000004
              ],
              [
                119.42778439700011,
                10.352194394000037
              ],
              [
                119.43450961000008,
                10.355873799000051
              ],
              [
                119.44538022500002,
                10.369933856000044
              ],
              [
                119.46331728000007,
                10.375855618000056
              ],
              [
                119.47488994500009,
                10.370324933000065
              ],
              [
                119.48482708400003,
                10.372583753000072
              ],
              [
                119.49711198800003,
                10.36587603500004
              ],
              [
                119.52151262000007,
                10.363264785000068
              ],
              [
                119.53613906300006,
                10.369495849000032
              ],
              [
                119.57069413300007,
                10.37316712100005
              ],
              [
                119.57592148800006,
                10.400685485000055
              ],
              [
                119.58813523700007,
                10.419817453000064
              ],
              [
                119.59488919300009,
                10.42180958800003
              ],
              [
                119.61959866000007,
                10.442136702000028
              ],
              [
                119.63114003200009,
                10.443175820000024
              ],
              [
                119.65292698400003,
                10.461074127000074
              ],
              [
                119.65825372100004,
                10.471849226000074
              ],
              [
                119.67679518500005,
                10.49260724800007
              ],
              [
                119.69592247000003,
                10.492989613000077
              ],
              [
                119.71731490700004,
                10.509287198000036
              ],
              [
                119.71613284800003,
                10.519653490000053
              ],
              [
                119.70796610000004,
                10.531972356000042
              ],
              [
                119.69954943500012,
                10.526315752000075
              ],
              [
                119.69796113300005,
                10.538950054000052
              ],
              [
                119.69107371300004,
                10.544231349000027
              ],
              [
                119.670950016,
                10.54710449000004
              ],
              [
                119.673852667,
                10.55627564900004
              ],
              [
                119.66179002900003,
                10.560639468000032
              ],
              [
                119.66301853700008,
                10.573396084000024
              ],
              [
                119.65332153700001,
                10.598358543000076
              ],
              [
                119.64532612000004,
                10.60674864400005
              ],
              [
                119.6396804640001,
                10.622717540000053
              ],
              [
                119.63660424800003,
                10.641307187000052
              ],
              [
                119.62718520400007,
                10.653746664000037
              ],
              [
                119.64485306900009,
                10.657251813000073
              ],
              [
                119.64826259000006,
                10.664628745000071
              ],
              [
                119.64553604600007,
                10.676468764000047
              ],
              [
                119.63224319500011,
                10.686452683000027
              ],
              [
                119.6249274500001,
                10.669756419000066
              ],
              [
                119.61201251000011,
                10.664025856000022
              ],
              [
                119.60196893500006,
                10.670306734000066
              ],
              [
                119.59303248900005,
                10.661867734000054
              ],
              [
                119.587390012,
                10.669192018000047
              ],
              [
                119.57591336100008,
                10.65925783500006
              ],
              [
                119.57043093600011,
                10.665955216000043
              ],
              [
                119.57523839600005,
                10.678806721000058
              ],
              [
                119.58636495500004,
                10.686964414000045
              ],
              [
                119.58469656700004,
                10.69355145400004
              ],
              [
                119.59514733000005,
                10.708816202000035
              ],
              [
                119.593101486,
                10.718997966000073
              ],
              [
                119.60085634600011,
                10.725105513000074
              ],
              [
                119.58976477700001,
                10.734671801000047
              ],
              [
                119.58701335800004,
                10.74583596600007
              ],
              [
                119.59456570100008,
                10.759594743000036
              ],
              [
                119.59398995400011,
                10.771191826000061
              ],
              [
                119.58285177000005,
                10.773384720000024
              ],
              [
                119.59532078000008,
                10.798142397000051
              ],
              [
                119.59078094900009,
                10.807469560000072
              ],
              [
                119.59905537300006,
                10.813615302000072
              ],
              [
                119.58645884300007,
                10.836754265000026
              ],
              [
                119.57478886800003,
                10.838432822000074
              ],
              [
                119.55080807500008,
                10.826452679000056
              ],
              [
                119.53309716700007,
                10.814521736000072
              ],
              [
                119.52332732400009,
                10.826678668000055
              ],
              [
                119.51062670700003,
                10.82911582500003
              ],
              [
                119.5091237250001,
                10.84035565600004
              ],
              [
                119.51279143800002,
                10.845980489000052
              ],
              [
                119.509123412,
                10.861163488000043
              ],
              [
                119.48409554400007,
                10.873523718000056
              ],
              [
                119.4839231510001,
                10.881010663000039
              ],
              [
                119.490004182,
                10.891895941000028
              ],
              [
                119.49258788300007,
                10.912194764000047
              ],
              [
                119.49894671800007,
                10.925129391000041
              ],
              [
                119.49522313600005,
                10.941002739000055
              ],
              [
                119.49623140200003,
                10.948564220000035
              ],
              [
                119.48751828700006,
                10.961451826000028
              ],
              [
                119.49369210100008,
                10.963981011000044
              ],
              [
                119.49266304500009,
                10.990507415000023
              ],
              [
                119.49905852300004,
                10.995269622000022
              ],
              [
                119.50231278000003,
                11.007514337000028
              ],
              [
                119.52062031800006,
                11.016036023000026
              ],
              [
                119.52432908400009,
                11.010344403000033
              ],
              [
                119.5372480000001,
                11.013656440000034
              ],
              [
                119.54628579300005,
                11.00038414000005
              ],
              [
                119.56829796800004,
                11.000847316000032
              ],
              [
                119.56615057200007,
                11.024220281000055
              ],
              [
                119.55874141100003,
                11.041705542000045
              ],
              [
                119.55790836100005,
                11.053431909000036
              ],
              [
                119.55112284300004,
                11.062017360000029
              ],
              [
                119.559671126,
                11.075689594000039
              ],
              [
                119.5601880060001,
                11.084503417000066
              ],
              [
                119.53746344700005,
                11.06881461300003
              ],
              [
                119.53096062600002,
                11.075731795000026
              ],
              [
                119.5311051540001,
                11.083253723000038
              ],
              [
                119.5252086580001,
                11.093673862000058
              ],
              [
                119.512249988,
                11.098080246000054
              ],
              [
                119.51010509200012,
                11.116885671000034
              ],
              [
                119.50239699400004,
                11.125465423000035
              ],
              [
                119.50051873100004,
                11.134188353000068
              ],
              [
                119.50652042700005,
                11.145445313000039
              ],
              [
                119.51499156300007,
                11.14716730500004
              ],
              [
                119.52801634400011,
                11.159813374000066
              ],
              [
                119.53828922000004,
                11.17472606700005
              ],
              [
                119.54055942200011,
                11.196939347000068
              ],
              [
                119.55466389400009,
                11.21764250800004
              ],
              [
                119.55520686000013,
                11.239724024000054
              ],
              [
                119.56289112200012,
                11.25758396100002
              ],
              [
                119.566292458,
                11.27170234500005
              ],
              [
                119.56464086400001,
                11.280772383000054
              ],
              [
                119.56792755600009,
                11.291647956000078
              ],
              [
                119.56235640500007,
                11.298900694000055
              ],
              [
                119.56138617400006,
                11.31190601900005
              ],
              [
                119.55588161900005,
                11.318867453000049
              ],
              [
                119.55174762300011,
                11.336428626000043
              ],
              [
                119.54513507500006,
                11.334802700000068
              ],
              [
                119.5367978920001,
                11.321802545000025
              ],
              [
                119.51666669800012,
                11.326254829000051
              ],
              [
                119.508932,
                11.336583448000056
              ],
              [
                119.51124409700003,
                11.346641159000058
              ],
              [
                119.50724285000001,
                11.35648354700004
              ],
              [
                119.5098076910001,
                11.36451672100003
              ],
              [
                119.50510230400006,
                11.379587309000042
              ],
              [
                119.50855862800006,
                11.400642144000072
              ],
              [
                119.4980125830001,
                11.418415164000065
              ],
              [
                119.47423503800007,
                11.421907452000024
              ],
              [
                119.47774972800003,
                11.404889025000044
              ],
              [
                119.46954280300008,
                11.403135621000047
              ],
              [
                119.47719408300009,
                11.375326020000044
              ],
              [
                119.47258767700009,
                11.362546508000037
              ],
              [
                119.46405297000001,
                11.352548877000059
              ],
              [
                119.45144905500001,
                11.348011561000021
              ],
              [
                119.45380175800007,
                11.33482037500005
              ],
              [
                119.44288340400011,
                11.335100727000055
              ],
              [
                119.43672099300012,
                11.343454817000064
              ],
              [
                119.42579873700004,
                11.31781577500004
              ],
              [
                119.41683906900005,
                11.311305275000048
              ],
              [
                119.41770297500011,
                11.28812986300005
              ],
              [
                119.42019835000009,
                11.277133598000033
              ],
              [
                119.41812428400011,
                11.266280364000066
              ],
              [
                119.42065670700003,
                11.257271538000056
              ],
              [
                119.4150254210001,
                11.249822732000041
              ],
              [
                119.4221192130001,
                11.237674059000028
              ],
              [
                119.42135410300011,
                11.22732529600006
              ],
              [
                119.415965345,
                11.222449566000021
              ],
              [
                119.41736813500007,
                11.21304838000003
              ],
              [
                119.39615963800009,
                11.195872005000068
              ],
              [
                119.39161362200004,
                11.182100640000046
              ],
              [
                119.37597439500007,
                11.17453801200003
              ],
              [
                119.39232598700005,
                11.170352955000054
              ],
              [
                119.39676197500013,
                11.165569950000078
              ],
              [
                119.39670541100008,
                11.146682501000043
              ],
              [
                119.40487144200006,
                11.144157065000059
              ],
              [
                119.42161331200009,
                11.14795888700007
              ],
              [
                119.42686294600003,
                11.13912559300007
              ],
              [
                119.42120470800013,
                11.127981162000024
              ],
              [
                119.423951181,
                11.109443217000035
              ],
              [
                119.41831621100005,
                11.097282221000057
              ],
              [
                119.42215137900007,
                11.080998001000067
              ],
              [
                119.41552192000007,
                11.077065922000031
              ],
              [
                119.41609491500004,
                11.05778516500004
              ],
              [
                119.41440237500002,
                11.036481427000068
              ],
              [
                119.39302337700008,
                11.034948279000048
              ],
              [
                119.3754476690001,
                11.04233505100007
              ],
              [
                119.36623513600011,
                11.04913747100005
              ],
              [
                119.35713763600006,
                11.06668744500007
              ],
              [
                119.3463366940001,
                11.07407610200005
              ],
              [
                119.33500230100003,
                11.099162482000052
              ],
              [
                119.32654965500002,
                11.094051558000046
              ],
              [
                119.32542218100002,
                11.078633235000039
              ],
              [
                119.3279152440001,
                11.060255572000074
              ],
              [
                119.33248123500003,
                11.050572394000026
              ],
              [
                119.3280869260001,
                11.038975185000028
              ],
              [
                119.33350083400002,
                11.031034723000062
              ],
              [
                119.34182586600002,
                11.033520278000024
              ],
              [
                119.36366969800008,
                11.00612330700005
              ],
              [
                119.35798254400002,
                10.999573193000058
              ],
              [
                119.34786723600008,
                11.002607298000044
              ],
              [
                119.34795296900005,
                10.99090922200003
              ],
              [
                119.3385118660001,
                10.995386488000067
              ],
              [
                119.33038868500012,
                11.00965806100004
              ],
              [
                119.32965535200005,
                11.024628036000022
              ],
              [
                119.32040017600002,
                11.03238162900004
              ],
              [
                119.30431438300002,
                11.005697674000032
              ],
              [
                119.30939448500008,
                10.984830302000034
              ],
              [
                119.30854690400008,
                10.96366537700004
              ],
              [
                119.31838950600002,
                10.944350387000041
              ],
              [
                119.32742837800004,
                10.936742415000026
              ],
              [
                119.33798590900007,
                10.945267361000047
              ],
              [
                119.35539260900009,
                10.946149633000061
              ],
              [
                119.3611885890001,
                10.937914685000067
              ],
              [
                119.34914058700008,
                10.91561910100006
              ],
              [
                119.34188193300008,
                10.910145445000067
              ],
              [
                119.3411454520001,
                10.902329592000056
              ],
              [
                119.35925362600005,
                10.873101781000058
              ],
              [
                119.36396679400002,
                10.874066741000036
              ],
              [
                119.37445840400007,
                10.861721478000046
              ],
              [
                119.38677199300002,
                10.86929660900006
              ],
              [
                119.41298107400007,
                10.871940122000067
              ],
              [
                119.41851576100011,
                10.86648665300004
              ],
              [
                119.4166137630001,
                10.857845788000077
              ],
              [
                119.43197561000011,
                10.848083540000061
              ],
              [
                119.4418214740001,
                10.845006301000069
              ],
              [
                119.45008600400003,
                10.847831004000058
              ],
              [
                119.454472472,
                10.841341037000063
              ],
              [
                119.45020871700001,
                10.82789103500005
              ],
              [
                119.43838870700007,
                10.823152996000033
              ],
              [
                119.4395328610001,
                10.796138897000047
              ],
              [
                119.44444664400011,
                10.78471003000004
              ],
              [
                119.44512129400003,
                10.768751121000038
              ],
              [
                119.45075628700012,
                10.761617792000038
              ],
              [
                119.45334687700007,
                10.747888410000028
              ],
              [
                119.45877022600008,
                10.73896221900003
              ],
              [
                119.46049434500003,
                10.722948317000034
              ],
              [
                119.45387074100007,
                10.720809997000059
              ],
              [
                119.44233035400009,
                10.725335708000046
              ],
              [
                119.42894727600002,
                10.72191252300007
              ],
              [
                119.42744531300002,
                10.740588352000032
              ],
              [
                119.41824838800007,
                10.758262872000046
              ],
              [
                119.4073406440001,
                10.75266712700005
              ],
              [
                119.396710846,
                10.756001744000061
              ],
              [
                119.40364913200004,
                10.772508807000067
              ],
              [
                119.39221433300008,
                10.780059034000033
              ],
              [
                119.38554184600002,
                10.794142048000023
              ],
              [
                119.36739566300001,
                10.789452742000034
              ],
              [
                119.36323938100008,
                10.803475993000065
              ],
              [
                119.35078946300008,
                10.806360222000023
              ],
              [
                119.34193517200005,
                10.814143929000068
              ],
              [
                119.32406259500009,
                10.817192555000076
              ],
              [
                119.32422124000006,
                10.826603627000052
              ],
              [
                119.3121893770001,
                10.829242086000022
              ],
              [
                119.29290136800013,
                10.84481628000003
              ],
              [
                119.28796497100006,
                10.852580864000057
              ],
              [
                119.29290314500008,
                10.872802723000063
              ],
              [
                119.27005224600009,
                10.865317110000035
              ],
              [
                119.27501788300005,
                10.884167140000047
              ],
              [
                119.28882361700003,
                10.882831501000055
              ],
              [
                119.2968957170001,
                10.892956198000036
              ],
              [
                119.27768193300004,
                10.892373488000034
              ],
              [
                119.28455483900008,
                10.912795158000051
              ],
              [
                119.28287673300008,
                10.92268738300004
              ],
              [
                119.27588934500012,
                10.923207914000043
              ],
              [
                119.27406283800008,
                10.935088318000053
              ],
              [
                119.26345092900011,
                10.944628558000032
              ],
              [
                119.25118535500008,
                10.930266852000042
              ],
              [
                119.2595848530001,
                10.918770381000055
              ],
              [
                119.25461606000012,
                10.913126228000065
              ],
              [
                119.24376001500002,
                10.91054319500006
              ],
              [
                119.24549905300013,
                10.921522204000038
              ],
              [
                119.23579346000008,
                10.92886323600004
              ],
              [
                119.24421873400001,
                10.94564271300004
              ],
              [
                119.23881066700007,
                10.952228765000031
              ],
              [
                119.22935785200004,
                10.948089120000077
              ],
              [
                119.22076870400008,
                10.951379531000041
              ],
              [
                119.21704692800007,
                10.937695871000074
              ],
              [
                119.22812997800007,
                10.93878387700005
              ],
              [
                119.23237876700013,
                10.932572144000059
              ],
              [
                119.22442109200006,
                10.914766141000033
              ],
              [
                119.22934742000005,
                10.903823276000024
              ],
              [
                119.24147711100011,
                10.907641076000061
              ],
              [
                119.24989535200005,
                10.90309448000005
              ],
              [
                119.25905686400006,
                10.890284234000033
              ],
              [
                119.24358643500011,
                10.882611518000033
              ],
              [
                119.23783147700011,
                10.873129052000024
              ],
              [
                119.23609045400008,
                10.854274729000052
              ],
              [
                119.21002998600012,
                10.86011572800004
              ],
              [
                119.212252164,
                10.84664580100002
              ],
              [
                119.22308128000009,
                10.849395552000031
              ],
              [
                119.23110316900012,
                10.841031813000031
              ],
              [
                119.24134593300006,
                10.845941568000057
              ],
              [
                119.24158756000008,
                10.833386404000068
              ],
              [
                119.25201214900007,
                10.83791407900003
              ],
              [
                119.26525984400007,
                10.825360815000067
              ],
              [
                119.26065234500005,
                10.81895021200006
              ],
              [
                119.26424900300005,
                10.810147671000035
              ],
              [
                119.26198427300005,
                10.801393756000039
              ],
              [
                119.26716627300004,
                10.78032898300006
              ],
              [
                119.27505004400008,
                10.764524035000024
              ],
              [
                119.30312273100003,
                10.775435054000067
              ],
              [
                119.31789121200006,
                10.769395168000075
              ],
              [
                119.32414012800007,
                10.760112367000035
              ],
              [
                119.32320406400004,
                10.746735452000053
              ],
              [
                119.32909373900009,
                10.74691248800002
              ],
              [
                119.34266719200002,
                10.735804763000033
              ],
              [
                119.34346088000007,
                10.715168686000025
              ],
              [
                119.34054743900003,
                10.697177284000079
              ],
              [
                119.33006327500004,
                10.669267997000077
              ],
              [
                119.32703406200007,
                10.640241666000062
              ],
              [
                119.31760845100007,
                10.613846916000055
              ],
              [
                119.32430839100006,
                10.608153663000055
              ],
              [
                119.3182603890001,
                10.590779605000023
              ],
              [
                119.30934868600002,
                10.582631099000025
              ],
              [
                119.30585995000003,
                10.57433897800007
              ],
              [
                119.29237591900004,
                10.556569326000044
              ],
              [
                119.28446129400004,
                10.54956945400005
              ],
              [
                119.2659595790001,
                10.538816828000048
              ],
              [
                119.25603745700005,
                10.536968593000038
              ],
              [
                119.24754185200005,
                10.545414214000061
              ],
              [
                119.23853404500005,
                10.544354488000067
              ],
              [
                119.23939740700008,
                10.531616424000049
              ],
              [
                119.24832490900009,
                10.533557646000075
              ],
              [
                119.2534801600001,
                10.525299135000068
              ],
              [
                119.26498719500012,
                10.51860120400005
              ],
              [
                119.26854661300003,
                10.50707769200005
              ],
              [
                119.26291122400005,
                10.50220528500006
              ],
              [
                119.25540266400002,
                10.483593241000051
              ],
              [
                119.22672492000004,
                10.486068938000074
              ],
              [
                119.21439570600013,
                10.475630636000062
              ],
              [
                119.21283245300003,
                10.46000484500007
              ],
              [
                119.19104870500009,
                10.452194615000053
              ],
              [
                119.18796113300006,
                10.433280943000057
              ],
              [
                119.17742580500011,
                10.42720163200005
              ],
              [
                119.17880912800001,
                10.415834208000039
              ],
              [
                119.17378256600013,
                10.409789353000063
              ],
              [
                119.16399442700003,
                10.413119779000056
              ],
              [
                119.14403022400005,
                10.398831818000076
              ],
              [
                119.139059341,
                10.381394607000061
              ],
              [
                119.12920851,
                10.38393434100004
              ],
              [
                119.12017390300002,
                10.395262045000038
              ],
              [
                119.1148190780001,
                10.406930153000076
              ],
              [
                119.11372128200004,
                10.422709519000021
              ],
              [
                119.11912611300012,
                10.445115229000068
              ],
              [
                119.11381404200006,
                10.446256281000041
              ],
              [
                119.11083718800012,
                10.459599340000068
              ],
              [
                119.10375665500011,
                10.467806337000066
              ],
              [
                119.113088145,
                10.474115725000047
              ],
              [
                119.09697031500002,
                10.482755078000025
              ],
              [
                119.09102400100004,
                10.47063974300005
              ],
              [
                119.0903294950001,
                10.45199748600004
              ],
              [
                119.09380784000008,
                10.44271937600007
              ],
              [
                119.10492628400006,
                10.434951458000052
              ],
              [
                119.09731728000008,
                10.427687661000052
              ],
              [
                119.09661793600002,
                10.420585868000044
              ],
              [
                119.08485462300006,
                10.421928362000072
              ],
              [
                119.07002974200009,
                10.416204211000034
              ],
              [
                119.07626031000005,
                10.409298801000034
              ],
              [
                119.0731486000001,
                10.397333967000062
              ],
              [
                119.05719964300012,
                10.386423664000061
              ],
              [
                119.04885957800003,
                10.390750003000052
              ],
              [
                119.03635278900002,
                10.408833784000022
              ],
              [
                119.02419332200009,
                10.416500196000074
              ],
              [
                119.0213480980001,
                10.407858990000022
              ],
              [
                119.00145875400004,
                10.40255034200004
              ],
              [
                118.99540258200012,
                10.410812183000075
              ],
              [
                118.9867027480001,
                10.407121332000033
              ],
              [
                118.9910987940001,
                10.390763814000021
              ],
              [
                118.98129316700012,
                10.386905093000053
              ],
              [
                118.98355090800008,
                10.376856295000037
              ],
              [
                118.96829338600003,
                10.363481188000035
              ],
              [
                118.97556938100001,
                10.356070424000048
              ],
              [
                118.9868166330001,
                10.351417200000068
              ],
              [
                118.99601234600003,
                10.353461505000041
              ],
              [
                119.00686934900011,
                10.371563661000039
              ],
              [
                119.01863837500002,
                10.375389713000061
              ],
              [
                119.0201714630001,
                10.350146848000064
              ],
              [
                119.01186065600007,
                10.343435516000055
              ],
              [
                118.99657166100008,
                10.321872800000051
              ],
              [
                119.00145192800005,
                10.316677851000065
              ],
              [
                118.99094380100007,
                10.301476283000056
              ],
              [
                118.97805506900012,
                10.298975339000036
              ],
              [
                118.97115812000004,
                10.288551476000064
              ],
              [
                118.95889396300004,
                10.28303984100006
              ],
              [
                118.95052519600004,
                10.29389977900007
              ],
              [
                118.94171038500009,
                10.291520193000052
              ],
              [
                118.95106042900011,
                10.277030995000073
              ],
              [
                118.95941739500007,
                10.275136187000044
              ],
              [
                118.95104340000013,
                10.256299501000056
              ],
              [
                118.9506964540001,
                10.241205104000075
              ],
              [
                118.94363912100005,
                10.219864091000032
              ],
              [
                118.93648759500002,
                10.20577775300006
              ],
              [
                118.92672596500007,
                10.200444485000046
              ],
              [
                118.91544034300011,
                10.20140189600005
              ],
              [
                118.89718570900004,
                10.196290431000023
              ],
              [
                118.8807303970001,
                10.209037704000021
              ],
              [
                118.86219267500006,
                10.209455679000026
              ],
              [
                118.85007603200005,
                10.202828863000036
              ],
              [
                118.8445236780001,
                10.190085510000074
              ],
              [
                118.83116246200007,
                10.186357530000066
              ],
              [
                118.81679710900005,
                10.196284355000047
              ],
              [
                118.80608380800004,
                10.192632269000057
              ],
              [
                118.80830714500007,
                10.184233822000067
              ],
              [
                118.80470512800002,
                10.174015218000024
              ],
              [
                118.81227008300004,
                10.164631154000059
              ],
              [
                118.80923416600001,
                10.152468602000056
              ],
              [
                118.81343952300006,
                10.132722936000048
              ],
              [
                118.80741316100013,
                10.124164414000063
              ],
              [
                118.81022310600008,
                10.111396713000032
              ],
              [
                118.8270128350001,
                10.111490783000024
              ],
              [
                118.83005717200001,
                10.102728695000053
              ],
              [
                118.82331602700003,
                10.093582787000061
              ],
              [
                118.8214498980001,
                10.081853837000036
              ],
              [
                118.80915518300004,
                10.062444492000056
              ],
              [
                118.80647575900004,
                10.051868188000071
              ],
              [
                118.809767511,
                10.03476485400006
              ],
              [
                118.80815629300002,
                10.028180729000038
              ],
              [
                118.79560022400005,
                10.03252726100004
              ],
              [
                118.79589881900006,
                10.02335099800007
              ],
              [
                118.77451903400005,
                10.024450365000064
              ],
              [
                118.77307308000002,
                10.038289514000041
              ],
              [
                118.77616898500003,
                10.049587646000075
              ],
              [
                118.77304623200007,
                10.061359154000057
              ],
              [
                118.75215400500007,
                10.06484019000004
              ],
              [
                118.74317749700002,
                10.072413133000055
              ],
              [
                118.74663873400004,
                10.079242119000073
              ],
              [
                118.77383096000004,
                10.070986850000052
              ],
              [
                118.77351128100008,
                10.085780286000045
              ],
              [
                118.76705384500009,
                10.087735394000049
              ],
              [
                118.77158316200007,
                10.102397881000059
              ],
              [
                118.763588174,
                10.11398950800003
              ],
              [
                118.74659775900011,
                10.106350152000063
              ],
              [
                118.745830866,
                10.08481192000005
              ],
              [
                118.73706720400004,
                10.080879578000062
              ],
              [
                118.72529400600001,
                10.059316565000074
              ],
              [
                118.72763991800004,
                10.043046289000074
              ],
              [
                118.72147976500003,
                10.035079865000059
              ],
              [
                118.70937828100013,
                10.03287485000004
              ],
              [
                118.7039238430001,
                10.038383544000055
              ],
              [
                118.69476414600001,
                10.022692681000025
              ],
              [
                118.68471928900011,
                10.013319010000034
              ],
              [
                118.6731155780001,
                10.01206145800006
              ],
              [
                118.66310769800009,
                10.00564782900005
              ],
              [
                118.66060880100008,
                9.998572241000032
              ],
              [
                118.64926668300006,
                9.999769394000056
              ],
              [
                118.652182175,
                9.982736477000058
              ],
              [
                118.66336100400008,
                9.975446338000038
              ],
              [
                118.65474563900011,
                9.96468421500003
              ],
              [
                118.6468152120001,
                9.964072683000039
              ],
              [
                118.64789041000006,
                9.95312697300005
              ],
              [
                118.64228142700006,
                9.947540803000036
              ],
              [
                118.64598631600008,
                9.937721488000022
              ],
              [
                118.61925093500008,
                9.91581821200003
              ],
              [
                118.60992701300006,
                9.916161936000039
              ],
              [
                118.60642985800007,
                9.90810842300004
              ],
              [
                118.61417441200001,
                9.888184416000056
              ],
              [
                118.60619905700003,
                9.871529703000018
              ],
              [
                118.59435536600006,
                9.867886789000067
              ],
              [
                118.588921808,
                9.855846730000053
              ],
              [
                118.57614750100004,
                9.848180435000073
              ],
              [
                118.56918126800008,
                9.847500382000023
              ],
              [
                118.56833757800008,
                9.834682202000065
              ],
              [
                118.55380124400007,
                9.816136520000043
              ],
              [
                118.54065985200009,
                9.806378584000072
              ],
              [
                118.54092378700011,
                9.800698997000037
              ],
              [
                118.5217736210001,
                9.777284723000033
              ],
              [
                118.51222529300003,
                9.760783814000035
              ],
              [
                118.50249027800011,
                9.759274952000053
              ],
              [
                118.49101248700003,
                9.749941910000077
              ],
              [
                118.4754326010001,
                9.732640199000059
              ],
              [
                118.462755248,
                9.733170013000063
              ],
              [
                118.4559584970001,
                9.726967866000052
              ],
              [
                118.44867150500009,
                9.727814756000043
              ],
              [
                118.44301574600001,
                9.720151756000064
              ],
              [
                118.4327900410001,
                9.715038804000072
              ],
              [
                118.42268230200011,
                9.703311327000048
              ],
              [
                118.419732113,
                9.69474810500003
              ],
              [
                118.40914953900005,
                9.686928297000065
              ],
              [
                118.40707057500005,
                9.663829399000067
              ],
              [
                118.39177124600008,
                9.66269153100006
              ],
              [
                118.38526643900003,
                9.652700075000043
              ],
              [
                118.37340446500004,
                9.64493331500006
              ],
              [
                118.35519467900008,
                9.656344344000047
              ],
              [
                118.34070939300013,
                9.64894268100005
              ],
              [
                118.33095488100004,
                9.630659741000045
              ],
              [
                118.34099109800003,
                9.615964035000047
              ],
              [
                118.33389157400006,
                9.591432596000063
              ],
              [
                118.32835423600011,
                9.580321588000059
              ],
              [
                118.3107475170001,
                9.573637362000058
              ],
              [
                118.29525114800003,
                9.559168667000053
              ],
              [
                118.289072228,
                9.549883886000032
              ],
              [
                118.28650675200004,
                9.538753945000053
              ],
              [
                118.27655487100002,
                9.531387729000071
              ],
              [
                118.27136265200011,
                9.521310654000045
              ],
              [
                118.25391648800007,
                9.514865295000051
              ],
              [
                118.2442966320001,
                9.50788662700006
              ],
              [
                118.23660467200011,
                9.49197857300004
              ],
              [
                118.23020399700012,
                9.496011933000034
              ],
              [
                118.21163184700005,
                9.486397431000055
              ],
              [
                118.20543286100008,
                9.473945929000024
              ],
              [
                118.19934713700002,
                9.473107908000028
              ],
              [
                118.19836457600003,
                9.458500111000033
              ],
              [
                118.18920583800002,
                9.437978042000056
              ],
              [
                118.18912220600009,
                9.421085845000052
              ],
              [
                118.18613211200011,
                9.411007157000025
              ],
              [
                118.1723911690001,
                9.402097539000067
              ],
              [
                118.16548448700009,
                9.403605027000026
              ],
              [
                118.14278956800001,
                9.395497249000073
              ],
              [
                118.12908577700011,
                9.398199158000068
              ],
              [
                118.12637337000002,
                9.381535535000067
              ],
              [
                118.11644032100003,
                9.375141436000034
              ],
              [
                118.11675969600003,
                9.367920259000075
              ],
              [
                118.12445408600001,
                9.356940705000058
              ],
              [
                118.12652813900003,
                9.342495458000025
              ],
              [
                118.11605160300007,
                9.339778719000035
              ],
              [
                118.10571485800006,
                9.328452398000024
              ],
              [
                118.09961923600008,
                9.33841202100007
              ],
              [
                118.08786521700004,
                9.334086079000032
              ],
              [
                118.08993095200003,
                9.323793501000067
              ],
              [
                118.08691778100001,
                9.31607291200004
              ],
              [
                118.0734500640001,
                9.311961549000046
              ],
              [
                118.07240328500006,
                9.303476235000062
              ],
              [
                118.06588069700001,
                9.299690938000026
              ],
              [
                118.05193909800006,
                9.300014098000077
              ],
              [
                118.04680516600001,
                9.295055982000063
              ],
              [
                118.04999731600005,
                9.281420685000057
              ],
              [
                118.03762152000002,
                9.277570590000039
              ],
              [
                118.02265750600007,
                9.262379972000074
              ],
              [
                118.02792846300008,
                9.252875336000047
              ],
              [
                118.02111466000007,
                9.244348813000045
              ],
              [
                118.01286308400006,
                9.24172399100007
              ],
              [
                118.00447647600004,
                9.246631396000055
              ],
              [
                117.99228157100005,
                9.238887359000046
              ],
              [
                117.97794302900002,
                9.251691205000041
              ],
              [
                117.97932010400007,
                9.263569329000063
              ],
              [
                117.98527165300005,
                9.270579554000053
              ],
              [
                117.9823733830001,
                9.280002707000051
              ],
              [
                117.9725625100001,
                9.271912364000059
              ],
              [
                117.96234483800002,
                9.270334768000053
              ],
              [
                117.94658352400006,
                9.252042559000074
              ],
              [
                117.94245697200006,
                9.258037667000053
              ],
              [
                117.92949821000003,
                9.252623852000056
              ],
              [
                117.92278397900007,
                9.26140276600006
              ],
              [
                117.9059648860001,
                9.26118459600002
              ],
              [
                117.88343862200009,
                9.244200973000032
              ],
              [
                117.88462778400003,
                9.234875751000061
              ],
              [
                117.87207639800009,
                9.228044537000073
              ],
              [
                117.86550204500008,
                9.213941832000048
              ],
              [
                117.85544343800005,
                9.217517641000027
              ],
              [
                117.84684205900011,
                9.206639694000048
              ],
              [
                117.83481188700013,
                9.201112829000067
              ],
              [
                117.82701396300003,
                9.189176278000046
              ],
              [
                117.80845342200008,
                9.194526966000069
              ],
              [
                117.80447968800001,
                9.181450546000065
              ],
              [
                117.79752202800013,
                9.176151806000064
              ],
              [
                117.78805316300009,
                9.176025429000049
              ],
              [
                117.77573074500003,
                9.164873870000065
              ],
              [
                117.77806973300005,
                9.152703520000044
              ],
              [
                117.77705725600003,
                9.137018263000073
              ],
              [
                117.76799624200011,
                9.135444647000043
              ],
              [
                117.76191598500009,
                9.128087795000054
              ],
              [
                117.75911007500007,
                9.112144321000073
              ],
              [
                117.75418295700003,
                9.109353483000065
              ],
              [
                117.75881574200002,
                9.094789327000056
              ],
              [
                117.75175977200001,
                9.083665761000077
              ],
              [
                117.7520561330001,
                9.07685129400005
              ],
              [
                117.74519197000006,
                9.067691352000052
              ],
              [
                117.73299620500008,
                9.06294656600005
              ],
              [
                117.72149642200009,
                9.069459281000034
              ],
              [
                117.71193803300002,
                9.060256266000067
              ],
              [
                117.69975717000013,
                9.070459981000054
              ],
              [
                117.7002937100001,
                9.079034635000026
              ],
              [
                117.69152870200004,
                9.08918906100007
              ],
              [
                117.6892410700001,
                9.075875887000054
              ],
              [
                117.674038052,
                9.069136480000052
              ],
              [
                117.66372294900009,
                9.073955730000023
              ],
              [
                117.659342121,
                9.066254059000073
              ],
              [
                117.6397792910001,
                9.048250254000036
              ],
              [
                117.6318780260001,
                9.04450292100006
              ],
              [
                117.62991608400012,
                9.034269119000042
              ],
              [
                117.62144068500004,
                9.030113454000059
              ],
              [
                117.62146731700012,
                8.999535212000065
              ],
              [
                117.60988064200002,
                8.993587895000076
              ],
              [
                117.59468196800003,
                8.98040647300007
              ],
              [
                117.58348604000004,
                8.96229875600005
              ],
              [
                117.57196984900008,
                8.956703576000052
              ],
              [
                117.54741453500003,
                8.956657273000076
              ],
              [
                117.54422605000003,
                8.935368197000058
              ],
              [
                117.53186441500009,
                8.927601571000027
              ],
              [
                117.52918206200002,
                8.920988350000073
              ],
              [
                117.51092882400006,
                8.906993199000055
              ],
              [
                117.5062321920001,
                8.894687309000062
              ],
              [
                117.4909206640001,
                8.888314330000071
              ],
              [
                117.49366506300011,
                8.874796842000023
              ],
              [
                117.47953680700004,
                8.856239215000073
              ],
              [
                117.46778343700011,
                8.852890950000074
              ],
              [
                117.4652388740001,
                8.838538213000048
              ],
              [
                117.45626350900012,
                8.824770181000078
              ],
              [
                117.45515372800003,
                8.810544659000072
              ],
              [
                117.44883605700012,
                8.810820986000065
              ],
              [
                117.43121560100008,
                8.80169343400007
              ],
              [
                117.41924218400005,
                8.785826771000075
              ],
              [
                117.4254828160001,
                8.771928452000054
              ],
              [
                117.42090846100008,
                8.756777133000073
              ],
              [
                117.4087240990001,
                8.751781557000072
              ],
              [
                117.39506662400002,
                8.751694487000066
              ],
              [
                117.38691170000004,
                8.748312566000036
              ],
              [
                117.37756392800009,
                8.75049317300005
              ],
              [
                117.3687807650001,
                8.746788163000074
              ],
              [
                117.35759996800003,
                8.73436722300005
              ],
              [
                117.34894117200008,
                8.73153172700006
              ],
              [
                117.3466231230001,
                8.713227608000066
              ],
              [
                117.32650751100003,
                8.698176626000077
              ],
              [
                117.33323063500006,
                8.690036862000055
              ],
              [
                117.32709681100005,
                8.673600590000033
              ],
              [
                117.30993414600006,
                8.667452370000033
              ],
              [
                117.29430699000012,
                8.654547770000024
              ],
              [
                117.27911163400007,
                8.628189809000046
              ],
              [
                117.27712832000009,
                8.606765499000062
              ],
              [
                117.27042733400003,
                8.604218543000057
              ],
              [
                117.2619920200001,
                8.61008057500004
              ],
              [
                117.25361097000008,
                8.605683134000062
              ],
              [
                117.26518434700007,
                8.581025226000065
              ],
              [
                117.25977571000008,
                8.573843874000033
              ],
              [
                117.24711728500004,
                8.568423316000061
              ],
              [
                117.24353797700006,
                8.559102819000033
              ],
              [
                117.23492520000002,
                8.548946585000065
              ],
              [
                117.23960646900002,
                8.539124054000068
              ],
              [
                117.22093743800009,
                8.525858490000074
              ],
              [
                117.2245765870001,
                8.514636097000052
              ],
              [
                117.22220096100013,
                8.506907973000066
              ],
              [
                117.21428845600009,
                8.501541412000051
              ],
              [
                117.21118073600007,
                8.489097490000063
              ],
              [
                117.21897316200013,
                8.477826698000058
              ],
              [
                117.21409359900008,
                8.464292941000052
              ],
              [
                117.21625106000012,
                8.44760166700007
              ],
              [
                117.21470898300004,
                8.430325159000063
              ],
              [
                117.20687288600006,
                8.425030182000057
              ],
              [
                117.20355512000003,
                8.413570491000028
              ],
              [
                117.19564846300011,
                8.40892051700007
              ],
              [
                117.18629210300003,
                8.383304090000024
              ],
              [
                117.17738698900007,
                8.368599954000047
              ],
              [
                117.17357486500009,
                8.351346319000072
              ],
              [
                117.17424600900006,
                8.340622559000051
              ],
              [
                117.18187861900005,
                8.332586315000071
              ],
              [
                117.19226196500006,
                8.330327765000048
              ]
            ]
          ],
          [
            [
              [
                120.09007005900004,
                11.37531691600003
              ],
              [
                120.09108792600011,
                11.365757245000053
              ],
              [
                120.10816217500006,
                11.364194518000032
              ],
              [
                120.11370660400006,
                11.377677364000021
              ],
              [
                120.10705307500005,
                11.38641990600007
              ],
              [
                120.09007005900004,
                11.37531691600003
              ]
            ]
          ],
          [
            [
              [
                119.6748787460001,
                11.264503052000062
              ],
              [
                119.68105169300009,
                11.271988374000047
              ],
              [
                119.67872084700002,
                11.281901288000029
              ],
              [
                119.68989582100004,
                11.29524823200006
              ],
              [
                119.69607791100009,
                11.311991149000049
              ],
              [
                119.69058156400001,
                11.325549048000026
              ],
              [
                119.6834784460001,
                11.321471202000051
              ],
              [
                119.67548929300006,
                11.308244521000063
              ],
              [
                119.66323170400007,
                11.309256764000052
              ],
              [
                119.65647060300012,
                11.29943255300003
              ],
              [
                119.65707313000007,
                11.292212753000056
              ],
              [
                119.665889278,
                11.268924533000074
              ],
              [
                119.6748787460001,
                11.264503052000062
              ]
            ]
          ],
          [
            [
              [
                120.68477018500005,
                11.32051630600006
              ],
              [
                120.67714783200007,
                11.318520016000038
              ],
              [
                120.67727429500007,
                11.308385872000033
              ],
              [
                120.687411827,
                11.297861986000044
              ],
              [
                120.69720413200002,
                11.31526775900005
              ],
              [
                120.68477018500005,
                11.32051630600006
              ]
            ]
          ],
          [
            [
              [
                119.6241799730001,
                11.231387485000026
              ],
              [
                119.627012582,
                11.243718131000039
              ],
              [
                119.63419667000004,
                11.25820619500007
              ],
              [
                119.62623991500004,
                11.263684072000046
              ],
              [
                119.61980988800008,
                11.237352705000033
              ],
              [
                119.6241799730001,
                11.231387485000026
              ]
            ]
          ],
          [
            [
              [
                119.69654375100004,
                11.228731185000072
              ],
              [
                119.71238071000006,
                11.243773623000036
              ],
              [
                119.72983983400002,
                11.252514495000067
              ],
              [
                119.71545644600008,
                11.258610645000033
              ],
              [
                119.70762088000004,
                11.24785295900006
              ],
              [
                119.70163383500005,
                11.247117894000041
              ],
              [
                119.69654375100004,
                11.228731185000072
              ]
            ]
          ],
          [
            [
              [
                120.93440081900009,
                11.258193661000064
              ],
              [
                120.928476659,
                11.255165356000077
              ],
              [
                120.923480798,
                11.243053034000068
              ],
              [
                120.92594741200003,
                11.234367337000037
              ],
              [
                120.93389330600009,
                11.231037356000058
              ],
              [
                120.94059802800005,
                11.234950664000054
              ],
              [
                120.9435857530001,
                11.251598331000022
              ],
              [
                120.93440081900009,
                11.258193661000064
              ]
            ]
          ],
          [
            [
              [
                119.34640228300009,
                11.226392082000077
              ],
              [
                119.34057976600002,
                11.216024331000028
              ],
              [
                119.34575585900008,
                11.209347370000044
              ],
              [
                119.357717621,
                11.208703447000062
              ],
              [
                119.36688221000009,
                11.201415682000059
              ],
              [
                119.3763157320001,
                11.203332075000045
              ],
              [
                119.37540600400007,
                11.217263030000025
              ],
              [
                119.3596267800001,
                11.218941972000037
              ],
              [
                119.35389410500012,
                11.236874470000028
              ],
              [
                119.355379071,
                11.245158243000049
              ],
              [
                119.34648437300008,
                11.24671426100002
              ],
              [
                119.34640228300009,
                11.226392082000077
              ]
            ]
          ],
          [
            [
              [
                119.27032266300012,
                11.188330152000047
              ],
              [
                119.2722344660001,
                11.196709326000075
              ],
              [
                119.26651057000004,
                11.219605095000079
              ],
              [
                119.2591245430001,
                11.226483674000066
              ],
              [
                119.25380214500002,
                11.214719518000038
              ],
              [
                119.26356784000006,
                11.203253648000045
              ],
              [
                119.27032266300012,
                11.188330152000047
              ]
            ]
          ],
          [
            [
              [
                119.28242390000003,
                11.13657834500003
              ],
              [
                119.28450878400008,
                11.15583971500007
              ],
              [
                119.28278035300004,
                11.163254265000035
              ],
              [
                119.28852310800005,
                11.16994508400006
              ],
              [
                119.29046739100012,
                11.183693393000055
              ],
              [
                119.2774937690001,
                11.187017557000045
              ],
              [
                119.28175343900013,
                11.175611240000022
              ],
              [
                119.27976759900002,
                11.144292122000024
              ],
              [
                119.28242390000003,
                11.13657834500003
              ]
            ]
          ],
          [
            [
              [
                119.5645321490001,
                11.137952776000079
              ],
              [
                119.57387975000007,
                11.139092551000035
              ],
              [
                119.58466324200005,
                11.147064693000061
              ],
              [
                119.59249915200009,
                11.14146071700003
              ],
              [
                119.60171879400002,
                11.159451197000067
              ],
              [
                119.60617950200005,
                11.150651934000049
              ],
              [
                119.62509588800003,
                11.162078350000057
              ],
              [
                119.63090239700011,
                11.175007387000049
              ],
              [
                119.62493005300007,
                11.189003290000072
              ],
              [
                119.60512896000012,
                11.193105024000031
              ],
              [
                119.59207451000009,
                11.19330825000003
              ],
              [
                119.58959281800001,
                11.17493672000006
              ],
              [
                119.58195934700007,
                11.17936609000003
              ],
              [
                119.564305912,
                11.179715489000044
              ],
              [
                119.55613454600007,
                11.173240365000026
              ],
              [
                119.55557535000003,
                11.151696697000032
              ],
              [
                119.5645321490001,
                11.137952776000079
              ]
            ]
          ],
          [
            [
              [
                120.95483011400006,
                11.132120023000027
              ],
              [
                120.96596420700007,
                11.133666032000066
              ],
              [
                120.97451045000003,
                11.145738852000022
              ],
              [
                120.98734085600006,
                11.154200958000045
              ],
              [
                120.9876783320001,
                11.167989745000055
              ],
              [
                120.97851369100012,
                11.173862042000055
              ],
              [
                120.961537356,
                11.161428178000053
              ],
              [
                120.94758436200004,
                11.160132171000045
              ],
              [
                120.93841399300005,
                11.153240027000036
              ],
              [
                120.93849580900007,
                11.143839801000068
              ],
              [
                120.94563768500007,
                11.13511094200004
              ],
              [
                120.95483011400006,
                11.132120023000027
              ]
            ]
          ],
          [
            [
              [
                119.31946543700008,
                11.158928563000073
              ],
              [
                119.30960668800003,
                11.155708300000072
              ],
              [
                119.3049022240001,
                11.145306909000055
              ],
              [
                119.3174567430001,
                11.143831251000051
              ],
              [
                119.32421932700005,
                11.152701459000069
              ],
              [
                119.31946543700008,
                11.158928563000073
              ]
            ]
          ],
          [
            [
              [
                119.6761080760001,
                11.10128448100005
              ],
              [
                119.68258671000001,
                11.103138667000051
              ],
              [
                119.68806348700002,
                11.081975873000031
              ],
              [
                119.697276825,
                11.093810118000022
              ],
              [
                119.69798242500009,
                11.102521316000036
              ],
              [
                119.69119633400011,
                11.106963345000054
              ],
              [
                119.69241852300001,
                11.118872744000043
              ],
              [
                119.68653385100004,
                11.124764485000073
              ],
              [
                119.6754241090001,
                11.125365163000025
              ],
              [
                119.66702198400002,
                11.12171313500005
              ],
              [
                119.6761080760001,
                11.10128448100005
              ]
            ]
          ],
          [
            [
              [
                119.63344957800008,
                10.994886948000044
              ],
              [
                119.6358817260001,
                11.009756713000057
              ],
              [
                119.64230122600009,
                11.015757679000048
              ],
              [
                119.64262700700012,
                11.024870940000026
              ],
              [
                119.62516920100006,
                11.036835061000032
              ],
              [
                119.61701170800008,
                11.065960490000064
              ],
              [
                119.62100082100007,
                11.088451242000076
              ],
              [
                119.60633928200004,
                11.083065401000056
              ],
              [
                119.60047043900009,
                11.091240286000073
              ],
              [
                119.58953390300009,
                11.087560051000024
              ],
              [
                119.58066814500013,
                11.090742105000059
              ],
              [
                119.56020757700001,
                11.062664794000057
              ],
              [
                119.56170017000011,
                11.04311591900006
              ],
              [
                119.57026117800001,
                11.043513282000049
              ],
              [
                119.57868035000001,
                11.03710140000004
              ],
              [
                119.5985351370001,
                11.031817194000041
              ],
              [
                119.59746994700004,
                11.011752303000035
              ],
              [
                119.61050786600003,
                11.004990422000049
              ],
              [
                119.62222862300007,
                11.022440317000072
              ],
              [
                119.63344957800008,
                10.994886948000044
              ]
            ]
          ],
          [
            [
              [
                119.39096954300008,
                11.099521147000077
              ],
              [
                119.38669343700008,
                11.093421792000068
              ],
              [
                119.39009814400004,
                11.085682421000056
              ],
              [
                119.40824722900003,
                11.082847210000066
              ],
              [
                119.40233150200004,
                11.092208649000042
              ],
              [
                119.39096954300008,
                11.099521147000077
              ]
            ]
          ],
          [
            [
              [
                119.69660914400004,
                11.067238621000056
              ],
              [
                119.6859610890001,
                11.065961861000062
              ],
              [
                119.67186793900008,
                11.055049150000057
              ],
              [
                119.67166656100007,
                11.032728855000071
              ],
              [
                119.67468798500009,
                11.029071385000066
              ],
              [
                119.68669632300009,
                11.046533104000048
              ],
              [
                119.69117385500012,
                11.04694757200002
              ],
              [
                119.69660914400004,
                11.067238621000056
              ]
            ]
          ],
          [
            [
              [
                119.70782804500004,
                11.057490573000049
              ],
              [
                119.69872273000009,
                11.053195905000049
              ],
              [
                119.69849972500003,
                11.031124086000032
              ],
              [
                119.7028462390001,
                11.02656478600005
              ],
              [
                119.71809276200008,
                11.034469374000025
              ],
              [
                119.71445974200003,
                11.054794257000026
              ],
              [
                119.70782804500004,
                11.057490573000049
              ]
            ]
          ],
          [
            [
              [
                119.73084588400002,
                11.029956572000064
              ],
              [
                119.72722871300004,
                11.017771113000036
              ],
              [
                119.73646187300005,
                11.007992476000027
              ],
              [
                119.74635519700007,
                11.016796616000022
              ],
              [
                119.73084588400002,
                11.029956572000064
              ]
            ]
          ],
          [
            [
              [
                119.27979685000003,
                10.956905745000027
              ],
              [
                119.29196328100011,
                10.948058464000042
              ],
              [
                119.30051666700001,
                10.956671465000058
              ],
              [
                119.29279620900002,
                10.966413777000069
              ],
              [
                119.28902862900009,
                10.98349981800004
              ],
              [
                119.29943250600002,
                10.99994360200003
              ],
              [
                119.29968993100012,
                11.010821215000021
              ],
              [
                119.29356987400001,
                11.021963118000029
              ],
              [
                119.27327652100008,
                11.014337073000037
              ],
              [
                119.268996119,
                11.003351447000053
              ],
              [
                119.27406572100007,
                10.997249968000064
              ],
              [
                119.26262756800008,
                10.984694335000025
              ],
              [
                119.2686052890001,
                10.976716880000028
              ],
              [
                119.27071917500008,
                10.959433229000068
              ],
              [
                119.27979685000003,
                10.956905745000027
              ]
            ]
          ],
          [
            [
              [
                120.94586413500008,
                10.973822719000053
              ],
              [
                120.95898477100003,
                10.974772193000033
              ],
              [
                120.96338474900004,
                10.986212297000066
              ],
              [
                120.95305194100001,
                10.998466286000053
              ],
              [
                120.93998830900011,
                10.994583750000064
              ],
              [
                120.93830621700012,
                10.985098799000072
              ],
              [
                120.94586413500008,
                10.973822719000053
              ]
            ]
          ],
          [
            [
              [
                121.21050843600004,
                10.971509140000023
              ],
              [
                121.2249358040001,
                10.965451928000048
              ],
              [
                121.23179912400009,
                10.973482918000059
              ],
              [
                121.2194169290001,
                10.980131562000054
              ],
              [
                121.21050843600004,
                10.971509140000023
              ]
            ]
          ],
          [
            [
              [
                120.71882999800005,
                10.963728281000042
              ],
              [
                120.72783850500002,
                10.954072555000037
              ],
              [
                120.73313966400009,
                10.968198801000028
              ],
              [
                120.72235174000002,
                10.971477842000068
              ],
              [
                120.71882999800005,
                10.963728281000042
              ]
            ]
          ],
          [
            [
              [
                119.71337255400009,
                10.937050981000029
              ],
              [
                119.71572425400007,
                10.954969118000063
              ],
              [
                119.70602540900006,
                10.955044836000068
              ],
              [
                119.70928939200007,
                10.938594694000072
              ],
              [
                119.71337255400009,
                10.937050981000029
              ]
            ]
          ],
          [
            [
              [
                121.00117496000007,
                10.83823986000004
              ],
              [
                121.00596358000007,
                10.818559611000067
              ],
              [
                121.01266037700009,
                10.806054566000057
              ],
              [
                121.0257443050001,
                10.798788633000072
              ],
              [
                121.03943435700012,
                10.798623529000052
              ],
              [
                121.04962254800012,
                10.80835303800006
              ],
              [
                121.05522718200008,
                10.805097677000049
              ],
              [
                121.06545684700005,
                10.808134601000061
              ],
              [
                121.05896726500009,
                10.840121420000058
              ],
              [
                121.08103309500008,
                10.852314685000065
              ],
              [
                121.0775308210001,
                10.867603196000063
              ],
              [
                121.06138247900003,
                10.87546762100004
              ],
              [
                121.06177175800008,
                10.883671389000028
              ],
              [
                121.07600732900005,
                10.890009604000058
              ],
              [
                121.07990477100009,
                10.895248637000062
              ],
              [
                121.07550204400002,
                10.905791091000026
              ],
              [
                121.06760515200006,
                10.90795923400003
              ],
              [
                121.0518662720001,
                10.90491398700004
              ],
              [
                121.05312012500008,
                10.882755278000047
              ],
              [
                121.00637703500003,
                10.855062665000048
              ],
              [
                121.00728003200003,
                10.843104891000053
              ],
              [
                121.00117496000007,
                10.83823986000004
              ]
            ]
          ],
          [
            [
              [
                119.34577588900004,
                10.880221113000058
              ],
              [
                119.33202907700002,
                10.876457051000044
              ],
              [
                119.34353541400004,
                10.86860347600003
              ],
              [
                119.34577588900004,
                10.880221113000058
              ]
            ]
          ],
          [
            [
              [
                119.63356767100004,
                10.85090325500005
              ],
              [
                119.63446783400003,
                10.867545378000045
              ],
              [
                119.62156050100008,
                10.858572675000064
              ],
              [
                119.63356767100004,
                10.85090325500005
              ]
            ]
          ],
          [
            [
              [
                119.63203426000008,
                10.798091377000048
              ],
              [
                119.63953523100008,
                10.802304064000053
              ],
              [
                119.64131768000006,
                10.821388589000035
              ],
              [
                119.63600912100004,
                10.822976150000043
              ],
              [
                119.63006667800006,
                10.835771832000034
              ],
              [
                119.62148797400006,
                10.828723650000025
              ],
              [
                119.63119033900011,
                10.811466776000033
              ],
              [
                119.63203426000008,
                10.798091377000048
              ]
            ]
          ],
          [
            [
              [
                120.97225427100011,
                10.808469112000067
              ],
              [
                120.98366809900007,
                10.812303536000059
              ],
              [
                120.98675486900005,
                10.824333325000055
              ],
              [
                120.98276300100008,
                10.829297368000026
              ],
              [
                120.96484127100007,
                10.825048135000033
              ],
              [
                120.97225427100011,
                10.808469112000067
              ]
            ]
          ],
          [
            [
              [
                120.89291967800011,
                10.732574027000055
              ],
              [
                120.89971764200004,
                10.723323579000064
              ],
              [
                120.90938971800006,
                10.729731921000054
              ],
              [
                120.9038663550001,
                10.73876453400004
              ],
              [
                120.89291967800011,
                10.732574027000055
              ]
            ]
          ],
          [
            [
              [
                119.6936498120001,
                10.683750694000024
              ],
              [
                119.70239611600003,
                10.700295727000025
              ],
              [
                119.69629373000011,
                10.710434028000064
              ],
              [
                119.68872712700009,
                10.708143894000045
              ],
              [
                119.6936498120001,
                10.683750694000024
              ]
            ]
          ],
          [
            [
              [
                120.26520773900005,
                10.717727300000035
              ],
              [
                120.25584709700001,
                10.715202299000053
              ],
              [
                120.25332546500012,
                10.70762922500006
              ],
              [
                120.26627221900003,
                10.695218267000028
              ],
              [
                120.26987023800007,
                10.704993607000063
              ],
              [
                120.26520773900005,
                10.717727300000035
              ]
            ]
          ],
          [
            [
              [
                120.24291785300012,
                10.652625238000041
              ],
              [
                120.25429148,
                10.652004606000046
              ],
              [
                120.25236193900001,
                10.665575953000028
              ],
              [
                120.24544161800009,
                10.667215414000053
              ],
              [
                120.24291785300012,
                10.652625238000041
              ]
            ]
          ],
          [
            [
              [
                119.80489726300004,
                10.441252330000053
              ],
              [
                119.81525598800009,
                10.442902668000041
              ],
              [
                119.83240664800007,
                10.451877042000035
              ],
              [
                119.85055843000009,
                10.458267532000038
              ],
              [
                119.86697321200006,
                10.459131180000044
              ],
              [
                119.8765004070001,
                10.464247150000062
              ],
              [
                119.85840212200004,
                10.478552358000057
              ],
              [
                119.86676003700006,
                10.485874715000023
              ],
              [
                119.8784152390001,
                10.481215574000032
              ],
              [
                119.89663231400004,
                10.479449587000031
              ],
              [
                119.90092818900007,
                10.482344390000039
              ],
              [
                119.91260205800006,
                10.474648337000074
              ],
              [
                119.92348747200003,
                10.483498770000041
              ],
              [
                119.90903579200004,
                10.506595022000056
              ],
              [
                119.9053305110001,
                10.521596266000074
              ],
              [
                119.898062007,
                10.521236827000049
              ],
              [
                119.89662711000007,
                10.53589139100006
              ],
              [
                119.88578187300006,
                10.547639815000025
              ],
              [
                119.88923992400011,
                10.551718281000035
              ],
              [
                119.90176368100003,
                10.547768556000051
              ],
              [
                119.90985961400007,
                10.531597141000079
              ],
              [
                119.913242544,
                10.517633364000062
              ],
              [
                119.9241939860001,
                10.518478420000063
              ],
              [
                119.92890943000009,
                10.505224045000032
              ],
              [
                119.93608315400002,
                10.507443945000032
              ],
              [
                119.93571012800011,
                10.527794568000047
              ],
              [
                119.94847470100002,
                10.518762908000042
              ],
              [
                119.95840995900005,
                10.517499832000052
              ],
              [
                119.97091704600007,
                10.530932875000074
              ],
              [
                119.98080726800004,
                10.529634932000022
              ],
              [
                119.98583004500006,
                10.536574901000051
              ],
              [
                119.97221294100007,
                10.54922040500003
              ],
              [
                119.97836359200006,
                10.569899277000046
              ],
              [
                119.98942101000011,
                10.564762809000056
              ],
              [
                119.98761310000009,
                10.551771760000063
              ],
              [
                119.99880664500006,
                10.557011744000022
              ],
              [
                120.00310869800002,
                10.567195078000053
              ],
              [
                119.99574698700008,
                10.570210755000064
              ],
              [
                119.99047016900012,
                10.57953770100005
              ],
              [
                119.9918949800001,
                10.589686056000064
              ],
              [
                119.983452972,
                10.599544904000027
              ],
              [
                119.97492427800012,
                10.601941786000053
              ],
              [
                119.966098331,
                10.597860294000041
              ],
              [
                119.952013899,
                10.600796947000049
              ],
              [
                119.93927177300009,
                10.607775547000074
              ],
              [
                119.90545534400009,
                10.60081967800005
              ],
              [
                119.89423868000006,
                10.614042601000051
              ],
              [
                119.87528637600008,
                10.624023080000029
              ],
              [
                119.86587431700002,
                10.631866104000038
              ],
              [
                119.84132396300004,
                10.641009080000059
              ],
              [
                119.8382144840001,
                10.652278275000073
              ],
              [
                119.82753266500004,
                10.649863058000049
              ],
              [
                119.83330885400005,
                10.635270991000025
              ],
              [
                119.83413739000002,
                10.612596143000074
              ],
              [
                119.82591319300002,
                10.609289844000042
              ],
              [
                119.82281603000003,
                10.598588080000068
              ],
              [
                119.80469610500006,
                10.587453396000056
              ],
              [
                119.80300030600006,
                10.569279541000071
              ],
              [
                119.7917301110001,
                10.545907885000075
              ],
              [
                119.78137066300009,
                10.559018263000041
              ],
              [
                119.76147621500002,
                10.565102287000057
              ],
              [
                119.75187019400003,
                10.560442991000059
              ],
              [
                119.74991283600004,
                10.549291499000049
              ],
              [
                119.74357209900006,
                10.542276216000062
              ],
              [
                119.74421101700011,
                10.529701816000056
              ],
              [
                119.76334143400003,
                10.531166504000055
              ],
              [
                119.76421927800004,
                10.513150626000025
              ],
              [
                119.76863112900003,
                10.505889610000054
              ],
              [
                119.76529850600004,
                10.494922219000046
              ],
              [
                119.76679172800004,
                10.480469160000037
              ],
              [
                119.76260460900006,
                10.463948583000045
              ],
              [
                119.77400306100004,
                10.450589290000039
              ],
              [
                119.78100470900007,
                10.45356580200007
              ],
              [
                119.79672772900007,
                10.451796175000029
              ],
              [
                119.80489726300004,
                10.441252330000053
              ]
            ]
          ],
          [
            [
              [
                119.12268406500006,
                10.548921970000036
              ],
              [
                119.1289011560001,
                10.555322589000074
              ],
              [
                119.13829261300009,
                10.55475038700007
              ],
              [
                119.14818768700002,
                10.559082772000066
              ],
              [
                119.14987512000005,
                10.56579125200005
              ],
              [
                119.165973118,
                10.570651059000058
              ],
              [
                119.1526993440001,
                10.589705128000046
              ],
              [
                119.13952260900011,
                10.580417206000048
              ],
              [
                119.12899052500006,
                10.581535417000051
              ],
              [
                119.135327587,
                10.569189676000063
              ],
              [
                119.12608776800006,
                10.564413795000066
              ],
              [
                119.12918920900007,
                10.558229868000067
              ],
              [
                119.12268406500006,
                10.548921970000036
              ]
            ]
          ],
          [
            [
              [
                119.07600635400001,
                10.485220195000068
              ],
              [
                119.08189924400007,
                10.50018445100005
              ],
              [
                119.07246573700002,
                10.511371212000029
              ],
              [
                119.05609625400007,
                10.50432765000005
              ],
              [
                119.07600635400001,
                10.485220195000068
              ]
            ]
          ],
          [
            [
              [
                119.02049077700008,
                10.418067137000037
              ],
              [
                119.02620556900001,
                10.435032019000062
              ],
              [
                119.01173270800008,
                10.433460818000068
              ],
              [
                119.02049077700008,
                10.418067137000037
              ]
            ]
          ],
          [
            [
              [
                119.23611324700006,
                10.08745535300005
              ],
              [
                119.24707340500004,
                10.103175914000074
              ],
              [
                119.2468330260001,
                10.116213965000039
              ],
              [
                119.24215453200009,
                10.126568675000042
              ],
              [
                119.2327351230001,
                10.122501470000028
              ],
              [
                119.23371674100008,
                10.10110692000006
              ],
              [
                119.22941453600004,
                10.092777761000036
              ],
              [
                119.23611324700006,
                10.08745535300005
              ]
            ]
          ],
          [
            [
              [
                118.91670028700004,
                9.933610396000065
              ],
              [
                118.9234534200001,
                9.926161121000062
              ],
              [
                118.93134238400012,
                9.931165523000058
              ],
              [
                118.92877522200001,
                9.938800918000027
              ],
              [
                118.92085448000013,
                9.940221399000052
              ],
              [
                118.91670028700004,
                9.933610396000065
              ]
            ]
          ],
          [
            [
              [
                121.1889111910001,
                9.567224533000056
              ],
              [
                121.19959862500002,
                9.57620904500004
              ],
              [
                121.20163547900006,
                9.583321765000052
              ],
              [
                121.22795531100007,
                9.60164431000004
              ],
              [
                121.22256744900007,
                9.606327172000022
              ],
              [
                121.205996421,
                9.596560064000071
              ],
              [
                121.18588260500007,
                9.577761003000031
              ],
              [
                121.1889111910001,
                9.567224533000056
              ]
            ]
          ],
          [
            [
              [
                118.63046966100002,
                9.444186186000024
              ],
              [
                118.63280862300009,
                9.459421654000039
              ],
              [
                118.62400531000003,
                9.460536804000071
              ],
              [
                118.6177712540001,
                9.450473027000042
              ],
              [
                118.61014912000007,
                9.446565002000055
              ],
              [
                118.61169992700002,
                9.431102361000056
              ],
              [
                118.62712079000005,
                9.436854430000038
              ],
              [
                118.63046966100002,
                9.444186186000024
              ]
            ]
          ],
          [
            [
              [
                118.42688178200002,
                9.20763444800002
              ],
              [
                118.4332575200001,
                9.212303194000071
              ],
              [
                118.44212567200007,
                9.209938418000034
              ],
              [
                118.45209871000009,
                9.213178658000059
              ],
              [
                118.45773584100004,
                9.225422249000076
              ],
              [
                118.45294571200009,
                9.236072446000035
              ],
              [
                118.43955652900001,
                9.23999181900007
              ],
              [
                118.4312181900001,
                9.239133106000054
              ],
              [
                118.43331881400002,
                9.225879365000024
              ],
              [
                118.42749439200009,
                9.218637491000036
              ],
              [
                118.42688178200002,
                9.20763444800002
              ]
            ]
          ],
          [
            [
              [
                117.17832861200009,
                8.254628404000075
              ],
              [
                117.187812655,
                8.26034078300006
              ],
              [
                117.20917411900007,
                8.265771624000024
              ],
              [
                117.2177421020001,
                8.261894753000034
              ],
              [
                117.22897900100008,
                8.266499295000072
              ],
              [
                117.23876693400007,
                8.276108039000066
              ],
              [
                117.2567994440001,
                8.28826968000004
              ],
              [
                117.26199471300004,
                8.30557838100003
              ],
              [
                117.25948720400002,
                8.31210763100006
              ],
              [
                117.2475963170001,
                8.316509448000035
              ],
              [
                117.240788414,
                8.308194155000026
              ],
              [
                117.22299148800005,
                8.314568014000029
              ],
              [
                117.19675713000005,
                8.296660636000068
              ],
              [
                117.19204962900005,
                8.289920795000059
              ],
              [
                117.17599639600009,
                8.28443448300004
              ],
              [
                117.16439019500001,
                8.284267956000065
              ],
              [
                117.17832861200009,
                8.254628404000075
              ]
            ]
          ],
          [
            [
              [
                117.2880417360001,
                8.185057212000059
              ],
              [
                117.2983847930001,
                8.181894387000055
              ],
              [
                117.31218466800011,
                8.188616065000076
              ],
              [
                117.3369111720001,
                8.195634533000032
              ],
              [
                117.34667132000006,
                8.211932746000059
              ],
              [
                117.342360514,
                8.240450096000075
              ],
              [
                117.34397624400005,
                8.25957352900002
              ],
              [
                117.3489922540001,
                8.266410174000043
              ],
              [
                117.35268321500008,
                8.280698080000036
              ],
              [
                117.35221260200002,
                8.290773534000037
              ],
              [
                117.34340645100006,
                8.308028334000028
              ],
              [
                117.33811241900004,
                8.308162647000074
              ],
              [
                117.32462826100004,
                8.323826540000026
              ],
              [
                117.31199228500009,
                8.330310464000034
              ],
              [
                117.29491622600007,
                8.314979021000058
              ],
              [
                117.2789972380001,
                8.32278500600006
              ],
              [
                117.27021292500001,
                8.312495434000027
              ],
              [
                117.2666297180001,
                8.284736399000053
              ],
              [
                117.26724471400007,
                8.267746027000046
              ],
              [
                117.271216116,
                8.244689854000056
              ],
              [
                117.2640261020001,
                8.221418643000048
              ],
              [
                117.26281150900002,
                8.209508570000025
              ],
              [
                117.26947334600004,
                8.20143853500002
              ],
              [
                117.28021881100005,
                8.195070435000048
              ],
              [
                117.2880417360001,
                8.185057212000059
              ]
            ]
          ],
          [
            [
              [
                117.11774626700002,
                8.213655608000067
              ],
              [
                117.12805439800002,
                8.218947198000025
              ],
              [
                117.11674196400007,
                8.239647683000042
              ],
              [
                117.0983236390001,
                8.247354549000022
              ],
              [
                117.07990776600002,
                8.245009754000023
              ],
              [
                117.08073703000002,
                8.221759640000073
              ],
              [
                117.09056054500002,
                8.21398870100006
              ],
              [
                117.11774626700002,
                8.213655608000067
              ]
            ]
          ],
          [
            [
              [
                117.17280048700002,
                8.14854201700007
              ],
              [
                117.20178052500012,
                8.151466583000055
              ],
              [
                117.20384380400004,
                8.164180392000047
              ],
              [
                117.19543905700003,
                8.172938152000027
              ],
              [
                117.18514197700004,
                8.177222358000051
              ],
              [
                117.14015332200006,
                8.179950629000075
              ],
              [
                117.13167920400008,
                8.173516107000067
              ],
              [
                117.14525232500011,
                8.158369110000022
              ],
              [
                117.14854163500003,
                8.15127003400005
              ],
              [
                117.17280048700002,
                8.14854201700007
              ]
            ]
          ],
          [
            [
              [
                117.02188882900009,
                8.070779860000073
              ],
              [
                117.02720092300002,
                8.07463062100004
              ],
              [
                117.06265070800009,
                8.084966421000049
              ],
              [
                117.05274004800003,
                8.103370633000054
              ],
              [
                117.05132800300011,
                8.116840387000025
              ],
              [
                117.03796469500004,
                8.128243272000077
              ],
              [
                117.0243577540001,
                8.12874319900004
              ],
              [
                116.99832402100002,
                8.10948686200004
              ],
              [
                116.99035530900005,
                8.09884499800006
              ],
              [
                116.99077134900004,
                8.090394171000073
              ],
              [
                117.00381808100009,
                8.082765810000067
              ],
              [
                117.00750413500009,
                8.076539453000066
              ],
              [
                117.02188882900009,
                8.070779860000073
              ]
            ]
          ],
          [
            [
              [
                117.10666457900004,
                8.092460237000072
              ],
              [
                117.09810879500004,
                8.07244215700007
              ],
              [
                117.10740004700007,
                8.071172681000064
              ],
              [
                117.11102139600006,
                8.08251408600006
              ],
              [
                117.10666457900004,
                8.092460237000072
              ]
            ]
          ],
          [
            [
              [
                117.0194457360001,
                7.803709135000075
              ],
              [
                117.04646108800011,
                7.831186143000023
              ],
              [
                117.06061554100008,
                7.842148720000067
              ],
              [
                117.07253069800005,
                7.862712239000076
              ],
              [
                117.0788698450001,
                7.880177994000065
              ],
              [
                117.06764102500006,
                7.886992713000039
              ],
              [
                117.07057648200009,
                7.900315486000066
              ],
              [
                117.08030891200008,
                7.903621752000047
              ],
              [
                117.0865408430001,
                7.911597197000051
              ],
              [
                117.08591886300006,
                7.933044318000045
              ],
              [
                117.0803171560001,
                7.94552857600007
              ],
              [
                117.08086636200005,
                7.963678203000029
              ],
              [
                117.0750491130001,
                7.991416359000027
              ],
              [
                117.05365822600004,
                7.984709767000027
              ],
              [
                117.05208231000005,
                7.990901214000075
              ],
              [
                117.06454406000012,
                8.002077831000065
              ],
              [
                117.077618518,
                8.003180147000025
              ],
              [
                117.08052469000008,
                8.046066218000021
              ],
              [
                117.07744805600011,
                8.062950142000034
              ],
              [
                117.07193545800008,
                8.076373904000032
              ],
              [
                117.06602813500001,
                8.08003394900004
              ],
              [
                117.05214126500005,
                8.075508557000035
              ],
              [
                117.042872396,
                8.066452435000032
              ],
              [
                117.02519950500005,
                8.066976191000037
              ],
              [
                116.99819024600005,
                8.06256295000003
              ],
              [
                117.00029005300007,
                8.050796595000067
              ],
              [
                116.99537337000004,
                8.034028306000039
              ],
              [
                116.98872579700003,
                8.025957623000066
              ],
              [
                116.97862235600007,
                8.025873256000068
              ],
              [
                116.97523512500004,
                8.02026611700006
              ],
              [
                116.96315022500006,
                8.030932918000074
              ],
              [
                116.97162299200009,
                8.040822705000041
              ],
              [
                116.97278052600007,
                8.048262919000024
              ],
              [
                116.96650318000002,
                8.054158980000064
              ],
              [
                116.95484995100004,
                8.028886051000026
              ],
              [
                116.95993208100003,
                8.014181088000043
              ],
              [
                116.95222310900009,
                8.00100716000003
              ],
              [
                116.96027999100012,
                7.990336164000043
              ],
              [
                116.9672078420001,
                7.961474294000026
              ],
              [
                116.96561367900006,
                7.948248781000073
              ],
              [
                116.942246585,
                7.929612115000055
              ],
              [
                116.92886449600009,
                7.935494727000047
              ],
              [
                116.9416572780001,
                7.913349792000075
              ],
              [
                116.95148390400004,
                7.918148871000029
              ],
              [
                116.95608543300013,
                7.908268477000036
              ],
              [
                116.96756929700008,
                7.896531324000022
              ],
              [
                116.98044809300008,
                7.865306903000032
              ],
              [
                116.98260237100011,
                7.853887833000045
              ],
              [
                116.98956554800009,
                7.849153883000043
              ],
              [
                116.99420437100004,
                7.839183085000057
              ],
              [
                116.996327015,
                7.823651539000025
              ],
              [
                116.993377484,
                7.814250108000065
              ],
              [
                117.0101543310001,
                7.804620066000042
              ],
              [
                117.0194457360001,
                7.803709135000075
              ]
            ]
          ]
        ]
      }
    },
    {
      "type": "Feature",
      "properties": {
        "geo_id": "geo_ph_0035",
        "name": "Palawan expedition",
        "component": "Puerto Princesa HUC / Babuyan",
        "source_geo_id": "geo_ph_0053",
        "source_psgc": "1731500000",
        "source_boundary_level": "huc"
      },
      "geometry": {
        "type": "Polygon",
        "coordinates": [
          [
            [
              118.90852760300004,
              10.075271723000071
            ],
            [
              118.93402195500005,
              9.987086573000056
            ],
            [
              118.93887997000002,
              9.978130728000053
            ],
            [
              118.9248328430001,
              9.97978487000006
            ],
            [
              118.91250193600001,
              9.974749907000046
            ],
            [
              118.89474561600002,
              9.981818106000048
            ],
            [
              118.89960173200006,
              9.991417155000022
            ],
            [
              118.90886822700008,
              10.002194733000067
            ],
            [
              118.913651791,
              10.027524822000032
            ],
            [
              118.90852760300004,
              10.075271723000071
            ]
          ]
        ]
      }
    },
    {
      "type": "Feature",
      "properties": {
        "geo_id": "geo_ph_0035",
        "name": "Palawan expedition",
        "component": "Puerto Princesa HUC / Bacungan",
        "source_geo_id": "geo_ph_0053",
        "source_psgc": "1731500000",
        "source_boundary_level": "huc"
      },
      "geometry": {
        "type": "Polygon",
        "coordinates": [
          [
            [
              118.7050529600001,
              9.95895857000005
            ],
            [
              118.72639955900001,
              9.945157237000046
            ],
            [
              118.7276276770001,
              9.934444977000055
            ],
            [
              118.75161075500012,
              9.922571018000042
            ],
            [
              118.74609137200002,
              9.912414196000043
            ],
            [
              118.7450608790001,
              9.888663720000068
            ],
            [
              118.72929381600011,
              9.866002688000037
            ],
            [
              118.67338075200007,
              9.870921053000075
            ],
            [
              118.63613218100011,
              9.811281313000052
            ],
            [
              118.59619487500004,
              9.831230289000075
            ],
            [
              118.57583172900002,
              9.838461668000036
            ],
            [
              118.56838882600005,
              9.845807662000027
            ],
            [
              118.588921808,
              9.855846730000053
            ],
            [
              118.59435536600006,
              9.867886789000067
            ],
            [
              118.60619905700003,
              9.871529703000022
            ],
            [
              118.61417441200001,
              9.888184416000058
            ],
            [
              118.60642985800007,
              9.908108423000044
            ],
            [
              118.61925093500008,
              9.915818212000033
            ],
            [
              118.64598631600006,
              9.937721488000022
            ],
            [
              118.64228142700006,
              9.947540803000038
            ],
            [
              118.66336100400008,
              9.97544633800004
            ],
            [
              118.652182175,
              9.98273647700006
            ],
            [
              118.646579416,
              9.999985051000067
            ],
            [
              118.7050529600001,
              9.95895857000005
            ]
          ]
        ]
      }
    },
    {
      "type": "Feature",
      "properties": {
        "geo_id": "geo_ph_0035",
        "name": "Palawan expedition",
        "component": "Puerto Princesa HUC / Bagong Bayan",
        "source_geo_id": "geo_ph_0053",
        "source_psgc": "1731500000",
        "source_boundary_level": "huc"
      },
      "geometry": {
        "type": "Polygon",
        "coordinates": [
          [
            [
              118.59293778900008,
              9.755327015000034
            ],
            [
              118.562585,
              9.684359
            ],
            [
              118.492519,
              9.735816
            ],
            [
              118.48870911100005,
              9.741258336000044
            ],
            [
              118.49101248700003,
              9.749941910000075
            ],
            [
              118.5024902780001,
              9.759274952000055
            ],
            [
              118.51222529300003,
              9.760783814000035
            ],
            [
              118.51642578100007,
              9.77467675500003
            ],
            [
              118.52801663800005,
              9.782860795000033
            ],
            [
              118.59293778900008,
              9.755327015000034
            ]
          ]
        ]
      }
    },
    {
      "type": "Feature",
      "properties": {
        "geo_id": "geo_ph_0035",
        "name": "Palawan expedition",
        "component": "Puerto Princesa HUC / Bagong Pag-Asa (Pob.)",
        "source_geo_id": "geo_ph_0053",
        "source_psgc": "1731500000",
        "source_boundary_level": "huc"
      },
      "geometry": {
        "type": "Polygon",
        "coordinates": [
          [
            [
              118.73232104500005,
              9.744328808000034
            ],
            [
              118.73214408000001,
              9.74251614000002
            ],
            [
              118.73131997000007,
              9.742512200000021
            ],
            [
              118.72935785000004,
              9.741380560000039
            ],
            [
              118.72743919200002,
              9.742003172000068
            ],
            [
              118.72674436900002,
              9.741999630000066
            ],
            [
              118.72649442700003,
              9.741998356000067
            ],
            [
              118.73232104500005,
              9.744328808000034
            ]
          ]
        ]
      }
    },
    {
      "type": "Feature",
      "properties": {
        "geo_id": "geo_ph_0035",
        "name": "Palawan expedition",
        "component": "Puerto Princesa HUC / Bagong Sikat (Pob.)",
        "source_geo_id": "geo_ph_0053",
        "source_psgc": "1731500000",
        "source_boundary_level": "huc"
      },
      "geometry": {
        "type": "Polygon",
        "coordinates": [
          [
            [
              118.75159920300007,
              9.734444293000024
            ],
            [
              118.75442682100004,
              9.728440325000065
            ],
            [
              118.74041837700008,
              9.729626860000053
            ],
            [
              118.74353270200004,
              9.733839458000034
            ],
            [
              118.74372970000002,
              9.734779012000047
            ],
            [
              118.75159920300007,
              9.734444293000024
            ]
          ]
        ]
      }
    },
    {
      "type": "Feature",
      "properties": {
        "geo_id": "geo_ph_0035",
        "name": "Palawan expedition",
        "component": "Puerto Princesa HUC / Bagong Silang (Pob.)",
        "source_geo_id": "geo_ph_0053",
        "source_psgc": "1731500000",
        "source_boundary_level": "huc"
      },
      "geometry": {
        "type": "Polygon",
        "coordinates": [
          [
            [
              118.7313502500001,
              9.736173655000073
            ],
            [
              118.73221221900008,
              9.735479911000027
            ],
            [
              118.73388674000012,
              9.73404873800007
            ],
            [
              118.73400426700005,
              9.730064421000066
            ],
            [
              118.7337484200001,
              9.729673239000022
            ],
            [
              118.73374831000001,
              9.729648631000032
            ],
            [
              118.73039533400004,
              9.73635818300005
            ],
            [
              118.73042037200003,
              9.736359750000076
            ],
            [
              118.73047197800008,
              9.736362979000035
            ],
            [
              118.7313502500001,
              9.736173655000073
            ]
          ]
        ]
      }
    },
    {
      "type": "Feature",
      "properties": {
        "geo_id": "geo_ph_0035",
        "name": "Palawan expedition",
        "component": "Puerto Princesa HUC / Bahile",
        "source_geo_id": "geo_ph_0053",
        "source_psgc": "1731500000",
        "source_boundary_level": "huc"
      },
      "geometry": {
        "type": "Polygon",
        "coordinates": [
          [
            [
              118.7889167840001,
              10.019995455000071
            ],
            [
              118.7884420040001,
              10.010220525000022
            ],
            [
              118.79907352900011,
              10.001525438000044
            ],
            [
              118.80102982900007,
              9.988746797000033
            ],
            [
              118.79028927400009,
              9.984160901000052
            ],
            [
              118.76386263800009,
              9.979232424000031
            ],
            [
              118.74131799400004,
              9.985239740000054
            ],
            [
              118.7147739290001,
              9.995874767000032
            ],
            [
              118.7050529600001,
              9.95895857000005
            ],
            [
              118.646579416,
              9.999985051000067
            ],
            [
              118.66060880100008,
              9.998572241000034
            ],
            [
              118.67311557800008,
              10.012061458000062
            ],
            [
              118.6847192890001,
              10.013319010000032
            ],
            [
              118.69476414600001,
              10.022692681000024
            ],
            [
              118.7039238430001,
              10.038383544000055
            ],
            [
              118.70937828100011,
              10.032874850000042
            ],
            [
              118.72147976500003,
              10.035079865000057
            ],
            [
              118.72763991800002,
              10.043046289000074
            ],
            [
              118.72529400600001,
              10.059316565000074
            ],
            [
              118.73706720400003,
              10.080879578000065
            ],
            [
              118.745830866,
              10.08481192000005
            ],
            [
              118.74659775900011,
              10.106350152000061
            ],
            [
              118.763588174,
              10.113989508000031
            ],
            [
              118.77158316200007,
              10.102397881000059
            ],
            [
              118.77383096000005,
              10.070986850000054
            ],
            [
              118.74663873400004,
              10.079242119000071
            ],
            [
              118.75215400500008,
              10.06484019000004
            ],
            [
              118.77304623200007,
              10.061359154000058
            ],
            [
              118.77616898500003,
              10.049587646000077
            ],
            [
              118.77451903400004,
              10.024450365000064
            ],
            [
              118.7889167840001,
              10.019995455000071
            ]
          ]
        ]
      }
    },
    {
      "type": "Feature",
      "properties": {
        "geo_id": "geo_ph_0035",
        "name": "Palawan expedition",
        "component": "Puerto Princesa HUC / Bancao-bancao",
        "source_geo_id": "geo_ph_0053",
        "source_psgc": "1731500000",
        "source_boundary_level": "huc"
      },
      "geometry": {
        "type": "Polygon",
        "coordinates": [
          [
            [
              118.77231900700008,
              9.740679252000064
            ],
            [
              118.76887049200002,
              9.72155927800003
            ],
            [
              118.75442682100004,
              9.728440325000065
            ],
            [
              118.75159920300007,
              9.734444293000024
            ],
            [
              118.74483813600011,
              9.737816681000027
            ],
            [
              118.74496570800011,
              9.739999616000034
            ],
            [
              118.77231900700008,
              9.740679252000064
            ]
          ]
        ]
      }
    },
    {
      "type": "Feature",
      "properties": {
        "geo_id": "geo_ph_0035",
        "name": "Palawan expedition",
        "component": "Puerto Princesa HUC / Binduyan",
        "source_geo_id": "geo_ph_0053",
        "source_psgc": "1731500000",
        "source_boundary_level": "huc"
      },
      "geometry": {
        "type": "Polygon",
        "coordinates": [
          [
            [
              119.11094821000006,
              10.022608606000063
            ],
            [
              119.07771982800011,
              10.018166431000054
            ],
            [
              119.07200837000005,
              10.01248470400003
            ],
            [
              119.0347001670001,
              10.005047735000062
            ],
            [
              119.03466948300002,
              10.005074164000064
            ],
            [
              119.03448150300005,
              10.005156431000046
            ],
            [
              119.05228753000006,
              10.078609573000051
            ],
            [
              118.99466351300009,
              10.124085639000043
            ],
            [
              119.07832959500001,
              10.128726320000055
            ],
            [
              119.08618160700007,
              10.100838975000045
            ],
            [
              119.11094821000006,
              10.022608606000063
            ]
          ]
        ]
      }
    },
    {
      "type": "Feature",
      "properties": {
        "geo_id": "geo_ph_0035",
        "name": "Palawan expedition",
        "component": "Puerto Princesa HUC / Buenavista",
        "source_geo_id": "geo_ph_0053",
        "source_psgc": "1731500000",
        "source_boundary_level": "huc"
      },
      "geometry": {
        "type": "Polygon",
        "coordinates": [
          [
            [
              118.83973192700012,
              10.104470444000071
            ],
            [
              118.84196746000009,
              10.079864780000037
            ],
            [
              118.85759654500009,
              10.071224007000069
            ],
            [
              118.87603088800006,
              10.03085728900004
            ],
            [
              118.86416671300003,
              10.022000519000073
            ],
            [
              118.85597814300002,
              10.022383135000041
            ],
            [
              118.84782425100002,
              10.011394866000046
            ],
            [
              118.83436184200002,
              10.025011906000032
            ],
            [
              118.80954150100001,
              10.029686570000024
            ],
            [
              118.80647575900002,
              10.051868188000071
            ],
            [
              118.80915518300003,
              10.062444492000054
            ],
            [
              118.82144989800008,
              10.08185383700004
            ],
            [
              118.83005717200001,
              10.102728695000053
            ],
            [
              118.83972325600007,
              10.104486719000022
            ],
            [
              118.83973192700012,
              10.104470444000071
            ]
          ]
        ]
      }
    },
    {
      "type": "Feature",
      "properties": {
        "geo_id": "geo_ph_0035",
        "name": "Palawan expedition",
        "component": "Puerto Princesa HUC / Cabayugan",
        "source_geo_id": "geo_ph_0053",
        "source_psgc": "1731500000",
        "source_boundary_level": "huc"
      },
      "geometry": {
        "type": "MultiPolygon",
        "coordinates": [
          [
            [
              [
                118.83975717200008,
                10.104497378000076
              ],
              [
                118.83973192700012,
                10.104470444000071
              ],
              [
                118.83972325600007,
                10.104486719000022
              ],
              [
                118.83975717200008,
                10.104497378000076
              ]
            ]
          ],
          [
            [
              [
                118.9347731250001,
                10.205224832000056
              ],
              [
                118.93464834600002,
                10.175587834000055
              ],
              [
                118.89857043400002,
                10.115291651000064
              ],
              [
                118.858877344,
                10.10893492200006
              ],
              [
                118.8562923820001,
                10.121829388000037
              ],
              [
                118.84016000300005,
                10.104927153000062
              ],
              [
                118.82701283500012,
                10.111490783000022
              ],
              [
                118.81022310600008,
                10.111396713000033
              ],
              [
                118.80741316100011,
                10.124164414000063
              ],
              [
                118.81343952300006,
                10.13272293600005
              ],
              [
                118.80923416600001,
                10.152468602000056
              ],
              [
                118.81227008300004,
                10.164631154000062
              ],
              [
                118.80470512800002,
                10.174015218000022
              ],
              [
                118.80608380800004,
                10.192632269000057
              ],
              [
                118.81966098300006,
                10.196086637000064
              ],
              [
                118.83116246200007,
                10.186357530000066
              ],
              [
                118.84452367800009,
                10.190085510000074
              ],
              [
                118.85007603200006,
                10.202828863000036
              ],
              [
                118.86219267500007,
                10.20945567900003
              ],
              [
                118.8807303970001,
                10.209037704000025
              ],
              [
                118.89718570900004,
                10.196290431000023
              ],
              [
                118.9347731250001,
                10.205224832000056
              ]
            ]
          ]
        ]
      }
    },
    {
      "type": "Feature",
      "properties": {
        "geo_id": "geo_ph_0035",
        "name": "Palawan expedition",
        "component": "Puerto Princesa HUC / Concepcion",
        "source_geo_id": "geo_ph_0053",
        "source_psgc": "1731500000",
        "source_boundary_level": "huc"
      },
      "geometry": {
        "type": "Polygon",
        "coordinates": [
          [
            [
              119.03448150300005,
              10.005156431000046
            ],
            [
              119.0223532010001,
              9.998169436000069
            ],
            [
              119.00321048400008,
              9.997265147000064
            ],
            [
              118.9954873480001,
              9.993110858000023
            ],
            [
              118.99102938500005,
              9.99984986100003
            ],
            [
              118.99466351300009,
              10.124085639000043
            ],
            [
              119.05228753000006,
              10.078609573000051
            ],
            [
              119.03448150300005,
              10.005156431000046
            ]
          ]
        ]
      }
    },
    {
      "type": "Feature",
      "properties": {
        "geo_id": "geo_ph_0035",
        "name": "Palawan expedition",
        "component": "Puerto Princesa HUC / Inagawan",
        "source_geo_id": "geo_ph_0053",
        "source_psgc": "1731500000",
        "source_boundary_level": "huc"
      },
      "geometry": {
        "type": "Polygon",
        "coordinates": [
          [
            [
              118.66159597600006,
              9.560233028000027
            ],
            [
              118.64976930700004,
              9.533301129000051
            ],
            [
              118.63495037400003,
              9.532832058000054
            ],
            [
              118.62591696100003,
              9.540531786000031
            ],
            [
              118.64655143800007,
              9.562726381000061
            ],
            [
              118.66159597600006,
              9.560233028000027
            ]
          ]
        ]
      }
    },
    {
      "type": "Feature",
      "properties": {
        "geo_id": "geo_ph_0035",
        "name": "Palawan expedition",
        "component": "Puerto Princesa HUC / Irawan",
        "source_geo_id": "geo_ph_0053",
        "source_psgc": "1731500000",
        "source_boundary_level": "huc"
      },
      "geometry": {
        "type": "Polygon",
        "coordinates": [
          [
            [
              118.70849889400006,
              9.827371580000033
            ],
            [
              118.70594430000006,
              9.802458965000028
            ],
            [
              118.70786529400004,
              9.794517565000035
            ],
            [
              118.69768973400005,
              9.777226256000063
            ],
            [
              118.69154192600001,
              9.769935848000046
            ],
            [
              118.67927412000006,
              9.77836574500003
            ],
            [
              118.67019037800003,
              9.795139694000056
            ],
            [
              118.65778959300008,
              9.79852758900006
            ],
            [
              118.65113153300001,
              9.809702022000067
            ],
            [
              118.63613218100011,
              9.811281313000052
            ],
            [
              118.67338075200007,
              9.870921053000075
            ],
            [
              118.69199595900011,
              9.839262012000063
            ],
            [
              118.70169226500002,
              9.837506704000077
            ],
            [
              118.70849889400006,
              9.827371580000033
            ]
          ]
        ]
      }
    },
    {
      "type": "Feature",
      "properties": {
        "geo_id": "geo_ph_0035",
        "name": "Palawan expedition",
        "component": "Puerto Princesa HUC / Iwahig (Pob.)",
        "source_geo_id": "geo_ph_0053",
        "source_psgc": "1731500000",
        "source_boundary_level": "huc"
      },
      "geometry": {
        "type": "Polygon",
        "coordinates": [
          [
            [
              118.69154192600001,
              9.769935848000046
            ],
            [
              118.69317176800007,
              9.748040304000028
            ],
            [
              118.70004717100005,
              9.73263664500007
            ],
            [
              118.6998139000001,
              9.73255412900005
            ],
            [
              118.6997078280001,
              9.732525665000026
            ],
            [
              118.68424593800012,
              9.733267044000058
            ],
            [
              118.6561692350001,
              9.707897494000065
            ],
            [
              118.65833527100006,
              9.719694738000044
            ],
            [
              118.62776782700007,
              9.770714674000033
            ],
            [
              118.63613218100011,
              9.811281313000052
            ],
            [
              118.65113153300001,
              9.809702022000067
            ],
            [
              118.65778959300008,
              9.79852758900006
            ],
            [
              118.67019037800003,
              9.795139694000056
            ],
            [
              118.67927412000006,
              9.77836574500003
            ],
            [
              118.69154192600001,
              9.769935848000046
            ]
          ]
        ]
      }
    },
    {
      "type": "Feature",
      "properties": {
        "geo_id": "geo_ph_0035",
        "name": "Palawan expedition",
        "component": "Puerto Princesa HUC / Kalipay (Pob.)",
        "source_geo_id": "geo_ph_0053",
        "source_psgc": "1731500000",
        "source_boundary_level": "huc"
      },
      "geometry": {
        "type": "Polygon",
        "coordinates": [
          [
            [
              118.73286797700007,
              9.739944451000042
            ],
            [
              118.73269108000011,
              9.738276490000032
            ],
            [
              118.73257672700004,
              9.73716065700006
            ],
            [
              118.73068585800002,
              9.73856433800006
            ],
            [
              118.73098545000005,
              9.74013191000006
            ],
            [
              118.73286797700007,
              9.739944451000042
            ]
          ]
        ]
      }
    },
    {
      "type": "Feature",
      "properties": {
        "geo_id": "geo_ph_0035",
        "name": "Palawan expedition",
        "component": "Puerto Princesa HUC / Kamuning",
        "source_geo_id": "geo_ph_0053",
        "source_psgc": "1731500000",
        "source_boundary_level": "huc"
      },
      "geometry": {
        "type": "Polygon",
        "coordinates": [
          [
            [
              118.64976930700004,
              9.533301129000051
            ],
            [
              118.64437398300004,
              9.51486593200002
            ],
            [
              118.63780639200002,
              9.50473792400004
            ],
            [
              118.62207986300007,
              9.505238916000053
            ],
            [
              118.62143527500007,
              9.490580458000068
            ],
            [
              118.59591059000002,
              9.51077179500004
            ],
            [
              118.62591696100003,
              9.540531786000031
            ],
            [
              118.63495037400003,
              9.532832058000054
            ],
            [
              118.64976930700004,
              9.533301129000051
            ]
          ]
        ]
      }
    },
    {
      "type": "Feature",
      "properties": {
        "geo_id": "geo_ph_0035",
        "name": "Palawan expedition",
        "component": "Puerto Princesa HUC / Langogan",
        "source_geo_id": "geo_ph_0053",
        "source_psgc": "1731500000",
        "source_boundary_level": "huc"
      },
      "geometry": {
        "type": "Polygon",
        "coordinates": [
          [
            [
              119.11094821000006,
              10.022608606000063
            ],
            [
              119.08618160700007,
              10.100838975000045
            ],
            [
              119.07832959500001,
              10.128726320000055
            ],
            [
              118.99466351300009,
              10.124085639000043
            ],
            [
              119.03265021200002,
              10.199919974000068
            ],
            [
              119.055288743,
              10.225280284000064
            ],
            [
              119.0613520280001,
              10.232227755000054
            ],
            [
              119.15858181400006,
              10.120522504000064
            ],
            [
              119.14084561100003,
              10.041213073000051
            ],
            [
              119.13604095900007,
              10.02520505800004
            ],
            [
              119.11094821000006,
              10.022608606000063
            ]
          ]
        ]
      }
    },
    {
      "type": "Feature",
      "properties": {
        "geo_id": "geo_ph_0035",
        "name": "Palawan expedition",
        "component": "Puerto Princesa HUC / Liwanag (Pob.)",
        "source_geo_id": "geo_ph_0053",
        "source_psgc": "1731500000",
        "source_boundary_level": "huc"
      },
      "geometry": {
        "type": "Polygon",
        "coordinates": [
          [
            [
              118.72935785000004,
              9.741380560000039
            ],
            [
              118.72996001000001,
              9.740216150000037
            ],
            [
              118.72915901200008,
              9.739022653000063
            ],
            [
              118.72743919200002,
              9.742003172000068
            ],
            [
              118.72935785000004,
              9.741380560000039
            ]
          ]
        ]
      }
    },
    {
      "type": "Feature",
      "properties": {
        "geo_id": "geo_ph_0035",
        "name": "Palawan expedition",
        "component": "Puerto Princesa HUC / Lucbuan",
        "source_geo_id": "geo_ph_0053",
        "source_psgc": "1731500000",
        "source_boundary_level": "huc"
      },
      "geometry": {
        "type": "Polygon",
        "coordinates": [
          [
            [
              118.89960173200006,
              9.991417155000022
            ],
            [
              118.89474561600002,
              9.981818106000048
            ],
            [
              118.86900998100009,
              9.978057208000052
            ],
            [
              118.86902087200008,
              9.978066729000034
            ],
            [
              118.8689697420001,
              9.978136224000025
            ],
            [
              118.86406393900006,
              9.990302411000073
            ],
            [
              118.85390934400004,
              9.998829896000075
            ],
            [
              118.84782425100002,
              10.011394866000046
            ],
            [
              118.85597814300002,
              10.022383135000041
            ],
            [
              118.86416671300003,
              10.022000519000073
            ],
            [
              118.87603088800006,
              10.03085728900004
            ],
            [
              118.88699551800005,
              10.040115373000049
            ],
            [
              118.8925696550001,
              10.012679037000055
            ],
            [
              118.88705555900003,
              10.002537103000066
            ],
            [
              118.89960173200006,
              9.991417155000022
            ]
          ]
        ]
      }
    },
    {
      "type": "Feature",
      "properties": {
        "geo_id": "geo_ph_0035",
        "name": "Palawan expedition",
        "component": "Puerto Princesa HUC / Mabuhay (Pob.)",
        "source_geo_id": "geo_ph_0053",
        "source_psgc": "1731500000",
        "source_boundary_level": "huc"
      },
      "geometry": {
        "type": "Polygon",
        "coordinates": [
          [
            [
              118.73098545000005,
              9.74013191000006
            ],
            [
              118.73068585800002,
              9.73856433800006
            ],
            [
              118.73087584300004,
              9.737814924000077
            ],
            [
              118.73012401300002,
              9.737105131000021
            ],
            [
              118.72915901200008,
              9.739022653000063
            ],
            [
              118.72996001000001,
              9.740216150000037
            ],
            [
              118.73098545000005,
              9.74013191000006
            ]
          ]
        ]
      }
    },
    {
      "type": "Feature",
      "properties": {
        "geo_id": "geo_ph_0035",
        "name": "Palawan expedition",
        "component": "Puerto Princesa HUC / Macarascas",
        "source_geo_id": "geo_ph_0053",
        "source_psgc": "1731500000",
        "source_boundary_level": "huc"
      },
      "geometry": {
        "type": "Polygon",
        "coordinates": [
          [
            [
              118.809280564,
              10.02966986000007
            ],
            [
              118.80937462300005,
              10.029619073000049
            ],
            [
              118.80954150100001,
              10.029686570000024
            ],
            [
              118.83436184200002,
              10.025011906000032
            ],
            [
              118.84782425100002,
              10.011394866000046
            ],
            [
              118.84030480900003,
              10.002109916000052
            ],
            [
              118.80102982900007,
              9.988746797000033
            ],
            [
              118.79907352900011,
              10.001525438000044
            ],
            [
              118.7884420040001,
              10.010220525000022
            ],
            [
              118.7889167840001,
              10.019995455000071
            ],
            [
              118.79560022400005,
              10.032527261000041
            ],
            [
              118.809280564,
              10.02966986000007
            ]
          ]
        ]
      }
    },
    {
      "type": "Feature",
      "properties": {
        "geo_id": "geo_ph_0035",
        "name": "Palawan expedition",
        "component": "Puerto Princesa HUC / Magkakaibigan (Pob.)",
        "source_geo_id": "geo_ph_0053",
        "source_psgc": "1731500000",
        "source_boundary_level": "huc"
      },
      "geometry": {
        "type": "Polygon",
        "coordinates": [
          [
            [
              118.73496953000006,
              9.740387390000024
            ],
            [
              118.73438681200003,
              9.737890814000025
            ],
            [
              118.73269108000011,
              9.738276490000032
            ],
            [
              118.73286797700007,
              9.739944451000042
            ],
            [
              118.7330692700001,
              9.740520660000072
            ],
            [
              118.73496953000006,
              9.740387390000024
            ]
          ]
        ]
      }
    },
    {
      "type": "Feature",
      "properties": {
        "geo_id": "geo_ph_0035",
        "name": "Palawan expedition",
        "component": "Puerto Princesa HUC / Maligaya (Pob.)",
        "source_geo_id": "geo_ph_0053",
        "source_psgc": "1731500000",
        "source_boundary_level": "huc"
      },
      "geometry": {
        "type": "Polygon",
        "coordinates": [
          [
            [
              118.73327270000004,
              9.74248102000007
            ],
            [
              118.7330692700001,
              9.740520660000072
            ],
            [
              118.73286797700007,
              9.739944451000042
            ],
            [
              118.73098545000005,
              9.74013191000006
            ],
            [
              118.73131997000007,
              9.742512200000021
            ],
            [
              118.73214408000001,
              9.74251614000002
            ],
            [
              118.73327270000004,
              9.74248102000007
            ]
          ]
        ]
      }
    },
    {
      "type": "Feature",
      "properties": {
        "geo_id": "geo_ph_0035",
        "name": "Palawan expedition",
        "component": "Puerto Princesa HUC / Manalo",
        "source_geo_id": "geo_ph_0053",
        "source_psgc": "1731500000",
        "source_boundary_level": "huc"
      },
      "geometry": {
        "type": "Polygon",
        "coordinates": [
          [
            [
              118.84353163600008,
              9.964011997000057
            ],
            [
              118.82255668800008,
              9.93810415300004
            ],
            [
              118.80760683300002,
              9.935821481000062
            ],
            [
              118.80487636200007,
              9.953004021000027
            ],
            [
              118.79028927400009,
              9.984160901000052
            ],
            [
              118.80102982900007,
              9.988746797000033
            ],
            [
              118.84030480900003,
              10.002109916000052
            ],
            [
              118.84242540700006,
              9.99820077000004
            ],
            [
              118.84353163600008,
              9.964011997000057
            ]
          ]
        ]
      }
    },
    {
      "type": "Feature",
      "properties": {
        "geo_id": "geo_ph_0035",
        "name": "Palawan expedition",
        "component": "Puerto Princesa HUC / Manggahan (Pob.)",
        "source_geo_id": "geo_ph_0053",
        "source_psgc": "1731500000",
        "source_boundary_level": "huc"
      },
      "geometry": {
        "type": "Polygon",
        "coordinates": [
          [
            [
              118.74024262900002,
              9.742642301000046
            ],
            [
              118.74039275500002,
              9.737616421000041
            ],
            [
              118.74020614400001,
              9.736551253000073
            ],
            [
              118.73723233200008,
              9.737252101000024
            ],
            [
              118.7381496270001,
              9.743073413000047
            ],
            [
              118.7382534090001,
              9.743134335000036
            ],
            [
              118.74024262900002,
              9.742642301000046
            ]
          ]
        ]
      }
    },
    {
      "type": "Feature",
      "properties": {
        "geo_id": "geo_ph_0035",
        "name": "Palawan expedition",
        "component": "Puerto Princesa HUC / Maningning (Pob.)",
        "source_geo_id": "geo_ph_0053",
        "source_psgc": "1731500000",
        "source_boundary_level": "huc"
      },
      "geometry": {
        "type": "Polygon",
        "coordinates": [
          [
            [
              118.74264684000002,
              9.74013887500007
            ],
            [
              118.74039275500002,
              9.737616421000041
            ],
            [
              118.74024262900002,
              9.742642301000046
            ],
            [
              118.74264684000002,
              9.74013887500007
            ]
          ]
        ]
      }
    },
    {
      "type": "Feature",
      "properties": {
        "geo_id": "geo_ph_0035",
        "name": "Palawan expedition",
        "component": "Puerto Princesa HUC / Maoyon",
        "source_geo_id": "geo_ph_0053",
        "source_psgc": "1731500000",
        "source_boundary_level": "huc"
      },
      "geometry": {
        "type": "Polygon",
        "coordinates": [
          [
            [
              118.90852760300004,
              10.075271723000071
            ],
            [
              118.913651791,
              10.027524822000032
            ],
            [
              118.90886822700008,
              10.002194733000067
            ],
            [
              118.89960173200006,
              9.991417155000022
            ],
            [
              118.88705555900003,
              10.002537103000066
            ],
            [
              118.8925696550001,
              10.012679037000055
            ],
            [
              118.88699551800005,
              10.040115373000049
            ],
            [
              118.87603088800006,
              10.03085728900004
            ],
            [
              118.85759654500009,
              10.071224007000069
            ],
            [
              118.87440657500008,
              10.068597839000063
            ],
            [
              118.8882374430001,
              10.082628027000055
            ],
            [
              118.90852760300004,
              10.075271723000071
            ]
          ]
        ]
      }
    },
    {
      "type": "Feature",
      "properties": {
        "geo_id": "geo_ph_0035",
        "name": "Palawan expedition",
        "component": "Puerto Princesa HUC / Marufinas",
        "source_geo_id": "geo_ph_0053",
        "source_psgc": "1731500000",
        "source_boundary_level": "huc"
      },
      "geometry": {
        "type": "Polygon",
        "coordinates": [
          [
            [
              119.03265021200002,
              10.199919974000068
            ],
            [
              118.99466351300009,
              10.124085639000043
            ],
            [
              118.96816516600006,
              10.111318981000068
            ],
            [
              118.89857043400002,
              10.115291651000064
            ],
            [
              118.93464834600002,
              10.175587834000055
            ],
            [
              118.9347731250001,
              10.205224832000056
            ],
            [
              118.94038813300006,
              10.210393219000025
            ],
            [
              118.95069645400008,
              10.241205104000073
            ],
            [
              118.95104340000012,
              10.256299501000058
            ],
            [
              118.95762232200002,
              10.266164801000059
            ],
            [
              118.98492579700007,
              10.227535987000067
            ],
            [
              119.03265021200002,
              10.199919974000068
            ]
          ]
        ]
      }
    },
    {
      "type": "Feature",
      "properties": {
        "geo_id": "geo_ph_0035",
        "name": "Palawan expedition",
        "component": "Puerto Princesa HUC / Maruyogon",
        "source_geo_id": "geo_ph_0053",
        "source_psgc": "1731500000",
        "source_boundary_level": "huc"
      },
      "geometry": {
        "type": "Polygon",
        "coordinates": [
          [
            [
              118.84782425100002,
              10.011394866000046
            ],
            [
              118.85390934400004,
              9.998829896000075
            ],
            [
              118.86406393900006,
              9.990302411000073
            ],
            [
              118.8689697420001,
              9.978136224000025
            ],
            [
              118.86857126600012,
              9.977965848000053
            ],
            [
              118.86853173000009,
              9.97794041800006
            ],
            [
              118.84353163600008,
              9.964011997000057
            ],
            [
              118.84242540700006,
              9.99820077000004
            ],
            [
              118.84030480900003,
              10.002109916000052
            ],
            [
              118.84782425100002,
              10.011394866000046
            ]
          ]
        ]
      }
    },
    {
      "type": "Feature",
      "properties": {
        "geo_id": "geo_ph_0035",
        "name": "Palawan expedition",
        "component": "Puerto Princesa HUC / Masigla (Pob.)",
        "source_geo_id": "geo_ph_0053",
        "source_psgc": "1731500000",
        "source_boundary_level": "huc"
      },
      "geometry": {
        "type": "Polygon",
        "coordinates": [
          [
            [
              118.73257672700004,
              9.73716065700006
            ],
            [
              118.73221221900008,
              9.735479911000027
            ],
            [
              118.7313502500001,
              9.736173655000073
            ],
            [
              118.73087584300004,
              9.737814924000077
            ],
            [
              118.73068585800002,
              9.73856433800006
            ],
            [
              118.73257672700004,
              9.73716065700006
            ]
          ]
        ]
      }
    },
    {
      "type": "Feature",
      "properties": {
        "geo_id": "geo_ph_0035",
        "name": "Palawan expedition",
        "component": "Puerto Princesa HUC / Masikap (Pob.)",
        "source_geo_id": "geo_ph_0053",
        "source_psgc": "1731500000",
        "source_boundary_level": "huc"
      },
      "geometry": {
        "type": "Polygon",
        "coordinates": [
          [
            [
              118.7365466330001,
              9.740361904000054
            ],
            [
              118.73608430600007,
              9.737448082000071
            ],
            [
              118.73438681200003,
              9.737890814000025
            ],
            [
              118.73496953000006,
              9.740387390000024
            ],
            [
              118.7365466330001,
              9.740361904000054
            ]
          ]
        ]
      }
    },
    {
      "type": "Feature",
      "properties": {
        "geo_id": "geo_ph_0035",
        "name": "Palawan expedition",
        "component": "Puerto Princesa HUC / Masipag (Pob.)",
        "source_geo_id": "geo_ph_0053",
        "source_psgc": "1731500000",
        "source_boundary_level": "huc"
      },
      "geometry": {
        "type": "MultiPolygon",
        "coordinates": [
          [
            [
              [
                118.73738455600005,
                9.729665133000026
              ],
              [
                118.73728184900006,
                9.729504276000057
              ],
              [
                118.7374201350001,
                9.730052637000028
              ],
              [
                118.737472969,
                9.72984434500006
              ],
              [
                118.73738455600005,
                9.729665133000026
              ]
            ]
          ],
          [
            [
              [
                118.73742914400009,
                9.730274262000023
              ],
              [
                118.73400426700005,
                9.730064421000066
              ],
              [
                118.73388674000012,
                9.73404873800007
              ],
              [
                118.73438681200003,
                9.737890814000025
              ],
              [
                118.73608430600007,
                9.737448082000071
              ],
              [
                118.73668025200004,
                9.737340501000062
              ],
              [
                118.73742914400009,
                9.730274262000023
              ]
            ]
          ]
        ]
      }
    },
    {
      "type": "Feature",
      "properties": {
        "geo_id": "geo_ph_0035",
        "name": "Palawan expedition",
        "component": "Puerto Princesa HUC / Matahimik (Pob.)",
        "source_geo_id": "geo_ph_0053",
        "source_psgc": "1731500000",
        "source_boundary_level": "huc"
      },
      "geometry": {
        "type": "Polygon",
        "coordinates": [
          [
            [
              118.74108133300001,
              9.745453276000035
            ],
            [
              118.7382534090001,
              9.743134335000036
            ],
            [
              118.7381496270001,
              9.743073413000047
            ],
            [
              118.73667062100003,
              9.74242732700003
            ],
            [
              118.73573554500001,
              9.74439943300007
            ],
            [
              118.73732803900009,
              9.746026578000055
            ],
            [
              118.74108133300001,
              9.745453276000035
            ]
          ]
        ]
      }
    },
    {
      "type": "Feature",
      "properties": {
        "geo_id": "geo_ph_0035",
        "name": "Palawan expedition",
        "component": "Puerto Princesa HUC / Matiyaga (Pob.)",
        "source_geo_id": "geo_ph_0053",
        "source_psgc": "1731500000",
        "source_boundary_level": "huc"
      },
      "geometry": {
        "type": "Polygon",
        "coordinates": [
          [
            [
              118.73131997000007,
              9.742512200000021
            ],
            [
              118.73098545000005,
              9.74013191000006
            ],
            [
              118.72996001000001,
              9.740216150000037
            ],
            [
              118.72935785000004,
              9.741380560000039
            ],
            [
              118.73131997000007,
              9.742512200000021
            ]
          ]
        ]
      }
    },
    {
      "type": "Feature",
      "properties": {
        "geo_id": "geo_ph_0035",
        "name": "Palawan expedition",
        "component": "Puerto Princesa HUC / Maunlad (Pob.)",
        "source_geo_id": "geo_ph_0053",
        "source_psgc": "1731500000",
        "source_boundary_level": "huc"
      },
      "geometry": {
        "type": "MultiPolygon",
        "coordinates": [
          [
            [
              [
                118.73738455600005,
                9.729665133000026
              ],
              [
                118.73718918500003,
                9.729359146000036
              ],
              [
                118.73719360400003,
                9.729366068000047
              ],
              [
                118.73728184900006,
                9.729504276000057
              ],
              [
                118.73738455600005,
                9.729665133000026
              ]
            ]
          ],
          [
            [
              [
                118.74041837700008,
                9.729626860000053
              ],
              [
                118.737472969,
                9.72984434500006
              ],
              [
                118.7374201350001,
                9.730052637000028
              ],
              [
                118.73742914400009,
                9.730274262000023
              ],
              [
                118.73668025200004,
                9.737340501000062
              ],
              [
                118.73723233200008,
                9.737252101000024
              ],
              [
                118.74020614400001,
                9.736551253000073
              ],
              [
                118.74353270200004,
                9.733839458000034
              ],
              [
                118.74041837700008,
                9.729626860000053
              ]
            ]
          ]
        ]
      }
    },
    {
      "type": "Feature",
      "properties": {
        "geo_id": "geo_ph_0035",
        "name": "Palawan expedition",
        "component": "Puerto Princesa HUC / Milagrosa (Pob.)",
        "source_geo_id": "geo_ph_0053",
        "source_psgc": "1731500000",
        "source_boundary_level": "huc"
      },
      "geometry": {
        "type": "Polygon",
        "coordinates": [
          [
            [
              118.75159920300007,
              9.734444293000024
            ],
            [
              118.74372970000002,
              9.734779012000047
            ],
            [
              118.74483813600011,
              9.737816681000027
            ],
            [
              118.75159920300007,
              9.734444293000024
            ]
          ]
        ]
      }
    },
    {
      "type": "Feature",
      "properties": {
        "geo_id": "geo_ph_0035",
        "name": "Palawan expedition",
        "component": "Puerto Princesa HUC / Model (Pob.)",
        "source_geo_id": "geo_ph_0053",
        "source_psgc": "1731500000",
        "source_boundary_level": "huc"
      },
      "geometry": {
        "type": "Polygon",
        "coordinates": [
          [
            [
              118.73723233200008,
              9.737252101000024
            ],
            [
              118.73668025200004,
              9.737340501000062
            ],
            [
              118.73608430600007,
              9.737448082000071
            ],
            [
              118.7365466330001,
              9.740361904000054
            ],
            [
              118.73667062100003,
              9.74242732700003
            ],
            [
              118.7381496270001,
              9.743073413000047
            ],
            [
              118.73723233200008,
              9.737252101000024
            ]
          ]
        ]
      }
    },
    {
      "type": "Feature",
      "properties": {
        "geo_id": "geo_ph_0035",
        "name": "Palawan expedition",
        "component": "Puerto Princesa HUC / Montible (Pob.)",
        "source_geo_id": "geo_ph_0053",
        "source_psgc": "1731500000",
        "source_boundary_level": "huc"
      },
      "geometry": {
        "type": "Polygon",
        "coordinates": [
          [
            [
              118.6561692350001,
              9.707897494000065
            ],
            [
              118.63043522700002,
              9.66442134500005
            ],
            [
              118.55272522100006,
              9.640903502000072
            ],
            [
              118.562585,
              9.684359
            ],
            [
              118.59293778900008,
              9.755327015000034
            ],
            [
              118.62776782700007,
              9.770714674000033
            ],
            [
              118.65833527100006,
              9.719694738000044
            ],
            [
              118.6561692350001,
              9.707897494000065
            ]
          ]
        ]
      }
    },
    {
      "type": "Feature",
      "properties": {
        "geo_id": "geo_ph_0035",
        "name": "Palawan expedition",
        "component": "Puerto Princesa HUC / Napsan",
        "source_geo_id": "geo_ph_0053",
        "source_psgc": "1731500000",
        "source_boundary_level": "huc"
      },
      "geometry": {
        "type": "Polygon",
        "coordinates": [
          [
            [
              118.48870911100005,
              9.741258336000044
            ],
            [
              118.492519,
              9.735816
            ],
            [
              118.562585,
              9.684359
            ],
            [
              118.55272522100006,
              9.640903502000072
            ],
            [
              118.54273160200012,
              9.582167337000044
            ],
            [
              118.54327299900001,
              9.569893256000057
            ],
            [
              118.53302917300005,
              9.579528
            ],
            [
              118.40909934000001,
              9.681030212000053
            ],
            [
              118.43279004100009,
              9.715038804000073
            ],
            [
              118.4486715050001,
              9.727814756000043
            ],
            [
              118.462755248,
              9.733170013000063
            ],
            [
              118.47543260100008,
              9.732640199000059
            ],
            [
              118.48870911100005,
              9.741258336000044
            ]
          ]
        ]
      }
    },
    {
      "type": "Feature",
      "properties": {
        "geo_id": "geo_ph_0035",
        "name": "Palawan expedition",
        "component": "Puerto Princesa HUC / New Panggangan",
        "source_geo_id": "geo_ph_0053",
        "source_psgc": "1731500000",
        "source_boundary_level": "huc"
      },
      "geometry": {
        "type": "Polygon",
        "coordinates": [
          [
            [
              119.055288743,
              10.225280284000064
            ],
            [
              119.03265021200002,
              10.199919974000068
            ],
            [
              118.98492579700007,
              10.227535987000067
            ],
            [
              118.95762232200002,
              10.266164801000059
            ],
            [
              118.95889396300004,
              10.283039841000061
            ],
            [
              118.97115812000004,
              10.288551476000066
            ],
            [
              118.9780550690001,
              10.298975339000037
            ],
            [
              118.97402405800005,
              10.30744753600004
            ],
            [
              119.055288743,
              10.225280284000064
            ]
          ]
        ]
      }
    },
    {
      "type": "Feature",
      "properties": {
        "geo_id": "geo_ph_0035",
        "name": "Palawan expedition",
        "component": "Puerto Princesa HUC / Pagkakaisa (Pob.)",
        "source_geo_id": "geo_ph_0053",
        "source_psgc": "1731500000",
        "source_boundary_level": "huc"
      },
      "geometry": {
        "type": "Polygon",
        "coordinates": [
          [
            [
              118.7313502500001,
              9.736173655000073
            ],
            [
              118.73047197800008,
              9.736362979000035
            ],
            [
              118.73012401300002,
              9.737105131000021
            ],
            [
              118.73087584300004,
              9.737814924000077
            ],
            [
              118.7313502500001,
              9.736173655000073
            ]
          ]
        ]
      }
    },
    {
      "type": "Feature",
      "properties": {
        "geo_id": "geo_ph_0035",
        "name": "Palawan expedition",
        "component": "Puerto Princesa HUC / Princesa (Pob.)",
        "source_geo_id": "geo_ph_0053",
        "source_psgc": "1731500000",
        "source_boundary_level": "huc"
      },
      "geometry": {
        "type": "Polygon",
        "coordinates": [
          [
            [
              118.73438681200003,
              9.737890814000025
            ],
            [
              118.73388674000012,
              9.73404873800007
            ],
            [
              118.73221221900008,
              9.735479911000027
            ],
            [
              118.73257672700004,
              9.73716065700006
            ],
            [
              118.73269108000011,
              9.738276490000032
            ],
            [
              118.73438681200003,
              9.737890814000025
            ]
          ]
        ]
      }
    },
    {
      "type": "Feature",
      "properties": {
        "geo_id": "geo_ph_0035",
        "name": "Palawan expedition",
        "component": "Puerto Princesa HUC / Salvacion",
        "source_geo_id": "geo_ph_0053",
        "source_psgc": "1731500000",
        "source_boundary_level": "huc"
      },
      "geometry": {
        "type": "Polygon",
        "coordinates": [
          [
            [
              118.79028927400009,
              9.984160901000052
            ],
            [
              118.80487636200007,
              9.953004021000027
            ],
            [
              118.80760683300002,
              9.935821481000062
            ],
            [
              118.7914317960001,
              9.94487657600007
            ],
            [
              118.77275452600009,
              9.939560760000063
            ],
            [
              118.75866823400008,
              9.946234855000057
            ],
            [
              118.74131799400004,
              9.985239740000054
            ],
            [
              118.76386263800009,
              9.979232424000031
            ],
            [
              118.79028927400009,
              9.984160901000052
            ]
          ]
        ]
      }
    },
    {
      "type": "Feature",
      "properties": {
        "geo_id": "geo_ph_0035",
        "name": "Palawan expedition",
        "component": "Puerto Princesa HUC / San Jose",
        "source_geo_id": "geo_ph_0053",
        "source_psgc": "1731500000",
        "source_boundary_level": "huc"
      },
      "geometry": {
        "type": "Polygon",
        "coordinates": [
          [
            [
              118.772755791,
              9.791080725000029
            ],
            [
              118.7482248010001,
              9.780758689000038
            ],
            [
              118.7420772700001,
              9.781797736000044
            ],
            [
              118.74225100900003,
              9.806456266000055
            ],
            [
              118.75836510900001,
              9.805628682000076
            ],
            [
              118.76585545900002,
              9.814016571000025
            ],
            [
              118.77197933100001,
              9.805950923000069
            ],
            [
              118.772755791,
              9.791080725000029
            ]
          ]
        ]
      }
    },
    {
      "type": "Feature",
      "properties": {
        "geo_id": "geo_ph_0035",
        "name": "Palawan expedition",
        "component": "Puerto Princesa HUC / San Miguel",
        "source_geo_id": "geo_ph_0053",
        "source_psgc": "1731500000",
        "source_boundary_level": "huc"
      },
      "geometry": {
        "type": "Polygon",
        "coordinates": [
          [
            [
              118.77248324400011,
              9.75053375300007
            ],
            [
              118.77231900700008,
              9.740679252000064
            ],
            [
              118.74496570800011,
              9.739999616000034
            ],
            [
              118.74264684000002,
              9.74013887500007
            ],
            [
              118.74024262900002,
              9.742642301000046
            ],
            [
              118.7382534090001,
              9.743134335000036
            ],
            [
              118.74108133300001,
              9.745453276000035
            ],
            [
              118.74613451200003,
              9.750456730000053
            ],
            [
              118.77248324400011,
              9.75053375300007
            ]
          ]
        ]
      }
    },
    {
      "type": "Feature",
      "properties": {
        "geo_id": "geo_ph_0035",
        "name": "Palawan expedition",
        "component": "Puerto Princesa HUC / San Pedro",
        "source_geo_id": "geo_ph_0053",
        "source_psgc": "1731500000",
        "source_boundary_level": "huc"
      },
      "geometry": {
        "type": "Polygon",
        "coordinates": [
          [
            [
              118.74734506900006,
              9.764642095000056
            ],
            [
              118.77237550600012,
              9.765224748000037
            ],
            [
              118.77248324400011,
              9.75053375300007
            ],
            [
              118.74613451200003,
              9.750456730000053
            ],
            [
              118.73848251100003,
              9.752081160000046
            ],
            [
              118.73588715800008,
              9.766234545000032
            ],
            [
              118.74734506900006,
              9.764642095000056
            ]
          ]
        ]
      }
    },
    {
      "type": "Feature",
      "properties": {
        "geo_id": "geo_ph_0035",
        "name": "Palawan expedition",
        "component": "Puerto Princesa HUC / San Rafael",
        "source_geo_id": "geo_ph_0053",
        "source_psgc": "1731500000",
        "source_boundary_level": "huc"
      },
      "geometry": {
        "type": "Polygon",
        "coordinates": [
          [
            [
              118.96816516600006,
              10.111318981000068
            ],
            [
              118.97442224600002,
              9.994486681000069
            ],
            [
              118.977435624,
              9.985590553000065
            ],
            [
              118.94965985400006,
              9.98369014900004
            ],
            [
              118.93887997000002,
              9.978130728000053
            ],
            [
              118.93402195500005,
              9.987086573000056
            ],
            [
              118.90852760300004,
              10.075271723000071
            ],
            [
              118.89857043400002,
              10.115291651000064
            ],
            [
              118.96816516600006,
              10.111318981000068
            ]
          ]
        ]
      }
    },
    {
      "type": "Feature",
      "properties": {
        "geo_id": "geo_ph_0035",
        "name": "Palawan expedition",
        "component": "Puerto Princesa HUC / Santa Cruz",
        "source_geo_id": "geo_ph_0053",
        "source_psgc": "1731500000",
        "source_boundary_level": "huc"
      },
      "geometry": {
        "type": "Polygon",
        "coordinates": [
          [
            [
              118.74131799400004,
              9.985239740000054
            ],
            [
              118.75866823400008,
              9.946234855000057
            ],
            [
              118.77275452600009,
              9.939560760000063
            ],
            [
              118.76996629100006,
              9.92911715400004
            ],
            [
              118.75786911000012,
              9.932005317000062
            ],
            [
              118.75161075500012,
              9.922571018000042
            ],
            [
              118.7276276770001,
              9.934444977000055
            ],
            [
              118.72639955900001,
              9.945157237000046
            ],
            [
              118.7050529600001,
              9.95895857000005
            ],
            [
              118.7147739290001,
              9.995874767000032
            ],
            [
              118.74131799400004,
              9.985239740000054
            ]
          ]
        ]
      }
    },
    {
      "type": "Feature",
      "properties": {
        "geo_id": "geo_ph_0035",
        "name": "Palawan expedition",
        "component": "Puerto Princesa HUC / Santa Lourdes",
        "source_geo_id": "geo_ph_0053",
        "source_psgc": "1731500000",
        "source_boundary_level": "huc"
      },
      "geometry": {
        "type": "Polygon",
        "coordinates": [
          [
            [
              118.7450608790001,
              9.888663720000068
            ],
            [
              118.74316137400001,
              9.866279744000053
            ],
            [
              118.74571287300012,
              9.857480182000074
            ],
            [
              118.74285770000006,
              9.837869759000057
            ],
            [
              118.72506706100012,
              9.822939371000075
            ],
            [
              118.70849889400006,
              9.827371580000033
            ],
            [
              118.70169226500002,
              9.837506704000077
            ],
            [
              118.69199595900011,
              9.839262012000063
            ],
            [
              118.67338075200007,
              9.870921053000075
            ],
            [
              118.72929381600011,
              9.866002688000037
            ],
            [
              118.7450608790001,
              9.888663720000068
            ]
          ]
        ]
      }
    },
    {
      "type": "Feature",
      "properties": {
        "geo_id": "geo_ph_0035",
        "name": "Palawan expedition",
        "component": "Puerto Princesa HUC / Santa Lucia (Pob.)",
        "source_geo_id": "geo_ph_0053",
        "source_psgc": "1731500000",
        "source_boundary_level": "huc"
      },
      "geometry": {
        "type": "MultiPolygon",
        "coordinates": [
          [
            [
              [
                118.70499245500002,
                9.612866535000023
              ],
              [
                118.70496307300004,
                9.612886111000023
              ],
              [
                118.70505082800003,
                9.612919048000037
              ],
              [
                118.70499245500002,
                9.612866535000023
              ]
            ]
          ],
          [
            [
              [
                118.6997078280001,
                9.732525665000026
              ],
              [
                118.69451117300002,
                9.723253587000045
              ],
              [
                118.69944205600007,
                9.708872523000025
              ],
              [
                118.72462465100011,
                9.70814524800005
              ],
              [
                118.70510246300012,
                9.680587519000028
              ],
              [
                118.70032855600004,
                9.677305046000072
              ],
              [
                118.70259569500001,
                9.66008726800004
              ],
              [
                118.71090232900008,
                9.641862377000052
              ],
              [
                118.70490255900006,
                9.612831022000023
              ],
              [
                118.63043522700002,
                9.66442134500005
              ],
              [
                118.6561692350001,
                9.707897494000065
              ],
              [
                118.68424593800012,
                9.733267044000058
              ],
              [
                118.6997078280001,
                9.732525665000026
              ]
            ]
          ]
        ]
      }
    },
    {
      "type": "Feature",
      "properties": {
        "geo_id": "geo_ph_0035",
        "name": "Palawan expedition",
        "component": "Puerto Princesa HUC / Santa Monica",
        "source_geo_id": "geo_ph_0053",
        "source_psgc": "1731500000",
        "source_boundary_level": "huc"
      },
      "geometry": {
        "type": "Polygon",
        "coordinates": [
          [
            [
              118.74225100900003,
              9.806456266000055
            ],
            [
              118.7420772700001,
              9.781797736000044
            ],
            [
              118.7242913020001,
              9.783017243000074
            ],
            [
              118.72113078400002,
              9.78849608400003
            ],
            [
              118.72787546200004,
              9.796249981000074
            ],
            [
              118.72506706100012,
              9.822939371000075
            ],
            [
              118.74225100900003,
              9.806456266000055
            ]
          ]
        ]
      }
    },
    {
      "type": "Feature",
      "properties": {
        "geo_id": "geo_ph_0035",
        "name": "Palawan expedition",
        "component": "Puerto Princesa HUC / Seaside (Pob.)",
        "source_geo_id": "geo_ph_0053",
        "source_psgc": "1731500000",
        "source_boundary_level": "huc"
      },
      "geometry": {
        "type": "Polygon",
        "coordinates": [
          [
            [
              118.73414705100004,
              9.744345595000027
            ],
            [
              118.73327270000004,
              9.74248102000007
            ],
            [
              118.73214408000001,
              9.74251614000002
            ],
            [
              118.73232104500005,
              9.744328808000034
            ],
            [
              118.73414705100004,
              9.744345595000027
            ]
          ]
        ]
      }
    },
    {
      "type": "Feature",
      "properties": {
        "geo_id": "geo_ph_0035",
        "name": "Palawan expedition",
        "component": "Puerto Princesa HUC / Sicsican",
        "source_geo_id": "geo_ph_0053",
        "source_psgc": "1731500000",
        "source_boundary_level": "huc"
      },
      "geometry": {
        "type": "Polygon",
        "coordinates": [
          [
            [
              118.72506706100012,
              9.822939371000075
            ],
            [
              118.72787546200004,
              9.796249981000074
            ],
            [
              118.72113078400002,
              9.78849608400003
            ],
            [
              118.7144876860001,
              9.770657293000056
            ],
            [
              118.69768973400005,
              9.777226256000063
            ],
            [
              118.70786529400004,
              9.794517565000035
            ],
            [
              118.70594430000006,
              9.802458965000028
            ],
            [
              118.70849889400006,
              9.827371580000033
            ],
            [
              118.72506706100012,
              9.822939371000075
            ]
          ]
        ]
      }
    },
    {
      "type": "Feature",
      "properties": {
        "geo_id": "geo_ph_0035",
        "name": "Palawan expedition",
        "component": "Puerto Princesa HUC / Simpocan",
        "source_geo_id": "geo_ph_0053",
        "source_psgc": "1731500000",
        "source_boundary_level": "huc"
      },
      "geometry": {
        "type": "Polygon",
        "coordinates": [
          [
            [
              118.63613218100011,
              9.811281313000052
            ],
            [
              118.62776782700007,
              9.770714674000033
            ],
            [
              118.59293778900008,
              9.755327015000034
            ],
            [
              118.52801663800005,
              9.782860795000033
            ],
            [
              118.54092378700011,
              9.80069899700004
            ],
            [
              118.54065985200009,
              9.806378584000072
            ],
            [
              118.55380124400006,
              9.816136520000043
            ],
            [
              118.56833757800007,
              9.834682202000067
            ],
            [
              118.56838882600005,
              9.845807662000027
            ],
            [
              118.57583172900002,
              9.838461668000036
            ],
            [
              118.59619487500004,
              9.831230289000075
            ],
            [
              118.63613218100011,
              9.811281313000052
            ]
          ]
        ]
      }
    },
    {
      "type": "Feature",
      "properties": {
        "geo_id": "geo_ph_0035",
        "name": "Palawan expedition",
        "component": "Puerto Princesa HUC / Tagabinit",
        "source_geo_id": "geo_ph_0053",
        "source_psgc": "1731500000",
        "source_boundary_level": "huc"
      },
      "geometry": {
        "type": "Polygon",
        "coordinates": [
          [
            [
              118.89857043400002,
              10.115291651000064
            ],
            [
              118.90852760300004,
              10.075271723000071
            ],
            [
              118.8882374430001,
              10.082628027000055
            ],
            [
              118.87440657500008,
              10.068597839000063
            ],
            [
              118.85759654500009,
              10.071224007000069
            ],
            [
              118.84196746000009,
              10.079864780000037
            ],
            [
              118.83973192700012,
              10.104470444000071
            ],
            [
              118.83975717200008,
              10.104497378000076
            ],
            [
              118.83985374000008,
              10.104600405000042
            ],
            [
              118.83991100500009,
              10.104661500000077
            ],
            [
              118.84016000300005,
              10.104927153000062
            ],
            [
              118.8562923820001,
              10.121829388000037
            ],
            [
              118.858877344,
              10.10893492200006
            ],
            [
              118.89857043400002,
              10.115291651000064
            ]
          ]
        ]
      }
    },
    {
      "type": "Feature",
      "properties": {
        "geo_id": "geo_ph_0035",
        "name": "Palawan expedition",
        "component": "Puerto Princesa HUC / Tagburos",
        "source_geo_id": "geo_ph_0053",
        "source_psgc": "1731500000",
        "source_boundary_level": "huc"
      },
      "geometry": {
        "type": "Polygon",
        "coordinates": [
          [
            [
              118.76585545900002,
              9.814016571000025
            ],
            [
              118.75836510900001,
              9.805628682000076
            ],
            [
              118.74225100900003,
              9.806456266000055
            ],
            [
              118.72506706100012,
              9.822939371000075
            ],
            [
              118.74285770000006,
              9.837869759000057
            ],
            [
              118.75604841300003,
              9.827164089000064
            ],
            [
              118.75388774300006,
              9.81863025000007
            ],
            [
              118.76585545900002,
              9.814016571000025
            ]
          ]
        ]
      }
    },
    {
      "type": "Feature",
      "properties": {
        "geo_id": "geo_ph_0035",
        "name": "Palawan expedition",
        "component": "Puerto Princesa HUC / Tagumpay (Pob.)",
        "source_geo_id": "geo_ph_0053",
        "source_psgc": "1731500000",
        "source_boundary_level": "huc"
      },
      "geometry": {
        "type": "Polygon",
        "coordinates": [
          [
            [
              118.73667062100003,
              9.74242732700003
            ],
            [
              118.7365466330001,
              9.740361904000054
            ],
            [
              118.73496953000006,
              9.740387390000024
            ],
            [
              118.7330692700001,
              9.740520660000072
            ],
            [
              118.73327270000004,
              9.74248102000007
            ],
            [
              118.73414705100004,
              9.744345595000027
            ],
            [
              118.73573554500001,
              9.74439943300007
            ],
            [
              118.73667062100003,
              9.74242732700003
            ]
          ]
        ]
      }
    },
    {
      "type": "Feature",
      "properties": {
        "geo_id": "geo_ph_0035",
        "name": "Palawan expedition",
        "component": "Puerto Princesa HUC / Tanabag",
        "source_geo_id": "geo_ph_0053",
        "source_psgc": "1731500000",
        "source_boundary_level": "huc"
      },
      "geometry": {
        "type": "Polygon",
        "coordinates": [
          [
            [
              118.9954873480001,
              9.993110858000023
            ],
            [
              118.977435624,
              9.985590553000065
            ],
            [
              118.97442224600002,
              9.994486681000069
            ],
            [
              118.96816516600006,
              10.111318981000068
            ],
            [
              118.99466351300009,
              10.124085639000043
            ],
            [
              118.99102938500005,
              9.99984986100003
            ],
            [
              118.9954873480001,
              9.993110858000023
            ]
          ]
        ]
      }
    },
    {
      "type": "Feature",
      "properties": {
        "geo_id": "geo_ph_0035",
        "name": "Palawan expedition",
        "component": "Puerto Princesa HUC / Tanglaw (Pob.)",
        "source_geo_id": "geo_ph_0053",
        "source_psgc": "1731500000",
        "source_boundary_level": "huc"
      },
      "geometry": {
        "type": "Polygon",
        "coordinates": [
          [
            [
              118.74496570800011,
              9.739999616000034
            ],
            [
              118.74483813600011,
              9.737816681000027
            ],
            [
              118.74372970000002,
              9.734779012000047
            ],
            [
              118.74353270200004,
              9.733839458000034
            ],
            [
              118.74020614400001,
              9.736551253000073
            ],
            [
              118.74039275500002,
              9.737616421000041
            ],
            [
              118.74264684000002,
              9.74013887500007
            ],
            [
              118.74496570800011,
              9.739999616000034
            ]
          ]
        ]
      }
    },
    {
      "type": "Feature",
      "properties": {
        "geo_id": "geo_ph_0035",
        "name": "Palawan expedition",
        "component": "Puerto Princesa HUC / Barangay ng mga Mangingisda",
        "source_geo_id": "geo_ph_0053",
        "source_psgc": "1731500000",
        "source_boundary_level": "huc"
      },
      "geometry": {
        "type": "Polygon",
        "coordinates": [
          [
            [
              118.72377801100004,
              9.658618103000038
            ],
            [
              118.73432083900002,
              9.681787547000056
            ],
            [
              118.7619447720001,
              9.687291197000036
            ],
            [
              118.76059294900006,
              9.666600343000027
            ],
            [
              118.7477345740001,
              9.657253222000065
            ],
            [
              118.73466857100004,
              9.653520488000026
            ],
            [
              118.72377801100004,
              9.658618103000038
            ]
          ]
        ]
      }
    },
    {
      "type": "Feature",
      "properties": {
        "geo_id": "geo_ph_0035",
        "name": "Palawan expedition",
        "component": "Puerto Princesa HUC / Inagawan Sub-Colony",
        "source_geo_id": "geo_ph_0053",
        "source_psgc": "1731500000",
        "source_boundary_level": "huc"
      },
      "geometry": {
        "type": "Polygon",
        "coordinates": [
          [
            [
              118.70490255900006,
              9.612831022000023
            ],
            [
              118.70496307300004,
              9.612886111000023
            ],
            [
              118.70499245500002,
              9.612866535000023
            ],
            [
              118.70536566700002,
              9.612531911000076
            ],
            [
              118.70569516500007,
              9.612225385000045
            ],
            [
              118.69896939900002,
              9.601350615000058
            ],
            [
              118.69531847500002,
              9.584766012000046
            ],
            [
              118.67086158200004,
              9.56018421500005
            ],
            [
              118.66159597600006,
              9.560233028000027
            ],
            [
              118.64655143800007,
              9.562726381000061
            ],
            [
              118.62591696100003,
              9.540531786000031
            ],
            [
              118.59591059000002,
              9.51077179500004
            ],
            [
              118.58483468600002,
              9.525602129000049
            ],
            [
              118.54327299900001,
              9.569893256000057
            ],
            [
              118.54273160200012,
              9.582167337000044
            ],
            [
              118.55272522100006,
              9.640903502000072
            ],
            [
              118.63043522700002,
              9.66442134500005
            ],
            [
              118.70490255900006,
              9.612831022000023
            ]
          ]
        ]
      }
    },
    {
      "type": "Feature",
      "properties": {
        "geo_id": "geo_ph_0035",
        "name": "Palawan expedition",
        "component": "Puerto Princesa HUC / Luzviminda",
        "source_geo_id": "geo_ph_0053",
        "source_psgc": "1731500000",
        "source_boundary_level": "huc"
      },
      "geometry": {
        "type": "Polygon",
        "coordinates": [
          [
            [
              118.73432083900002,
              9.681787547000056
            ],
            [
              118.72377801100004,
              9.658618103000038
            ],
            [
              118.7209432730001,
              9.648422922000066
            ],
            [
              118.734732957,
              9.642067616000077
            ],
            [
              118.722323716,
              9.625857359000065
            ],
            [
              118.70505082800003,
              9.612919048000037
            ],
            [
              118.70496307300004,
              9.612886111000023
            ],
            [
              118.70490255900006,
              9.612831022000023
            ],
            [
              118.71090232900008,
              9.641862377000052
            ],
            [
              118.70259569500001,
              9.66008726800004
            ],
            [
              118.70032855600004,
              9.677305046000072
            ],
            [
              118.70510246300012,
              9.680587519000028
            ],
            [
              118.71961947000011,
              9.684603163000077
            ],
            [
              118.72399982500008,
              9.695064800000068
            ],
            [
              118.7325933080001,
              9.698175844000048
            ],
            [
              118.73432083900002,
              9.681787547000056
            ]
          ]
        ]
      }
    },
    {
      "type": "Feature",
      "properties": {
        "geo_id": "geo_ph_0035",
        "name": "Palawan expedition",
        "component": "Puerto Princesa HUC / Mandaragat",
        "source_geo_id": "geo_ph_0053",
        "source_psgc": "1731500000",
        "source_boundary_level": "huc"
      },
      "geometry": {
        "type": "Polygon",
        "coordinates": [
          [
            [
              118.74613451200003,
              9.750456730000053
            ],
            [
              118.74108133300001,
              9.745453276000035
            ],
            [
              118.73732803900009,
              9.746026578000055
            ],
            [
              118.73848251100003,
              9.752081160000046
            ],
            [
              118.74613451200003,
              9.750456730000053
            ]
          ]
        ]
      }
    },
    {
      "type": "Feature",
      "properties": {
        "geo_id": "geo_ph_0035",
        "name": "Palawan expedition",
        "component": "Puerto Princesa HUC / San Manuel",
        "source_geo_id": "geo_ph_0053",
        "source_psgc": "1731500000",
        "source_boundary_level": "huc"
      },
      "geometry": {
        "type": "Polygon",
        "coordinates": [
          [
            [
              118.772755791,
              9.791080725000029
            ],
            [
              118.77237550600012,
              9.765224748000037
            ],
            [
              118.74734506900006,
              9.764642095000056
            ],
            [
              118.7482248010001,
              9.780758689000038
            ],
            [
              118.772755791,
              9.791080725000029
            ]
          ]
        ]
      }
    },
    {
      "type": "Feature",
      "properties": {
        "geo_id": "geo_ph_0035",
        "name": "Palawan expedition",
        "component": "Puerto Princesa HUC / Tiniguiban",
        "source_geo_id": "geo_ph_0053",
        "source_psgc": "1731500000",
        "source_boundary_level": "huc"
      },
      "geometry": {
        "type": "Polygon",
        "coordinates": [
          [
            [
              118.7420772700001,
              9.781797736000044
            ],
            [
              118.7482248010001,
              9.780758689000038
            ],
            [
              118.74734506900006,
              9.764642095000056
            ],
            [
              118.73588715800008,
              9.766234545000032
            ],
            [
              118.7223848430001,
              9.77372401100007
            ],
            [
              118.7242022150001,
              9.782100330000048
            ],
            [
              118.72428798200008,
              9.782107505000056
            ],
            [
              118.7242913020001,
              9.783017243000074
            ],
            [
              118.7420772700001,
              9.781797736000044
            ]
          ]
        ]
      }
    }
  ]
}
