{
  "type": "FeatureCollection",
  "features": [
    {
      "type": "Feature",
      "properties": {
        "geo_id": "geo_ph_0013",
        "name": "Zamboanga Peninsula",
        "psgc": "0900000000",
        "boundary_level": "region",
        "component": "Zamboanga del Norte",
        "source_psgc": "0907200000"
      },
      "geometry": {
        "type": "Polygon",
        "coordinates": [
          [
            [
              123.55870746500013,
              8.270481135000068
            ],
            [
              123.55831622200003,
              8.294802987000025
            ],
            [
              123.56656830800011,
              8.315118446000044
            ],
            [
              123.56107968000003,
              8.34535582600006
            ],
            [
              123.56012617100009,
              8.38488652600006
            ],
            [
              123.5595297530001,
              8.479864054000075
            ],
            [
              123.55669766900007,
              8.501533075000054
            ],
            [
              123.55419153800007,
              8.56737269800004
            ],
            [
              123.55382672300004,
              8.61668256200005
            ],
            [
              123.54418510200004,
              8.625748065000037
            ],
            [
              123.52721412700008,
              8.629531762000056
            ],
            [
              123.51329023800008,
              8.621413087000063
            ],
            [
              123.48965376700005,
              8.640590786000075
            ],
            [
              123.4881020560001,
              8.660841376000064
            ],
            [
              123.49297860700005,
              8.669378689000043
            ],
            [
              123.50656632900008,
              8.680209037000054
            ],
            [
              123.50147061000007,
              8.699219419000032
            ],
            [
              123.4929015460001,
              8.699365472000068
            ],
            [
              123.48283246600009,
              8.686294017000021
            ],
            [
              123.47469751300004,
              8.681471755000075
            ],
            [
              123.46667142900003,
              8.688674526000055
            ],
            [
              123.45319420500005,
              8.692767155000068
            ],
            [
              123.43597002600006,
              8.715712408000055
            ],
            [
              123.38943492300005,
              8.727534594000078
            ],
            [
              123.38044989400008,
              8.726269006000052
            ],
            [
              123.38083719200007,
              8.704760972000031
            ],
            [
              123.39813818100005,
              8.700800400000047
            ],
            [
              123.40549569200006,
              8.695713405000047
            ],
            [
              123.39750121900009,
              8.676187827000035
            ],
            [
              123.41090355100005,
              8.672667653000074
            ],
            [
              123.42016298900013,
              8.66337161400003
            ],
            [
              123.4156308150001,
              8.646559431000071
            ],
            [
              123.40312307300009,
              8.632320670000071
            ],
            [
              123.392917634,
              8.62683107600003
            ],
            [
              123.37160966600004,
              8.64117242700007
            ],
            [
              123.3566092540001,
              8.63798585300003
            ],
            [
              123.34876466100003,
              8.625927876000048
            ],
            [
              123.33717708900008,
              8.593169455000067
            ],
            [
              123.33433728000011,
              8.574662352000075
            ],
            [
              123.3240350850001,
              8.54997744800005
            ],
            [
              123.30241664900007,
              8.521919928000045
            ],
            [
              123.2912791650001,
              8.515409877000023
            ],
            [
              123.276393879,
              8.51225560200004
            ],
            [
              123.25731983600008,
              8.514424078000046
            ],
            [
              123.24799674100007,
              8.520468985000036
            ],
            [
              123.23260916200003,
              8.521384288000037
            ],
            [
              123.19886399200004,
              8.532202203000052
            ],
            [
              123.18394051000007,
              8.533029159000021
            ],
            [
              123.14497881100012,
              8.524608734000028
            ],
            [
              123.10984065400008,
              8.52144259000005
            ],
            [
              123.0598605990001,
              8.513994870000033
            ],
            [
              123.04061490300012,
              8.490856033000055
            ],
            [
              123.03091099800008,
              8.48962658900007
            ],
            [
              123.022369765,
              8.471386659000073
            ],
            [
              123.0196886980001,
              8.447722083000027
            ],
            [
              123.00494681600003,
              8.424996247000022
            ],
            [
              122.98499795900011,
              8.418842444000063
            ],
            [
              122.97800209900002,
              8.400352689000043
            ],
            [
              122.98001341100006,
              8.379900238000058
            ],
            [
              122.98749971100007,
              8.363520686000072
            ],
            [
              122.9899145390001,
              8.349981633000029
            ],
            [
              122.98327860500001,
              8.328350083000032
            ],
            [
              122.9748031690001,
              8.31906612800003
            ],
            [
              122.96055673900001,
              8.314776087000041
            ],
            [
              122.94375613500007,
              8.315194104000055
            ],
            [
              122.93714341500004,
              8.306926471000056
            ],
            [
              122.95514250300005,
              8.277641307000067
            ],
            [
              122.96856329700007,
              8.261114464000059
            ],
            [
              122.99439942700008,
              8.25057700600007
            ],
            [
              122.9957818160001,
              8.214374975000053
            ],
            [
              122.98964910300005,
              8.20158273100003
            ],
            [
              122.97791281800006,
              8.198373200000049
            ],
            [
              122.9543289080001,
              8.182177181000041
            ],
            [
              122.9440998980001,
              8.169314217000021
            ],
            [
              122.90810793500009,
              8.144221643000039
            ],
            [
              122.88786101700009,
              8.145198905000031
            ],
            [
              122.86648613200008,
              8.141446274000034
            ],
            [
              122.86196571500011,
              8.146763588000056
            ],
            [
              122.85074354500011,
              8.135768207000071
            ],
            [
              122.82823437200013,
              8.124877861000074
            ],
            [
              122.80708053400006,
              8.119366343000022
            ],
            [
              122.7591028280001,
              8.11345151000006
            ],
            [
              122.73151573100007,
              8.111784717000035
            ],
            [
              122.70440404100009,
              8.114602400000024
            ],
            [
              122.68557952000003,
              8.121206762000043
            ],
            [
              122.6732915120001,
              8.141269297000065
            ],
            [
              122.67474939600005,
              8.156222092000064
            ],
            [
              122.66294684700006,
              8.162218669000024
            ],
            [
              122.65266544300006,
              8.145389662000069
            ],
            [
              122.637822389,
              8.134074507000035
            ],
            [
              122.62953613600007,
              8.113503538000032
            ],
            [
              122.6151810020001,
              8.103763043000072
            ],
            [
              122.5941422530001,
              8.099053245000048
            ],
            [
              122.58969285800003,
              8.086519618000068
            ],
            [
              122.56658330200004,
              8.077879935000057
            ],
            [
              122.55527963600002,
              8.07903701500004
            ],
            [
              122.54440056400006,
              8.074551343000053
            ],
            [
              122.52187375800008,
              8.075742022000043
            ],
            [
              122.51080123300005,
              8.06536076300006
            ],
            [
              122.49791800600008,
              8.066043564000038
            ],
            [
              122.47946847300011,
              8.072306139000032
            ],
            [
              122.46485531000006,
              8.07289565000002
            ],
            [
              122.40120463800008,
              8.047935682000057
            ],
            [
              122.35889202200006,
              8.042734716000037
            ],
            [
              122.33097826100006,
              8.027368113000021
            ],
            [
              122.32001875200001,
              8.019091809000031
            ],
            [
              122.30472454700009,
              8.017348606000041
            ],
            [
              122.2937478330001,
              8.012566667000046
            ],
            [
              122.28867870400006,
              8.004695522000077
            ],
            [
              122.26853357100005,
              7.997790891000022
            ],
            [
              122.25461274100007,
              7.98578385500002
            ],
            [
              122.24371591800002,
              7.970442860000048
            ],
            [
              122.22571898400008,
              7.959679701000026
            ],
            [
              122.22416962600006,
              7.94517561500004
            ],
            [
              122.23173555100006,
              7.938298575000035
            ],
            [
              122.2327126880001,
              7.926188113000023
            ],
            [
              122.22593046700003,
              7.907280179000054
            ],
            [
              122.20482238800003,
              7.884235237000041
            ],
            [
              122.18962539800009,
              7.874692182000046
            ],
            [
              122.17084760300008,
              7.868975287000069
            ],
            [
              122.16027332400007,
              7.858164595000062
            ],
            [
              122.15811562800002,
              7.848032785000043
            ],
            [
              122.14453148000007,
              7.827542267000068
            ],
            [
              122.14294030300005,
              7.808080488000029
            ],
            [
              122.12290764800004,
              7.79691498600005
            ],
            [
              122.12497103900012,
              7.788564303000042
            ],
            [
              122.12003324500004,
              7.776898115000052
            ],
            [
              122.10872127000006,
              7.772956223000051
            ],
            [
              122.12419862100012,
              7.755573532000027
            ],
            [
              122.10037429400006,
              7.760012969000057
            ],
            [
              122.09939319700005,
              7.749557863000065
            ],
            [
              122.08906121700011,
              7.743519110000021
            ],
            [
              122.09846280500005,
              7.725095987000031
            ],
            [
              122.10661773300002,
              7.730201077000059
            ],
            [
              122.11659444100007,
              7.722536439000066
            ],
            [
              122.12488273100007,
              7.690451393000043
            ],
            [
              122.13367472100002,
              7.674594876000072
            ],
            [
              122.13544764200002,
              7.643957341000034
            ],
            [
              122.12451638900006,
              7.628927217000066
            ],
            [
              122.1217072720001,
              7.610643343000051
            ],
            [
              122.10976152700006,
              7.60586548700007
            ],
            [
              122.10550927600002,
              7.596114469000042
            ],
            [
              122.12127449300012,
              7.582568515000047
            ],
            [
              122.12954458100013,
              7.591224634000072
            ],
            [
              122.135971691,
              7.589126712000052
            ],
            [
              122.14301116600008,
              7.574091286000057
            ],
            [
              122.13988460600002,
              7.56315544900002
            ],
            [
              122.12790213400001,
              7.555086875000029
            ],
            [
              122.1133258550001,
              7.551286239000034
            ],
            [
              122.11283999800004,
              7.542400153000073
            ],
            [
              122.10228763600003,
              7.535313085000042
            ],
            [
              122.10528136500011,
              7.52853616900006
            ],
            [
              122.09294376800007,
              7.521427718000042
            ],
            [
              122.08461263600009,
              7.526920140000072
            ],
            [
              122.07350287700001,
              7.521957721000037
            ],
            [
              122.07171195800002,
              7.513616349000072
            ],
            [
              122.09042286700003,
              7.496462275000056
            ],
            [
              122.07528080100008,
              7.488954669000064
            ],
            [
              122.06940261700004,
              7.466671557000039
            ],
            [
              122.06260667600009,
              7.452572745000055
            ],
            [
              122.05500570500011,
              7.446232561000047
            ],
            [
              122.06023136800002,
              7.435470072000043
            ],
            [
              122.05922857400003,
              7.410683138000024
            ],
            [
              122.05588487900002,
              7.39733493400007
            ],
            [
              122.0439649870001,
              7.380804251000028
            ],
            [
              122.04814764400011,
              7.371325984000063
            ],
            [
              122.03121319000003,
              7.358093754000037
            ],
            [
              122.03676926800007,
              7.327557870000019
            ],
            [
              122.05178300800003,
              7.314648889000068
            ],
            [
              122.06402666800012,
              7.314883957000066
            ],
            [
              122.06438307400002,
              7.297149649000063
            ],
            [
              122.06001641500008,
              7.287713665000069
            ],
            [
              122.0122550840001,
              7.27840671100006
            ],
            [
              122.01295814400011,
              7.267740110000035
            ],
            [
              122.0066516490001,
              7.261072300000022
            ],
            [
              121.99085431500009,
              7.258208171000034
            ],
            [
              121.97209422800006,
              7.246874
            ],
            [
              121.96255938500008,
              7.235350587000029
            ],
            [
              121.96103130700008,
              7.227450286000022
            ],
            [
              121.94265935300007,
              7.213762794000045
            ],
            [
              121.92334643700006,
              7.188782738000043
            ],
            [
              121.91415947200005,
              7.169883550000065
            ],
            [
              121.90969927800008,
              7.153749580000067
            ],
            [
              121.92089211700011,
              7.14038356900005
            ],
            [
              121.9473505310001,
              7.150126059000057
            ],
            [
              122.02562847100013,
              7.151202745000035
            ],
            [
              122.07638888800011,
              7.149999999000045
            ],
            [
              122.09482637400004,
              7.164541586000042
            ],
            [
              122.09495750400004,
              7.181303358000036
            ],
            [
              122.13640758300005,
              7.219264487000033
            ],
            [
              122.14592660000005,
              7.241872963000048
            ],
            [
              122.14195293600007,
              7.255936617000033
            ],
            [
              122.14643304800006,
              7.266338267000036
            ],
            [
              122.16104210700007,
              7.261429623000027
            ],
            [
              122.17397410700003,
              7.267030959000065
            ],
            [
              122.18084260100011,
              7.281842348000054
            ],
            [
              122.15990795200004,
              7.345544288000043
            ],
            [
              122.16058501600003,
              7.366221793000019
            ],
            [
              122.17486160500005,
              7.39179979800002
            ],
            [
              122.17916934100005,
              7.415296543000066
            ],
            [
              122.18876384600004,
              7.43056942800007
            ],
            [
              122.2171557470001,
              7.443884250000053
            ],
            [
              122.22642173100006,
              7.453312805000051
            ],
            [
              122.23725267200007,
              7.477232975000051
            ],
            [
              122.25609656300001,
              7.484447055000035
            ],
            [
              122.27115422700001,
              7.499864672000059
            ],
            [
              122.25943144100006,
              7.504945442000064
            ],
            [
              122.28996409100012,
              7.568382984000038
            ],
            [
              122.30660563800006,
              7.600986349000041
            ],
            [
              122.33104525800002,
              7.683258695000061
            ],
            [
              122.34446508500004,
              7.695724514000061
            ],
            [
              122.34612718900006,
              7.724802668000051
            ],
            [
              122.36312939100004,
              7.753678413000047
            ],
            [
              122.41029707100006,
              7.768642983000064
            ],
            [
              122.37457622500004,
              7.804584514000055
            ],
            [
              122.400082827,
              7.855516670000042
            ],
            [
              122.4054579220001,
              7.869266685000071
            ],
            [
              122.44430973400007,
              7.872515661000021
            ],
            [
              122.44258025100011,
              7.856635998000055
            ],
            [
              122.46984682900006,
              7.856663172000027
            ],
            [
              122.47569574400008,
              7.858695506000061
            ],
            [
              122.4812389880001,
              7.883948610000061
            ],
            [
              122.50853790600002,
              7.890928188000033
            ],
            [
              122.52864874900003,
              7.887280793000058
            ],
            [
              122.5571805100001,
              7.893704899000055
            ],
            [
              122.579307276,
              7.928364448000027
            ],
            [
              122.59899246700002,
              7.919067723000067
            ],
            [
              122.6060208650001,
              7.921113087000039
            ],
            [
              122.62137824000001,
              7.933525176000047
            ],
            [
              122.62915111400002,
              7.934350902000062
            ],
            [
              122.64964690100011,
              7.913756275000027
            ],
            [
              122.64884751200009,
              7.901073291000047
            ],
            [
              122.65848457900007,
              7.901622032000033
            ],
            [
              122.68115488800004,
              7.886663368000031
            ],
            [
              122.68360728000005,
              7.890802997000037
            ],
            [
              122.70089395500008,
              7.895603638000067
            ],
            [
              122.7218198270001,
              7.894265104000057
            ],
            [
              122.72960358400007,
              7.913917289000041
            ],
            [
              122.73104847200011,
              7.926819426000065
            ],
            [
              122.74246835500004,
              7.938950943000067
            ],
            [
              122.74526241800004,
              7.951711293000074
            ],
            [
              122.823253238,
              7.952614371000038
            ],
            [
              122.86169715700011,
              7.942091
            ],
            [
              122.91959093000004,
              7.937764762000029
            ],
            [
              122.92021159200011,
              7.92168106200006
            ],
            [
              122.97527728500008,
              7.918960376000028
            ],
            [
              122.98910098400007,
              7.936725960000045
            ],
            [
              123.00295275100008,
              7.946688159000074
            ],
            [
              123.03161789900003,
              7.962553590000026
            ],
            [
              123.08061614500004,
              7.992241348000053
            ],
            [
              123.15320972700012,
              8.00497711400004
            ],
            [
              123.16045180600008,
              8.003078705000066
            ],
            [
              123.17302855500009,
              8.013203840000072
            ],
            [
              123.18418736200012,
              8.04968802600007
            ],
            [
              123.16323622000006,
              8.049709409000057
            ],
            [
              123.15319331100011,
              8.054876052000052
            ],
            [
              123.17091574800008,
              8.076287079000053
            ],
            [
              123.18021323500011,
              8.082560807000046
            ],
            [
              123.1733627430001,
              8.097194948000038
            ],
            [
              123.16129314300008,
              8.111359966000066
            ],
            [
              123.19201243100008,
              8.144058338000034
            ],
            [
              123.19245453800012,
              8.175150099000064
            ],
            [
              123.20726274400012,
              8.176462908000074
            ],
            [
              123.215415579,
              8.187020706000055
            ],
            [
              123.22031974600007,
              8.241586507000022
            ],
            [
              123.23232027000007,
              8.245421945000036
            ],
            [
              123.22968181000012,
              8.25817820000003
            ],
            [
              123.24270495200007,
              8.26173335900006
            ],
            [
              123.25762549600006,
              8.238274949000074
            ],
            [
              123.30632557700007,
              8.235138896000025
            ],
            [
              123.32154367700002,
              8.23919130400003
            ],
            [
              123.33024428200008,
              8.230701519000036
            ],
            [
              123.34830849000004,
              8.22233516500006
            ],
            [
              123.38109045300006,
              8.224666884000044
            ],
            [
              123.40222656300011,
              8.230011
            ],
            [
              123.41316768900003,
              8.235897236000028
            ],
            [
              123.42185322400009,
              8.232719784000036
            ],
            [
              123.43524109600003,
              8.236733050000055
            ],
            [
              123.44501811000009,
              8.233949711000037
            ],
            [
              123.45492453000008,
              8.248775914000019
            ],
            [
              123.47798319300013,
              8.258342397000037
            ],
            [
              123.50105105000011,
              8.26231904300005
            ],
            [
              123.51228994600001,
              8.259952988000068
            ],
            [
              123.539382971,
              8.264473919000066
            ],
            [
              123.55870746500013,
              8.270481135000068
            ]
          ]
        ]
      }
    },
    {
      "type": "Feature",
      "properties": {
        "geo_id": "geo_ph_0013",
        "name": "Zamboanga Peninsula",
        "psgc": "0900000000",
        "boundary_level": "region",
        "component": "Zamboanga del Sur",
        "source_psgc": "0907300000"
      },
      "geometry": {
        "type": "MultiPolygon",
        "coordinates": [
          [
            [
              [
                123.55870746500013,
                8.270481135000068
              ],
              [
                123.539382971,
                8.264473919000066
              ],
              [
                123.51228994600001,
                8.259952988000068
              ],
              [
                123.50105105000011,
                8.26231904300005
              ],
              [
                123.47798319300013,
                8.258342397000037
              ],
              [
                123.45492453000008,
                8.248775914000019
              ],
              [
                123.44501811000009,
                8.233949711000037
              ],
              [
                123.43524109600003,
                8.236733050000055
              ],
              [
                123.42185322400009,
                8.232719784000036
              ],
              [
                123.41316768900003,
                8.235897236000028
              ],
              [
                123.40222656300011,
                8.230011
              ],
              [
                123.38109045300006,
                8.224666884000044
              ],
              [
                123.34830849000004,
                8.22233516500006
              ],
              [
                123.33024428200008,
                8.230701519000036
              ],
              [
                123.32154367700002,
                8.23919130400003
              ],
              [
                123.30632557700007,
                8.235138896000025
              ],
              [
                123.25762549600006,
                8.238274949000074
              ],
              [
                123.24270495200007,
                8.26173335900006
              ],
              [
                123.22968181000012,
                8.25817820000003
              ],
              [
                123.23232027000007,
                8.245421945000036
              ],
              [
                123.22031974600007,
                8.241586507000022
              ],
              [
                123.215415579,
                8.187020706000055
              ],
              [
                123.20726274400012,
                8.176462908000074
              ],
              [
                123.19245453800012,
                8.175150099000064
              ],
              [
                123.19201243100008,
                8.144058338000034
              ],
              [
                123.16129314300008,
                8.111359966000066
              ],
              [
                123.1733627430001,
                8.097194948000038
              ],
              [
                123.18021323500011,
                8.082560807000046
              ],
              [
                123.17091574800008,
                8.076287079000053
              ],
              [
                123.15319331100011,
                8.054876052000052
              ],
              [
                123.16323622000006,
                8.049709409000057
              ],
              [
                123.18418736200012,
                8.04968802600007
              ],
              [
                123.17302855500009,
                8.013203840000072
              ],
              [
                123.16045180600008,
                8.003078705000066
              ],
              [
                123.15320972700012,
                8.00497711400004
              ],
              [
                123.08061614500004,
                7.992241348000053
              ],
              [
                123.03161789900003,
                7.962553590000026
              ],
              [
                123.00295275100008,
                7.946688159000074
              ],
              [
                122.98910098400007,
                7.936725960000045
              ],
              [
                122.97527728500008,
                7.918960376000028
              ],
              [
                122.92021159200011,
                7.92168106200006
              ],
              [
                122.91294454500009,
                7.88068614300005
              ],
              [
                122.93544048000003,
                7.872055601000056
              ],
              [
                122.95636298900001,
                7.868233789000044
              ],
              [
                122.97414403900007,
                7.848889508000069
              ],
              [
                122.9854764160001,
                7.845067276000065
              ],
              [
                122.98539808600005,
                7.82452055500005
              ],
              [
                123.00281667900002,
                7.818741371000043
              ],
              [
                123.00505806900003,
                7.812003448000043
              ],
              [
                123.01709007500006,
                7.811577171000066
              ],
              [
                123.02041124100005,
                7.819709899000031
              ],
              [
                123.04856894700005,
                7.819581332000039
              ],
              [
                123.05899591700008,
                7.808214593000058
              ],
              [
                123.07890083200006,
                7.820735923000031
              ],
              [
                123.09318624000004,
                7.814199836000056
              ],
              [
                123.09923774400009,
                7.794769691000057
              ],
              [
                123.10692375700013,
                7.784130683000058
              ],
              [
                123.08766077300004,
                7.764596037000048
              ],
              [
                123.08568820200003,
                7.740078737000031
              ],
              [
                123.08917924200013,
                7.725688812000045
              ],
              [
                123.08431667000002,
                7.71190992400005
              ],
              [
                123.08658299900003,
                7.695965122000073
              ],
              [
                123.09721826300006,
                7.705587462000039
              ],
              [
                123.10251995400006,
                7.703070255000055
              ],
              [
                123.11010627400005,
                7.717790370000046
              ],
              [
                123.11763923400008,
                7.722232849000021
              ],
              [
                123.13110084800007,
                7.714348056000064
              ],
              [
                123.14291461800009,
                7.700968686000065
              ],
              [
                123.1456556170001,
                7.687915030000054
              ],
              [
                123.12679970800004,
                7.673330365000028
              ],
              [
                123.12822303400003,
                7.660438915000042
              ],
              [
                123.13872198400009,
                7.650061193000057
              ],
              [
                123.15347022900005,
                7.646437113000045
              ],
              [
                123.15642226000011,
                7.640281901000039
              ],
              [
                123.17458754200004,
                7.634900037000024
              ],
              [
                123.18099316200005,
                7.621375181000078
              ],
              [
                123.18991164900002,
                7.611493767000068
              ],
              [
                123.19579495000006,
                7.588570978000066
              ],
              [
                123.18506366600002,
                7.584158624000052
              ],
              [
                123.17363549600009,
                7.574349995000035
              ],
              [
                123.16148613800009,
                7.582300072000066
              ],
              [
                123.1470982410001,
                7.576678666000021
              ],
              [
                123.1312341360001,
                7.580284820000032
              ],
              [
                123.13281632800012,
                7.594746093000027
              ],
              [
                123.1225251200001,
                7.604092513000068
              ],
              [
                123.10171836600011,
                7.604546744000061
              ],
              [
                123.10299116100008,
                7.598664558000054
              ],
              [
                123.1202428680001,
                7.58952972900005
              ],
              [
                123.13136898800009,
                7.569564189000063
              ],
              [
                123.10230872400007,
                7.557042538000076
              ],
              [
                123.1070456450001,
                7.547502704000067
              ],
              [
                123.10216424300006,
                7.537977389000048
              ],
              [
                123.11317624400012,
                7.529125439000037
              ],
              [
                123.11587199100006,
                7.513951185000054
              ],
              [
                123.13918985700002,
                7.499435110000035
              ],
              [
                123.16152631600005,
                7.497047913000074
              ],
              [
                123.16193883900007,
                7.481675628000061
              ],
              [
                123.166201901,
                7.470526157000052
              ],
              [
                123.17422794200002,
                7.466132781000056
              ],
              [
                123.18411915800006,
                7.469282515000033
              ],
              [
                123.18919759700009,
                7.482477458000062
              ],
              [
                123.1982864700001,
                7.484567271000061
              ],
              [
                123.18215255000007,
                7.50508637400003
              ],
              [
                123.21673571500003,
                7.526115789000072
              ],
              [
                123.2273772000001,
                7.537719212000072
              ],
              [
                123.24253575000013,
                7.529589943000074
              ],
              [
                123.2622088510001,
                7.533081059000038
              ],
              [
                123.28003624300003,
                7.530579971000066
              ],
              [
                123.3003563430001,
                7.531862979000039
              ],
              [
                123.30705558400007,
                7.523413711000046
              ],
              [
                123.2900353120001,
                7.509553028000028
              ],
              [
                123.29281053000011,
                7.492787517000068
              ],
              [
                123.28218861200003,
                7.47410913500005
              ],
              [
                123.28522735400009,
                7.467040986000031
              ],
              [
                123.3158176720001,
                7.448449663000074
              ],
              [
                123.3221764230001,
                7.441924767000045
              ],
              [
                123.32429681800012,
                7.423744906000025
              ],
              [
                123.33434804500007,
                7.412923689000025
              ],
              [
                123.37526330500009,
                7.399249164000026
              ],
              [
                123.38095136000004,
                7.392711901000042
              ],
              [
                123.38132754700008,
                7.37722075800002
              ],
              [
                123.38922858300009,
                7.37372914300005
              ],
              [
                123.40570730200011,
                7.357656295000027
              ],
              [
                123.42092530700006,
                7.362092819000053
              ],
              [
                123.42473458100007,
                7.374077339000053
              ],
              [
                123.44789991200003,
                7.36924252600005
              ],
              [
                123.45331330700004,
                7.375660854000046
              ],
              [
                123.44788351100011,
                7.386907283000029
              ],
              [
                123.43951559000004,
                7.421536361000049
              ],
              [
                123.4498778640001,
                7.434792861000062
              ],
              [
                123.43581535100009,
                7.452984853000032
              ],
              [
                123.42564379600005,
                7.45569927500003
              ],
              [
                123.41246096000009,
                7.46729576200005
              ],
              [
                123.40498665700011,
                7.460403714000051
              ],
              [
                123.39548055300008,
                7.469145693000029
              ],
              [
                123.3802627980001,
                7.49231773200006
              ],
              [
                123.382740859,
                7.528205049000063
              ],
              [
                123.36986384700003,
                7.538840894000033
              ],
              [
                123.36389535900004,
                7.537146871000061
              ],
              [
                123.33760487300003,
                7.548460521000034
              ],
              [
                123.33832520900013,
                7.570345641000077
              ],
              [
                123.35586989800004,
                7.579746708000074
              ],
              [
                123.37095872700003,
                7.57477650800007
              ],
              [
                123.38788258300008,
                7.555780536000044
              ],
              [
                123.39420482800006,
                7.566843280000057
              ],
              [
                123.38931062800009,
                7.576486909000038
              ],
              [
                123.3918070850001,
                7.586002134000068
              ],
              [
                123.38368021100007,
                7.590162630000065
              ],
              [
                123.3826684170001,
                7.602166640000065
              ],
              [
                123.40391450900006,
                7.61444365400007
              ],
              [
                123.41540116300008,
                7.617927114000052
              ],
              [
                123.42291609900006,
                7.614669718000074
              ],
              [
                123.43583871500006,
                7.62421514400006
              ],
              [
                123.44262275000006,
                7.623464636000049
              ],
              [
                123.4631153370001,
                7.633179416000075
              ],
              [
                123.4649848250001,
                7.649614554000038
              ],
              [
                123.47605176500008,
                7.667475873000059
              ],
              [
                123.4753515760001,
                7.67691836600005
              ],
              [
                123.48223362600004,
                7.681703740000046
              ],
              [
                123.48193741800003,
                7.694238200000029
              ],
              [
                123.4764905820001,
                7.702325501000076
              ],
              [
                123.48201676200004,
                7.712655740000057
              ],
              [
                123.47670427900003,
                7.719606356000043
              ],
              [
                123.4826251290001,
                7.727387698000028
              ],
              [
                123.47176936200002,
                7.742995278000022
              ],
              [
                123.45844052400001,
                7.743523337000059
              ],
              [
                123.44104763800011,
                7.750728164000066
              ],
              [
                123.44369608400007,
                7.760769821000053
              ],
              [
                123.42695465300007,
                7.763972937000061
              ],
              [
                123.41990379200003,
                7.77171745800007
              ],
              [
                123.43000501700008,
                7.781251350000049
              ],
              [
                123.430526127,
                7.793440749000066
              ],
              [
                123.42593931600004,
                7.80120774200003
              ],
              [
                123.42694127200002,
                7.816595721000054
              ],
              [
                123.44598503100009,
                7.819610760000048
              ],
              [
                123.46045780500002,
                7.811934227000051
              ],
              [
                123.47217092500011,
                7.819604132000051
              ],
              [
                123.48490163500003,
                7.819605137000052
              ],
              [
                123.50017014500007,
                7.830249886000047
              ],
              [
                123.52863060600009,
                7.836623006000026
              ],
              [
                123.54387959400003,
                7.847832499000049
              ],
              [
                123.57314120100011,
                7.851425033000051
              ],
              [
                123.59804599500002,
                7.833239233000029
              ],
              [
                123.60868472400013,
                7.835866423000025
              ],
              [
                123.61748561,
                7.827769423000064
              ],
              [
                123.62413370100013,
                7.830433768000034
              ],
              [
                123.62337728000013,
                7.84693984800003
              ],
              [
                123.63238119200003,
                7.856142835000069
              ],
              [
                123.63365937400012,
                7.868724675000066
              ],
              [
                123.64884718100006,
                7.877529908000044
              ],
              [
                123.65928514200006,
                7.877206733000037
              ],
              [
                123.66543018100003,
                7.891538716000071
              ],
              [
                123.65769276100002,
                7.898696604000065
              ],
              [
                123.66354640300007,
                7.922497570000077
              ],
              [
                123.63503351900012,
                7.932721924000022
              ],
              [
                123.64034247000008,
                7.946224563000045
              ],
              [
                123.64985195300005,
                7.959801629000025
              ],
              [
                123.64015587900008,
                7.966418935000037
              ],
              [
                123.64436468300005,
                7.99171923800003
              ],
              [
                123.66008030500005,
                7.99605772700005
              ],
              [
                123.66079608100006,
                8.002985252000029
              ],
              [
                123.64940777600009,
                8.019597698000041
              ],
              [
                123.64278,
                8.008610001000022
              ],
              [
                123.63583,
                8.013890001000052
              ],
              [
                123.62716540700002,
                8.028478054000061
              ],
              [
                123.6165929550001,
                8.033723301000064
              ],
              [
                123.60114335100002,
                8.026000753000062
              ],
              [
                123.58008636800002,
                8.027296160000047
              ],
              [
                123.56117891200006,
                8.02504065200003
              ],
              [
                123.5595406880001,
                8.053254052000055
              ],
              [
                123.562114887,
                8.080917875000068
              ],
              [
                123.55807546900009,
                8.180193381000038
              ],
              [
                123.55764576900003,
                8.227687116000027
              ],
              [
                123.55870746500013,
                8.270481135000068
              ]
            ]
          ],
          [
            [
              [
                122.35241963500005,
                7.457650736000059
              ],
              [
                122.34115385300004,
                7.465257314000041
              ],
              [
                122.310042908,
                7.474818934000041
              ],
              [
                122.29741300600006,
                7.488947299000075
              ],
              [
                122.28827951800008,
                7.513065417000062
              ],
              [
                122.27436521900006,
                7.507785119000062
              ],
              [
                122.27115422700001,
                7.499864672000059
              ],
              [
                122.25609656300001,
                7.484447055000035
              ],
              [
                122.23725267200007,
                7.477232975000051
              ],
              [
                122.22642173100006,
                7.453312805000051
              ],
              [
                122.2171557470001,
                7.443884250000053
              ],
              [
                122.18876384600004,
                7.43056942800007
              ],
              [
                122.17916934100005,
                7.415296543000066
              ],
              [
                122.17486160500005,
                7.39179979800002
              ],
              [
                122.16058501600003,
                7.366221793000019
              ],
              [
                122.15990795200004,
                7.345544288000043
              ],
              [
                122.18084260100011,
                7.281842348000054
              ],
              [
                122.17397410700003,
                7.267030959000065
              ],
              [
                122.16104210700007,
                7.261429623000027
              ],
              [
                122.14643304800006,
                7.266338267000036
              ],
              [
                122.14195293600007,
                7.255936617000033
              ],
              [
                122.14592660000005,
                7.241872963000048
              ],
              [
                122.13640758300005,
                7.219264487000033
              ],
              [
                122.09495750400004,
                7.181303358000036
              ],
              [
                122.09482637400004,
                7.164541586000042
              ],
              [
                122.07638888800011,
                7.149999999000045
              ],
              [
                122.02562847100013,
                7.151202745000035
              ],
              [
                121.9473505310001,
                7.150126059000057
              ],
              [
                121.92089211700011,
                7.14038356900005
              ],
              [
                121.90969927800008,
                7.153749580000067
              ],
              [
                121.90160005600002,
                7.144346197000061
              ],
              [
                121.90356947700002,
                7.12377258400005
              ],
              [
                121.89804595200007,
                7.110897376000025
              ],
              [
                121.90142260500009,
                7.103977924000048
              ],
              [
                121.89753540000004,
                7.078916460000072
              ],
              [
                121.90432463800006,
                7.063490094000029
              ],
              [
                121.91263483500006,
                7.031113730000073
              ],
              [
                121.91896925500009,
                7.017551584000045
              ],
              [
                121.92320427600008,
                6.988410138000063
              ],
              [
                121.93425103500012,
                6.971056228000066
              ],
              [
                121.9482376100001,
                6.955820808000055
              ],
              [
                121.96016952400011,
                6.948524587000064
              ],
              [
                121.97111872600009,
                6.95428369800004
              ],
              [
                121.97767897600009,
                6.952209525000058
              ],
              [
                121.9906811960001,
                6.939590555000053
              ],
              [
                122.02586196000004,
                6.919935436000059
              ],
              [
                122.05389158200002,
                6.910324605000026
              ],
              [
                122.06024299700006,
                6.91139326700005
              ],
              [
                122.0746286860001,
                6.901618461000055
              ],
              [
                122.11284617900003,
                6.889040597000076
              ],
              [
                122.15021286900004,
                6.906473965000032
              ],
              [
                122.15922114900002,
                6.916042091000065
              ],
              [
                122.16229486800012,
                6.932339161000072
              ],
              [
                122.1839792500001,
                6.95100508400003
              ],
              [
                122.1843403270001,
                6.973386310000024
              ],
              [
                122.19206739900007,
                7.00327089800004
              ],
              [
                122.20484039000009,
                7.026651025000035
              ],
              [
                122.202971853,
                7.037438559000067
              ],
              [
                122.2125750890001,
                7.057919481000055
              ],
              [
                122.20586940400007,
                7.070010911000053
              ],
              [
                122.22687727500012,
                7.086194043000033
              ],
              [
                122.23427690800008,
                7.083366772000034
              ],
              [
                122.24097676700002,
                7.097824357000037
              ],
              [
                122.25172516200008,
                7.105551122000064
              ],
              [
                122.25873318000004,
                7.121029703000032
              ],
              [
                122.25348429700011,
                7.132005229000072
              ],
              [
                122.24460749500008,
                7.136625843000047
              ],
              [
                122.25775033800005,
                7.148285411000074
              ],
              [
                122.26014947300007,
                7.159403820000024
              ],
              [
                122.24789212700013,
                7.187673632000043
              ],
              [
                122.26217729100006,
                7.203730417000033
              ],
              [
                122.26798332200009,
                7.222302361000059
              ],
              [
                122.27782839900009,
                7.231640886000036
              ],
              [
                122.2782110590001,
                7.250304273000041
              ],
              [
                122.2834331150001,
                7.256891915000038
              ],
              [
                122.2802674720001,
                7.265460228000053
              ],
              [
                122.29030020700009,
                7.279048330000024
              ],
              [
                122.29028368500008,
                7.321523505000075
              ],
              [
                122.30399577600008,
                7.336059379000061
              ],
              [
                122.31366838700002,
                7.32277483200005
              ],
              [
                122.32750109200003,
                7.316756793000024
              ],
              [
                122.33010532400012,
                7.30972723700006
              ],
              [
                122.34412297500012,
                7.317822275000028
              ],
              [
                122.356701573,
                7.330203725000047
              ],
              [
                122.36374550200001,
                7.342383904000029
              ],
              [
                122.3726587020001,
                7.347743701000067
              ],
              [
                122.37931468600006,
                7.371793282000055
              ],
              [
                122.39126354700012,
                7.386472234000053
              ],
              [
                122.38722300100005,
                7.393932977000074
              ],
              [
                122.3742975560001,
                7.391795569000065
              ],
              [
                122.35591045900003,
                7.401261304000058
              ],
              [
                122.35371920500005,
                7.413055827000049
              ],
              [
                122.34485453100002,
                7.424845797000044
              ],
              [
                122.34610010700008,
                7.44217842200004
              ],
              [
                122.35241963500005,
                7.457650736000059
              ]
            ]
          ],
          [
            [
              [
                122.2009405780001,
                6.919765202000063
              ],
              [
                122.20786887400004,
                6.937402532000021
              ],
              [
                122.2205880250001,
                6.938190527000074
              ],
              [
                122.24312809200002,
                6.953754215000061
              ],
              [
                122.2654729740001,
                6.953487313000038
              ],
              [
                122.27424543500001,
                6.959541231000059
              ],
              [
                122.28384724600005,
                6.974771445000044
              ],
              [
                122.28039244100012,
                6.988539493000073
              ],
              [
                122.27122011900009,
                7.000157834000049
              ],
              [
                122.24509637300004,
                6.992070637000039
              ],
              [
                122.22895355300011,
                6.991334454000025
              ],
              [
                122.21534306300009,
                6.981043310000074
              ],
              [
                122.20875873000013,
                6.97195006100003
              ],
              [
                122.20955865000008,
                6.956011033000038
              ],
              [
                122.19836530600003,
                6.952135565000049
              ],
              [
                122.20239033400004,
                6.941481818000056
              ],
              [
                122.19516806200012,
                6.93103656200003
              ],
              [
                122.2009405780001,
                6.919765202000063
              ]
            ]
          ],
          [
            [
              [
                122.27848161500005,
                6.893115523000063
              ],
              [
                122.27341224300007,
                6.882583110000042
              ],
              [
                122.29316892100007,
                6.874461196000026
              ],
              [
                122.28899808200002,
                6.889694785000073
              ],
              [
                122.27848161500005,
                6.893115523000063
              ]
            ]
          ],
          [
            [
              [
                122.06244328200012,
                6.858118159000071
              ],
              [
                122.07376018500008,
                6.864247822000038
              ],
              [
                122.0619535390001,
                6.87257138800004
              ],
              [
                122.05234543000006,
                6.866933869000035
              ],
              [
                122.06244328200012,
                6.858118159000071
              ]
            ]
          ]
        ]
      }
    },
    {
      "type": "Feature",
      "properties": {
        "geo_id": "geo_ph_0013",
        "name": "Zamboanga Peninsula",
        "psgc": "0900000000",
        "boundary_level": "region",
        "component": "Zamboanga Sibugay",
        "source_psgc": "0908300000"
      },
      "geometry": {
        "type": "MultiPolygon",
        "coordinates": [
          [
            [
              [
                122.92021159200011,
                7.92168106200006
              ],
              [
                122.91959093000004,
                7.937764762000029
              ],
              [
                122.86169715700011,
                7.942091
              ],
              [
                122.823253238,
                7.952614371000038
              ],
              [
                122.74526241800004,
                7.951711293000074
              ],
              [
                122.74246835500004,
                7.938950943000067
              ],
              [
                122.73104847200011,
                7.926819426000065
              ],
              [
                122.72960358400007,
                7.913917289000041
              ],
              [
                122.7218198270001,
                7.894265104000057
              ],
              [
                122.70089395500008,
                7.895603638000067
              ],
              [
                122.68360728000005,
                7.890802997000037
              ],
              [
                122.68115488800004,
                7.886663368000031
              ],
              [
                122.65848457900007,
                7.901622032000033
              ],
              [
                122.64884751200009,
                7.901073291000047
              ],
              [
                122.64964690100011,
                7.913756275000027
              ],
              [
                122.62915111400002,
                7.934350902000062
              ],
              [
                122.62137824000001,
                7.933525176000047
              ],
              [
                122.6060208650001,
                7.921113087000039
              ],
              [
                122.59899246700002,
                7.919067723000067
              ],
              [
                122.579307276,
                7.928364448000027
              ],
              [
                122.5571805100001,
                7.893704899000055
              ],
              [
                122.52864874900003,
                7.887280793000058
              ],
              [
                122.50853790600002,
                7.890928188000033
              ],
              [
                122.4812389880001,
                7.883948610000061
              ],
              [
                122.47569574400008,
                7.858695506000061
              ],
              [
                122.46984682900006,
                7.856663172000027
              ],
              [
                122.44258025100011,
                7.856635998000055
              ],
              [
                122.44430973400007,
                7.872515661000021
              ],
              [
                122.4054579220001,
                7.869266685000071
              ],
              [
                122.400082827,
                7.855516670000042
              ],
              [
                122.37457622500004,
                7.804584514000055
              ],
              [
                122.41029707100006,
                7.768642983000064
              ],
              [
                122.36312939100004,
                7.753678413000047
              ],
              [
                122.34612718900006,
                7.724802668000051
              ],
              [
                122.34446508500004,
                7.695724514000061
              ],
              [
                122.33104525800002,
                7.683258695000061
              ],
              [
                122.30660563800006,
                7.600986349000041
              ],
              [
                122.28996409100012,
                7.568382984000038
              ],
              [
                122.25943144100006,
                7.504945442000064
              ],
              [
                122.27115422700001,
                7.499864672000059
              ],
              [
                122.27436521900006,
                7.507785119000062
              ],
              [
                122.28827951800008,
                7.513065417000062
              ],
              [
                122.29741300600006,
                7.488947299000075
              ],
              [
                122.310042908,
                7.474818934000041
              ],
              [
                122.34115385300004,
                7.465257314000041
              ],
              [
                122.35241963500005,
                7.457650736000059
              ],
              [
                122.36172117000002,
                7.474888942000065
              ],
              [
                122.3710248540001,
                7.474179147000029
              ],
              [
                122.37546140400002,
                7.484420974000044
              ],
              [
                122.3839787820001,
                7.490655460000028
              ],
              [
                122.39570815000002,
                7.489612405000059
              ],
              [
                122.39952697700004,
                7.49875109200002
              ],
              [
                122.41780117200004,
                7.503493947000036
              ],
              [
                122.42386623300001,
                7.51252729500004
              ],
              [
                122.448568926,
                7.534347996000063
              ],
              [
                122.43915125100011,
                7.545446449000052
              ],
              [
                122.44967477500006,
                7.548012597000024
              ],
              [
                122.45262400400009,
                7.536793816000054
              ],
              [
                122.45950349800012,
                7.534280767000041
              ],
              [
                122.44798802600006,
                7.511357808000072
              ],
              [
                122.46032249400002,
                7.515093308000075
              ],
              [
                122.48450307200005,
                7.536724613000046
              ],
              [
                122.49225704800004,
                7.555369931000028
              ],
              [
                122.50647898400007,
                7.578297099000053
              ],
              [
                122.48210957900007,
                7.569774453000035
              ],
              [
                122.46921206100002,
                7.578167034000045
              ],
              [
                122.46074853000005,
                7.568597097000066
              ],
              [
                122.43672323400006,
                7.569179658000054
              ],
              [
                122.43132927100011,
                7.583702210000069
              ],
              [
                122.44533423000007,
                7.594961751000026
              ],
              [
                122.4456173860001,
                7.606983229000035
              ],
              [
                122.45863490700003,
                7.610747824000046
              ],
              [
                122.47344460000011,
                7.621122846000048
              ],
              [
                122.4736173010001,
                7.631656308000061
              ],
              [
                122.48250129800009,
                7.652618869000035
              ],
              [
                122.49278931700009,
                7.656417516000033
              ],
              [
                122.50267777900001,
                7.669179348000058
              ],
              [
                122.51137234200007,
                7.693210434000037
              ],
              [
                122.5250523840001,
                7.692904980000034
              ],
              [
                122.53556951000009,
                7.717478911000057
              ],
              [
                122.546805821,
                7.734029548000024
              ],
              [
                122.56334116100005,
                7.739857723000056
              ],
              [
                122.56925975700005,
                7.746417005000069
              ],
              [
                122.580062139,
                7.746354737000045
              ],
              [
                122.5914565910001,
                7.751892480000038
              ],
              [
                122.60219062600004,
                7.751798571000051
              ],
              [
                122.63365088700004,
                7.778359936000072
              ],
              [
                122.64381407200004,
                7.77737749500005
              ],
              [
                122.65969001600003,
                7.78464647900006
              ],
              [
                122.67276364500005,
                7.778279583000028
              ],
              [
                122.71639893600002,
                7.784366171000045
              ],
              [
                122.72466685400003,
                7.78015223000006
              ],
              [
                122.73288661800008,
                7.763651421000076
              ],
              [
                122.74320482500003,
                7.760912138000037
              ],
              [
                122.74973570200007,
                7.750638979000029
              ],
              [
                122.75725913200007,
                7.754903348000027
              ],
              [
                122.77975581500006,
                7.752955823000035
              ],
              [
                122.78581349,
                7.762128483000027
              ],
              [
                122.80937835100009,
                7.74871395100007
              ],
              [
                122.80570434600008,
                7.739630385000056
              ],
              [
                122.81148306900003,
                7.72824964500006
              ],
              [
                122.79970480700003,
                7.726122357000065
              ],
              [
                122.80173158700006,
                7.702875377000055
              ],
              [
                122.79224222800008,
                7.697026147000033
              ],
              [
                122.78254608300004,
                7.67469573000005
              ],
              [
                122.79492769200012,
                7.636241536000058
              ],
              [
                122.78987437700006,
                7.619082407000064
              ],
              [
                122.79222113800007,
                7.596644298000057
              ],
              [
                122.78891402000012,
                7.591418412000051
              ],
              [
                122.81065317600007,
                7.581608656000071
              ],
              [
                122.8127511890001,
                7.57322324200004
              ],
              [
                122.82310648200007,
                7.560124263000036
              ],
              [
                122.8270423460001,
                7.545122432000026
              ],
              [
                122.82820899300009,
                7.521850500000027
              ],
              [
                122.81668024400007,
                7.518544377000067
              ],
              [
                122.80682124700002,
                7.525596880000024
              ],
              [
                122.80823348100013,
                7.538328786000022
              ],
              [
                122.79951601600008,
                7.544919253000042
              ],
              [
                122.78809916000013,
                7.537415512000055
              ],
              [
                122.79444923300004,
                7.52273976500004
              ],
              [
                122.7813051400001,
                7.504971219000027
              ],
              [
                122.78199212500012,
                7.470847139000058
              ],
              [
                122.79949023800008,
                7.489750642000048
              ],
              [
                122.80660869200007,
                7.491013534000047
              ],
              [
                122.81885968900009,
                7.478045760000045
              ],
              [
                122.81772838000008,
                7.456491424000035
              ],
              [
                122.81080420300009,
                7.445795195000072
              ],
              [
                122.81494585900009,
                7.433799509000038
              ],
              [
                122.82395310400013,
                7.443515037000057
              ],
              [
                122.84881852600006,
                7.445699123000056
              ],
              [
                122.8569326380001,
                7.456548328000052
              ],
              [
                122.86424649700008,
                7.455719309000076
              ],
              [
                122.87032191300011,
                7.467121867000059
              ],
              [
                122.87758458800012,
                7.470709220000061
              ],
              [
                122.87455558500004,
                7.483513931000061
              ],
              [
                122.85670402900008,
                7.495881698000062
              ],
              [
                122.86445691800009,
                7.503806515000064
              ],
              [
                122.88537167200002,
                7.50910205300005
              ],
              [
                122.88917524400006,
                7.539828824000041
              ],
              [
                122.90333269000007,
                7.544222211000034
              ],
              [
                122.92155038900012,
                7.535902183000074
              ],
              [
                122.92864360800002,
                7.525645294000071
              ],
              [
                122.93274110100002,
                7.504528524000021
              ],
              [
                122.94272107800008,
                7.49941939400003
              ],
              [
                122.9495726900001,
                7.48076529700006
              ],
              [
                122.96031716900006,
                7.474074984000028
              ],
              [
                122.9642248560001,
                7.485930887000053
              ],
              [
                122.97417644200004,
                7.477967090000051
              ],
              [
                122.98645902300007,
                7.45929059900004
              ],
              [
                122.99233932600008,
                7.470806660000051
              ],
              [
                123.00384117800003,
                7.480155804000049
              ],
              [
                123.00199156300005,
                7.502273747000061
              ],
              [
                123.0080411450001,
                7.52623500200002
              ],
              [
                123.02624743100012,
                7.546457534000068
              ],
              [
                123.02483230300005,
                7.558611089000065
              ],
              [
                123.03353442600007,
                7.569535085000039
              ],
              [
                123.02949270800003,
                7.575355412000023
              ],
              [
                123.03540205200011,
                7.585277956000026
              ],
              [
                123.02920693400006,
                7.595717640000032
              ],
              [
                123.033748413,
                7.610585238000054
              ],
              [
                123.028035541,
                7.614237235000076
              ],
              [
                123.03076075500007,
                7.626963240000066
              ],
              [
                123.05000676000009,
                7.620773636000022
              ],
              [
                123.05685222900001,
                7.625697603000046
              ],
              [
                123.05556314900002,
                7.635997167000029
              ],
              [
                123.04886877300011,
                7.639406876000066
              ],
              [
                123.04381086600006,
                7.660636235000028
              ],
              [
                123.06080864400008,
                7.662503746000027
              ],
              [
                123.062402829,
                7.680626406000044
              ],
              [
                123.08136214000002,
                7.683072976000062
              ],
              [
                123.08658299900003,
                7.695965122000073
              ],
              [
                123.08431667000002,
                7.71190992400005
              ],
              [
                123.08917924200013,
                7.725688812000045
              ],
              [
                123.08568820200003,
                7.740078737000031
              ],
              [
                123.08766077300004,
                7.764596037000048
              ],
              [
                123.10692375700013,
                7.784130683000058
              ],
              [
                123.09923774400009,
                7.794769691000057
              ],
              [
                123.09318624000004,
                7.814199836000056
              ],
              [
                123.07890083200006,
                7.820735923000031
              ],
              [
                123.05899591700008,
                7.808214593000058
              ],
              [
                123.04856894700005,
                7.819581332000039
              ],
              [
                123.02041124100005,
                7.819709899000031
              ],
              [
                123.01709007500006,
                7.811577171000066
              ],
              [
                123.00505806900003,
                7.812003448000043
              ],
              [
                123.00281667900002,
                7.818741371000043
              ],
              [
                122.98539808600005,
                7.82452055500005
              ],
              [
                122.9854764160001,
                7.845067276000065
              ],
              [
                122.97414403900007,
                7.848889508000069
              ],
              [
                122.95636298900001,
                7.868233789000044
              ],
              [
                122.93544048000003,
                7.872055601000056
              ],
              [
                122.91294454500009,
                7.88068614300005
              ],
              [
                122.92021159200011,
                7.92168106200006
              ]
            ]
          ],
          [
            [
              [
                122.83153685600007,
                7.277481727000065
              ],
              [
                122.83997277000003,
                7.300606011000071
              ],
              [
                122.84682987800011,
                7.308370257000035
              ],
              [
                122.88147262000007,
                7.317341322000061
              ],
              [
                122.89155394600003,
                7.31553619300007
              ],
              [
                122.90117536500007,
                7.320809050000038
              ],
              [
                122.90776812200012,
                7.340854445000048
              ],
              [
                122.92037070000003,
                7.348366095000073
              ],
              [
                122.93207501300004,
                7.343853614000068
              ],
              [
                122.93511999400005,
                7.337536145000059
              ],
              [
                122.9522819450001,
                7.341665384000066
              ],
              [
                122.9527916400001,
                7.349159166000049
              ],
              [
                122.93797257200005,
                7.351126559000021
              ],
              [
                122.92219810100005,
                7.36129135400006
              ],
              [
                122.9229391880001,
                7.370136187000071
              ],
              [
                122.94262285000003,
                7.373699586000045
              ],
              [
                122.9590082420001,
                7.368749052000053
              ],
              [
                122.97034513700011,
                7.371224651000033
              ],
              [
                122.95830519900005,
                7.388859548000029
              ],
              [
                122.94399797300004,
                7.394332225000029
              ],
              [
                122.93918951900002,
                7.405085717000075
              ],
              [
                122.94636378900007,
                7.40809753700006
              ],
              [
                122.93001967700003,
                7.427917892000038
              ],
              [
                122.90693337000006,
                7.430813652000039
              ],
              [
                122.89810232900005,
                7.439994156000068
              ],
              [
                122.88761321900006,
                7.427495305000035
              ],
              [
                122.88924546200008,
                7.403844587000039
              ],
              [
                122.88480895700002,
                7.397917978000066
              ],
              [
                122.88573245900011,
                7.380599200000064
              ],
              [
                122.87331184400011,
                7.371685836000041
              ],
              [
                122.85963838600004,
                7.389141573000073
              ],
              [
                122.85969734300012,
                7.412575563000075
              ],
              [
                122.83730905800007,
                7.434452048000025
              ],
              [
                122.82378609700005,
                7.438981394000054
              ],
              [
                122.80672172900006,
                7.427714050000073
              ],
              [
                122.79431957500003,
                7.391612682000072
              ],
              [
                122.79923829500002,
                7.381180817000029
              ],
              [
                122.79030654800012,
                7.368407264000041
              ],
              [
                122.78768910600002,
                7.348992281000051
              ],
              [
                122.79221645800011,
                7.33928484100005
              ],
              [
                122.80243336400008,
                7.331616347000022
              ],
              [
                122.80219078100004,
                7.316513648000067
              ],
              [
                122.80681027100003,
                7.314408624000066
              ],
              [
                122.805284679,
                7.298111819000043
              ],
              [
                122.81605442200011,
                7.284491404000052
              ],
              [
                122.83153685600007,
                7.277481727000065
              ]
            ]
          ],
          [
            [
              [
                122.85158693300002,
                7.268118075000075
              ],
              [
                122.86003407000008,
                7.274116893000042
              ],
              [
                122.85552187000009,
                7.282856585000048
              ],
              [
                122.84107109300011,
                7.275312805000056
              ],
              [
                122.85158693300002,
                7.268118075000075
              ]
            ]
          ]
        ]
      }
    },
    {
      "type": "Feature",
      "properties": {
        "geo_id": "geo_ph_0013",
        "name": "Zamboanga Peninsula",
        "psgc": "0900000000",
        "boundary_level": "region",
        "component": "City of Isabela (Not a Province)",
        "source_psgc": "0990100000"
      },
      "geometry": {
        "type": "MultiPolygon",
        "coordinates": [
          [
            [
              [
                121.99130968400004,
                6.746232722000059
              ],
              [
                121.97906209300002,
                6.75488690800006
              ],
              [
                121.96429852100005,
                6.74552848600007
              ],
              [
                121.95297660400001,
                6.743815668000025
              ],
              [
                121.94119108400002,
                6.728076790000044
              ],
              [
                121.9465183850001,
                6.719032539000066
              ],
              [
                121.96565453700008,
                6.708936608000045
              ],
              [
                121.97162801900005,
                6.712509083000043
              ],
              [
                121.98105076900003,
                6.729571546000044
              ],
              [
                121.97758795900006,
                6.73492976500006
              ],
              [
                121.99130968400004,
                6.746232722000059
              ]
            ]
          ],
          [
            [
              [
                122.0325893050001,
                6.741121540000051
              ],
              [
                122.01310941300007,
                6.745754220000038
              ],
              [
                121.99863432500001,
                6.73746231600006
              ],
              [
                121.98297136400004,
                6.722971418000045
              ],
              [
                121.9797320880001,
                6.714409580000051
              ],
              [
                121.95999135400007,
                6.701281101000062
              ],
              [
                121.95241432000012,
                6.69936152300005
              ],
              [
                121.94091037200008,
                6.688674512000035
              ],
              [
                121.94122932000006,
                6.675835519000032
              ],
              [
                121.92917345600006,
                6.668565706000038
              ],
              [
                121.916950669,
                6.669903442000019
              ],
              [
                121.91729957700011,
                6.63746050800006
              ],
              [
                121.92415798000002,
                6.63582532700002
              ],
              [
                121.92644149600004,
                6.62185518700005
              ],
              [
                121.94147856200006,
                6.619609570000021
              ],
              [
                121.94363769100006,
                6.607719422000057
              ],
              [
                121.9410252260001,
                6.586892415000022
              ],
              [
                121.93555574200003,
                6.570645760000048
              ],
              [
                121.95329294900013,
                6.562327925000033
              ],
              [
                121.96259119600006,
                6.563836482000056
              ],
              [
                122.04289291400005,
                6.56481997900005
              ],
              [
                122.04032610500006,
                6.595145655000066
              ],
              [
                122.03492514400013,
                6.61583752900003
              ],
              [
                122.03002564800012,
                6.617820360000053
              ],
              [
                122.036241,
                6.642316900000025
              ],
              [
                122.03671780000002,
                6.653846200000031
              ],
              [
                122.04753030000006,
                6.657513700000038
              ],
              [
                122.05153450000012,
                6.667949200000066
              ],
              [
                122.04429230000007,
                6.682791300000076
              ],
              [
                122.0306218390001,
                6.701449177000029
              ],
              [
                122.03570215600007,
                6.71016990100003
              ],
              [
                122.0312371350001,
                6.721606987000029
              ],
              [
                122.035099682,
                6.728068570000062
              ],
              [
                122.0325893050001,
                6.741121540000051
              ]
            ]
          ]
        ]
      }
    },
    {
      "type": "Feature",
      "properties": {
        "geo_id": "geo_ph_0013",
        "name": "Zamboanga Peninsula",
        "psgc": "0900000000",
        "boundary_level": "region",
        "component": "Sulu",
        "source_psgc": "1906600000"
      },
      "geometry": {
        "type": "MultiPolygon",
        "coordinates": [
          [
            [
              [
                120.6989065350001,
                6.394618202000061
              ],
              [
                120.7118126240001,
                6.398176271000067
              ],
              [
                120.71545119100007,
                6.41235231400003
              ],
              [
                120.7159398440001,
                6.426482900000053
              ],
              [
                120.71130320000009,
                6.437399806000032
              ],
              [
                120.67803035000009,
                6.423406020000073
              ],
              [
                120.66886959900013,
                6.416865078000056
              ],
              [
                120.67052442000012,
                6.403467708000051
              ],
              [
                120.6896337510001,
                6.400715674000026
              ],
              [
                120.6989065350001,
                6.394618202000061
              ]
            ]
          ],
          [
            [
              [
                120.5344509460001,
                6.238920604000044
              ],
              [
                120.57143598800009,
                6.246510421000037
              ],
              [
                120.57775249100006,
                6.250871606000033
              ],
              [
                120.5850404700001,
                6.292272445000036
              ],
              [
                120.58572178700003,
                6.307678334000059
              ],
              [
                120.5822207430001,
                6.311596199000063
              ],
              [
                120.58609355900002,
                6.322240816000033
              ],
              [
                120.588794129,
                6.34485965300007
              ],
              [
                120.59584057800008,
                6.360257965000073
              ],
              [
                120.60174895100009,
                6.392399476000037
              ],
              [
                120.59578363500007,
                6.394617809000065
              ],
              [
                120.58533572500004,
                6.387574408000035
              ],
              [
                120.5714349630001,
                6.385308012000054
              ],
              [
                120.55669941300005,
                6.374330690000023
              ],
              [
                120.55179788800001,
                6.361886632000051
              ],
              [
                120.55223037800012,
                6.354487381000069
              ],
              [
                120.54156041300008,
                6.341293950000023
              ],
              [
                120.54245491000007,
                6.328508960000022
              ],
              [
                120.5348434450001,
                6.298635187000059
              ],
              [
                120.521258224,
                6.28149013500007
              ],
              [
                120.52146000500012,
                6.267976612000039
              ],
              [
                120.51530630600007,
                6.261233968000056
              ],
              [
                120.50800559000005,
                6.260967538000044
              ],
              [
                120.4966247530001,
                6.269745726000052
              ],
              [
                120.48774020900011,
                6.27260960600006
              ],
              [
                120.47673134500008,
                6.268685010000071
              ],
              [
                120.48005844000011,
                6.252946573000032
              ],
              [
                120.49531644100013,
                6.248849445000075
              ],
              [
                120.51142548400004,
                6.249433457000065
              ],
              [
                120.5344509460001,
                6.238920604000044
              ]
            ]
          ],
          [
            [
              [
                120.84248398400007,
                6.320552961000033
              ],
              [
                120.84175815400012,
                6.309845669000025
              ],
              [
                120.8570348410001,
                6.308060411000042
              ],
              [
                120.87098957800005,
                6.314235479000047
              ],
              [
                120.87598466700001,
                6.322779249000063
              ],
              [
                120.874023394,
                6.336090657000056
              ],
              [
                120.86670759700009,
                6.341149464000067
              ],
              [
                120.85188090600002,
                6.341832990000057
              ],
              [
                120.8469818440001,
                6.33783410500007
              ],
              [
                120.84248398400007,
                6.320552961000033
              ]
            ]
          ],
          [
            [
              [
                120.6629363630001,
                6.278954726000051
              ],
              [
                120.66730258700011,
                6.294262435000064
              ],
              [
                120.66748438000003,
                6.305578222000063
              ],
              [
                120.65184704700005,
                6.320002990000034
              ],
              [
                120.64358160300003,
                6.30213185900004
              ],
              [
                120.65930254400007,
                6.298401057000036
              ],
              [
                120.66055041200003,
                6.290047070000071
              ],
              [
                120.65481346400009,
                6.281682921000026
              ],
              [
                120.64820946200007,
                6.291863877000025
              ],
              [
                120.64307553200001,
                6.291993748000038
              ],
              [
                120.62113407500011,
                6.266866522000043
              ],
              [
                120.62866451700006,
                6.25302718000006
              ],
              [
                120.63377556300009,
                6.250089613000056
              ],
              [
                120.64867553400008,
                6.258209239000052
              ],
              [
                120.6629363630001,
                6.278954726000051
              ]
            ]
          ],
          [
            [
              [
                121.83515482100007,
                6.21861120500006
              ],
              [
                121.8457865380001,
                6.225357010000038
              ],
              [
                121.84426979200009,
                6.237866745000075
              ],
              [
                121.83431943900007,
                6.242505971000069
              ],
              [
                121.83138309200001,
                6.228316709000068
              ],
              [
                121.83515482100007,
                6.21861120500006
              ]
            ]
          ],
          [
            [
              [
                120.84610093600008,
                6.207024771000021
              ],
              [
                120.86063409800012,
                6.208129830000074
              ],
              [
                120.85586371700005,
                6.218269623000025
              ],
              [
                120.84805126200001,
                6.215138306000028
              ],
              [
                120.84610093600008,
                6.207024771000021
              ]
            ]
          ],
          [
            [
              [
                121.04384367500008,
                6.207889111000044
              ],
              [
                121.04038558000002,
                6.203159292000067
              ],
              [
                121.05009226900005,
                6.195392937000066
              ],
              [
                121.05450587000007,
                6.199698730000022
              ],
              [
                121.04384367500008,
                6.207889111000044
              ]
            ]
          ],
          [
            [
              [
                120.96181376900006,
                6.178090222000036
              ],
              [
                120.96514297800002,
                6.18919542900005
              ],
              [
                120.97553180600005,
                6.194311713000047
              ],
              [
                120.98083585200004,
                6.177656088000048
              ],
              [
                120.99208501800001,
                6.183733453000059
              ],
              [
                120.98860300600006,
                6.196672507000073
              ],
              [
                120.96732878700004,
                6.204450762000021
              ],
              [
                120.9575677670001,
                6.191555684000035
              ],
              [
                120.96181376900006,
                6.178090222000036
              ]
            ]
          ],
          [
            [
              [
                121.81735650800012,
                6.176415855000072
              ],
              [
                121.80583370300008,
                6.171081484000069
              ],
              [
                121.79608230100007,
                6.152533368000037
              ],
              [
                121.79600340600007,
                6.139642106000054
              ],
              [
                121.80233357500003,
                6.13223296900003
              ],
              [
                121.80942605300005,
                6.130918570000063
              ],
              [
                121.81437856000002,
                6.138417542000068
              ],
              [
                121.82444439900007,
                6.140971709000041
              ],
              [
                121.83026428000007,
                6.150883505000023
              ],
              [
                121.82288321900013,
                6.170347137000021
              ],
              [
                121.81735650800012,
                6.176415855000072
              ]
            ]
          ],
          [
            [
              [
                120.442778986,
                6.132996438000022
              ],
              [
                120.45498962400006,
                6.136098403000062
              ],
              [
                120.46457255200005,
                6.156899384000042
              ],
              [
                120.46337342800005,
                6.168346914000039
              ],
              [
                120.456320708,
                6.171902336000073
              ],
              [
                120.4435995020001,
                6.170608772000035
              ],
              [
                120.4276310670001,
                6.16584802400007
              ],
              [
                120.41738799100007,
                6.157620105000035
              ],
              [
                120.4171250730001,
                6.150088844000037
              ],
              [
                120.43130408800005,
                6.138320547000033
              ],
              [
                120.442778986,
                6.132996438000022
              ]
            ]
          ],
          [
            [
              [
                121.84062454100001,
                6.147638086000028
              ],
              [
                121.82064296900013,
                6.136176082000077
              ],
              [
                121.81284333000008,
                6.127500667000049
              ],
              [
                121.8270081300001,
                6.115377369000044
              ],
              [
                121.84622071000003,
                6.116664178000065
              ],
              [
                121.85278853400008,
                6.125151323000069
              ],
              [
                121.85263551000003,
                6.139260789000047
              ],
              [
                121.84856793200004,
                6.145872832000066
              ],
              [
                121.84062454100001,
                6.147638086000028
              ]
            ]
          ],
          [
            [
              [
                120.54282048700009,
                6.112475890000042
              ],
              [
                120.55297194500007,
                6.11708966900005
              ],
              [
                120.5568384930001,
                6.12471493000004
              ],
              [
                120.55335299400008,
                6.133820376000073
              ],
              [
                120.5373712490001,
                6.144888990000026
              ],
              [
                120.5326876490001,
                6.141673765000064
              ],
              [
                120.53074683800004,
                6.126359067000067
              ],
              [
                120.53510595800003,
                6.115401464000057
              ],
              [
                120.54282048700009,
                6.112475890000042
              ]
            ]
          ],
          [
            [
              [
                121.76140461600005,
                6.09152301100005
              ],
              [
                121.75641952600006,
                6.078358103000028
              ],
              [
                121.7632144480001,
                6.073541463000027
              ],
              [
                121.77734917100008,
                6.053343659000062
              ],
              [
                121.78648225100005,
                6.051587330000075
              ],
              [
                121.8020256100001,
                6.042449774000034
              ],
              [
                121.80543149800009,
                6.028882872000054
              ],
              [
                121.81723300800002,
                6.020251812000025
              ],
              [
                121.82888889900005,
                6.018887724000023
              ],
              [
                121.84625250300009,
                6.002635238000038
              ],
              [
                121.8561343670001,
                5.998474002000022
              ],
              [
                121.88263468700008,
                6.003245692000063
              ],
              [
                121.90953312800004,
                6.018021103000023
              ],
              [
                121.92093728000009,
                6.028213504000066
              ],
              [
                121.94420125800002,
                6.044294420000028
              ],
              [
                121.930468141,
                6.047001701000055
              ],
              [
                121.90514912700009,
                6.032784050000034
              ],
              [
                121.89530097700003,
                6.032813625000073
              ],
              [
                121.87761838900008,
                6.028232793000029
              ],
              [
                121.8628085470001,
                6.019226812000057
              ],
              [
                121.83983985100008,
                6.033971718000031
              ],
              [
                121.82961738400002,
                6.034649350000052
              ],
              [
                121.817866459,
                6.03926029400003
              ],
              [
                121.79745310100007,
                6.060152622000031
              ],
              [
                121.78731528300011,
                6.068214672000067
              ],
              [
                121.77672740200002,
                6.086310952000076
              ],
              [
                121.77040724300002,
                6.092406302000027
              ],
              [
                121.76140461600005,
                6.09152301100005
              ]
            ]
          ],
          [
            [
              [
                121.28428908500007,
                5.859447009000062
              ],
              [
                121.29922959200007,
                5.866058953000049
              ],
              [
                121.29763842900002,
                5.872305020000057
              ],
              [
                121.31103707500006,
                5.887585751000073
              ],
              [
                121.32000978100005,
                5.894320854000056
              ],
              [
                121.33833132600012,
                5.903589040000041
              ],
              [
                121.35370959600004,
                5.918218852000052
              ],
              [
                121.36664739900006,
                5.914529808000054
              ],
              [
                121.37526664600011,
                5.915519152000059
              ],
              [
                121.37831951100007,
                5.903453143000036
              ],
              [
                121.38630913700001,
                5.90790485900004
              ],
              [
                121.38894248000007,
                5.921679747000042
              ],
              [
                121.38074784600008,
                5.926247285000046
              ],
              [
                121.38361151100004,
                5.936984752000057
              ],
              [
                121.39561822300004,
                5.942301896000059
              ],
              [
                121.41392428900008,
                5.945591981000065
              ],
              [
                121.42484095500005,
                5.958081092000042
              ],
              [
                121.42674783300004,
                5.965622601000062
              ],
              [
                121.42548852500012,
                5.983022466000022
              ],
              [
                121.41836919400009,
                5.995711345000075
              ],
              [
                121.39420768800005,
                6.010007735000043
              ],
              [
                121.38362097100003,
                6.01024601100005
              ],
              [
                121.36893913700008,
                6.005279796000026
              ],
              [
                121.37218706700001,
                6.000586923000072
              ],
              [
                121.36654352600011,
                5.990460989000042
              ],
              [
                121.36108432700007,
                5.990076316000057
              ],
              [
                121.36396935300002,
                6.004829731000028
              ],
              [
                121.35366793000001,
                6.005402769000056
              ],
              [
                121.34771018200003,
                6.010200627000074
              ],
              [
                121.32691205900004,
                6.001728751000031
              ],
              [
                121.31401382600008,
                6.002737358000048
              ],
              [
                121.30793789900008,
                6.011160782000046
              ],
              [
                121.27959852800007,
                6.018948006000073
              ],
              [
                121.26067503600008,
                6.013773125000056
              ],
              [
                121.24429654200003,
                6.012873762000027
              ],
              [
                121.21945399400009,
                5.995561008000038
              ],
              [
                121.20498286200007,
                5.996685564000074
              ],
              [
                121.19411897300006,
                6.008294550000072
              ],
              [
                121.18526276900002,
                6.021739016000025
              ],
              [
                121.1811142240001,
                6.040402934000041
              ],
              [
                121.16283393700009,
                6.05667625500007
              ],
              [
                121.15397972900008,
                6.077723048000053
              ],
              [
                121.13601926100011,
                6.078248676000043
              ],
              [
                121.12156008700003,
                6.090422547000058
              ],
              [
                121.11077353500004,
                6.090712509000069
              ],
              [
                121.0883898850001,
                6.085834515000043
              ],
              [
                121.0654700430001,
                6.086778284000047
              ],
              [
                121.05432692500007,
                6.089311391000023
              ],
              [
                121.03995670000006,
                6.085974865000026
              ],
              [
                121.02710871500005,
                6.090094683000075
              ],
              [
                121.01421653600006,
                6.084979146000023
              ],
              [
                121.01290655000004,
                6.069311765000066
              ],
              [
                120.99820202500007,
                6.054670087000035
              ],
              [
                120.9858155910001,
                6.050535029000057
              ],
              [
                120.98349990100007,
                6.04467738900007
              ],
              [
                120.9653210780001,
                6.043882847000019
              ],
              [
                120.94993158900002,
                6.033160788000032
              ],
              [
                120.94152450000001,
                6.035014392000049
              ],
              [
                120.91797141500003,
                6.024838789000058
              ],
              [
                120.90744718300004,
                6.009798334000037
              ],
              [
                120.89638812600005,
                6.001945233000071
              ],
              [
                120.89102439600003,
                5.992063520000043
              ],
              [
                120.88465935200009,
                5.968851175000053
              ],
              [
                120.8733066860001,
                5.954409310000072
              ],
              [
                120.87560679300009,
                5.935638377000031
              ],
              [
                120.88004436200004,
                5.920293024000045
              ],
              [
                120.89622403400007,
                5.918492798000045
              ],
              [
                120.91055868900003,
                5.909388673000022
              ],
              [
                120.92275092500005,
                5.891672300000038
              ],
              [
                120.94162287400003,
                5.890673684000034
              ],
              [
                120.94770921700001,
                5.896330572000067
              ],
              [
                120.96105490400011,
                5.901790545000037
              ],
              [
                120.97599531900003,
                5.903575744000022
              ],
              [
                120.99289905500008,
                5.915390478000063
              ],
              [
                121.00083964800001,
                5.915540983000027
              ],
              [
                121.00547406400005,
                5.922339821000037
              ],
              [
                121.02338662200009,
                5.927217241000051
              ],
              [
                121.03612520700007,
                5.922747318000061
              ],
              [
                121.04074104300004,
                5.911578603000065
              ],
              [
                121.05199334800011,
                5.90215658300002
              ],
              [
                121.0589756080001,
                5.88742490200002
              ],
              [
                121.07438532700006,
                5.877613056000028
              ],
              [
                121.09132289000001,
                5.897281324000062
              ],
              [
                121.09986933100004,
                5.897120225000037
              ],
              [
                121.12476125600007,
                5.906086023000057
              ],
              [
                121.13429787500002,
                5.912225819000071
              ],
              [
                121.13657481000007,
                5.920595472000058
              ],
              [
                121.14283915100009,
                5.925392921000026
              ],
              [
                121.16540309800007,
                5.929326240000022
              ],
              [
                121.16760854300003,
                5.94283948700007
              ],
              [
                121.18220545000008,
                5.934443929000053
              ],
              [
                121.18648169900007,
                5.94559872600007
              ],
              [
                121.19552644100007,
                5.952537750000035
              ],
              [
                121.22315512700003,
                5.93737505100006
              ],
              [
                121.23200298500002,
                5.940721566000036
              ],
              [
                121.24197727600006,
                5.928615237000029
              ],
              [
                121.24434189500005,
                5.918193900000063
              ],
              [
                121.23296921600001,
                5.906954461000054
              ],
              [
                121.23556642300002,
                5.893815163000055
              ],
              [
                121.24136085700003,
                5.888545644000033
              ],
              [
                121.25490853300006,
                5.893257890000029
              ],
              [
                121.26402301100006,
                5.880431808000024
              ],
              [
                121.27965702000007,
                5.872093548000066
              ],
              [
                121.27742913000009,
                5.862757378000026
              ],
              [
                121.28428908500007,
                5.859447009000062
              ]
            ]
          ],
          [
            [
              [
                121.7041777190001,
                6.07670372900003
              ],
              [
                121.70814642800008,
                6.064838658000042
              ],
              [
                121.71716438100009,
                6.068915287000038
              ],
              [
                121.7041777190001,
                6.07670372900003
              ]
            ]
          ],
          [
            [
              [
                121.44036712500008,
                6.057288044000074
              ],
              [
                121.44569767300004,
                6.050375833000031
              ],
              [
                121.46133029500005,
                6.064683587000047
              ],
              [
                121.45252114400012,
                6.076560174000065
              ],
              [
                121.44171474300003,
                6.071118470000044
              ],
              [
                121.44036712500008,
                6.057288044000074
              ]
            ]
          ],
          [
            [
              [
                121.69420168700002,
                5.998186941000029
              ],
              [
                121.69524159300012,
                6.010706068000046
              ],
              [
                121.70308828500005,
                6.019459832000051
              ],
              [
                121.72059428500006,
                6.023952890000034
              ],
              [
                121.7251252740001,
                6.03094599600007
              ],
              [
                121.70572106500005,
                6.042004103000067
              ],
              [
                121.68962721300011,
                6.040869730000053
              ],
              [
                121.69117370200001,
                6.055014307000023
              ],
              [
                121.67365111700009,
                6.05642679500005
              ],
              [
                121.66945252700009,
                6.037368275000061
              ],
              [
                121.68224268700008,
                6.037791801000026
              ],
              [
                121.68677796200008,
                6.029046803000028
              ],
              [
                121.67588980300003,
                6.012505441000028
              ],
              [
                121.65781468200011,
                6.004484687000058
              ],
              [
                121.65530111400004,
                5.99188226900003
              ],
              [
                121.6705128110001,
                5.988901392000059
              ],
              [
                121.6777352580001,
                5.993901086000051
              ],
              [
                121.68954191700006,
                5.994324258000063
              ],
              [
                121.69420168700002,
                5.998186941000029
              ]
            ]
          ],
          [
            [
              [
                121.38018624300003,
                6.034094747000039
              ],
              [
                121.38570335500005,
                6.01750084200006
              ],
              [
                121.39587448200007,
                6.01455962500006
              ],
              [
                121.40807492500005,
                6.019150378000061
              ],
              [
                121.4183142070001,
                6.012779019000051
              ],
              [
                121.42652323100005,
                6.015449032000048
              ],
              [
                121.43330242800005,
                6.027541365000046
              ],
              [
                121.43111925200003,
                6.042424214000049
              ],
              [
                121.42603224200002,
                6.049491600000067
              ],
              [
                121.41224544600006,
                6.057112422000046
              ],
              [
                121.39952347200007,
                6.054434032000073
              ],
              [
                121.39229108000006,
                6.04365020900002
              ],
              [
                121.38018624300003,
                6.034094747000039
              ]
            ]
          ],
          [
            [
              [
                121.53179291700008,
                5.995703121000077
              ],
              [
                121.5417539560001,
                6.004865063000068
              ],
              [
                121.5411190650001,
                6.010667396000032
              ],
              [
                121.55415676200006,
                6.013511142000027
              ],
              [
                121.55794944100012,
                6.036310847000038
              ],
              [
                121.54999171300007,
                6.042220776000021
              ],
              [
                121.54075862000002,
                6.038161743000045
              ],
              [
                121.52316308000002,
                6.001810669000065
              ],
              [
                121.53179291700008,
                5.995703121000077
              ]
            ]
          ],
          [
            [
              [
                121.31943506800008,
                6.01654922800003
              ],
              [
                121.3273726550001,
                6.024110048000069
              ],
              [
                121.32407584200007,
                6.030927759000064
              ],
              [
                121.3146267750001,
                6.026591959000029
              ],
              [
                121.31943506800008,
                6.01654922800003
              ]
            ]
          ],
          [
            [
              [
                120.10577408200004,
                5.940631313000041
              ],
              [
                120.11705574900009,
                5.917697101000043
              ],
              [
                120.12165380900002,
                5.919742094000071
              ],
              [
                120.12231091900004,
                5.932259368000075
              ],
              [
                120.11456670000005,
                5.93654944900004
              ],
              [
                120.10889586000008,
                5.954510228000061
              ],
              [
                120.1023919470001,
                5.961433167000052
              ],
              [
                120.10483635900005,
                5.970546350000062
              ],
              [
                120.12094338300005,
                5.970633132000046
              ],
              [
                120.11014574500007,
                5.988306744000055
              ],
              [
                120.10357542200006,
                5.989416336000034
              ],
              [
                120.09486057000005,
                5.983661910000023
              ],
              [
                120.08989946300005,
                5.974229951000041
              ],
              [
                120.09609410200004,
                5.966093984000053
              ],
              [
                120.10577408200004,
                5.940631313000041
              ]
            ]
          ],
          [
            [
              [
                121.57816295700003,
                5.979284256000027
              ],
              [
                121.558112144,
                5.955211787000053
              ],
              [
                121.55729211700009,
                5.945658699000036
              ],
              [
                121.56874337800004,
                5.933193117000029
              ],
              [
                121.58001445000002,
                5.936319437000066
              ],
              [
                121.59604476100002,
                5.95231245900004
              ],
              [
                121.59697144000008,
                5.961622728000066
              ],
              [
                121.59070756000006,
                5.973174194000022
              ],
              [
                121.57816295700003,
                5.979284256000027
              ]
            ]
          ],
          [
            [
              [
                120.12009547700008,
                5.968957215000046
              ],
              [
                120.10982768300006,
                5.954677270000048
              ],
              [
                120.11303009900006,
                5.94534453600005
              ],
              [
                120.12416846500003,
                5.956807792000063
              ],
              [
                120.12009547700008,
                5.968957215000046
              ]
            ]
          ],
          [
            [
              [
                119.9801558690001,
                5.917048313000066
              ],
              [
                119.98200050100002,
                5.922758765000025
              ],
              [
                119.99691647800013,
                5.922832438000057
              ],
              [
                120.00269348800009,
                5.932487621000062
              ],
              [
                120.00049534900006,
                5.938722503000063
              ],
              [
                119.983508862,
                5.937760411000055
              ],
              [
                119.97663726500002,
                5.920120107000059
              ],
              [
                119.9801558690001,
                5.917048313000066
              ]
            ]
          ],
          [
            [
              [
                120.00637720200007,
                5.902807585000062
              ],
              [
                120.00648866400002,
                5.920299143000022
              ],
              [
                120.00036430500006,
                5.918504821000055
              ],
              [
                120.00637720200007,
                5.902807585000062
              ]
            ]
          ],
          [
            [
              [
                120.06981562400006,
                5.894141356000034
              ],
              [
                120.0706300600001,
                5.874806776000073
              ],
              [
                120.07774782500007,
                5.875745260000031
              ],
              [
                120.07605334900005,
                5.88984734500002
              ],
              [
                120.06981562400006,
                5.894141356000034
              ]
            ]
          ],
          [
            [
              [
                119.97481424500006,
                5.861291190000031
              ],
              [
                119.99339992500005,
                5.863263817000075
              ],
              [
                120.00722677600004,
                5.867780006000032
              ],
              [
                120.01582933100008,
                5.881293253000023
              ],
              [
                120.00998470200012,
                5.886756238000033
              ],
              [
                120.00127372300007,
                5.871855930000037
              ],
              [
                119.99156152600007,
                5.872683183000049
              ],
              [
                119.97748515900003,
                5.866675239000071
              ],
              [
                119.97481424500006,
                5.861291190000031
              ]
            ]
          ],
          [
            [
              [
                119.96048351900004,
                5.862272127000041
              ],
              [
                119.96179070900006,
                5.870008066000024
              ],
              [
                119.95158946100003,
                5.880480896000051
              ],
              [
                119.94650391000006,
                5.875789986000029
              ],
              [
                119.93864640100001,
                5.884991795000076
              ],
              [
                119.9193315340001,
                5.874491203000047
              ],
              [
                119.93395533000012,
                5.865442181000048
              ],
              [
                119.96048351900004,
                5.862272127000041
              ]
            ]
          ],
          [
            [
              [
                121.21723891000012,
                5.859181443000069
              ],
              [
                121.21967793800002,
                5.848220572000059
              ],
              [
                121.22792796300007,
                5.839606884000033
              ],
              [
                121.23737292300008,
                5.839128994000021
              ],
              [
                121.22857611900008,
                5.853831008000042
              ],
              [
                121.21723891000012,
                5.859181443000069
              ]
            ]
          ],
          [
            [
              [
                121.08059930700007,
                5.841867906000061
              ],
              [
                121.08940630600011,
                5.842345448000059
              ],
              [
                121.09520677100012,
                5.85027956700003
              ],
              [
                121.09122954100009,
                5.858929624000041
              ],
              [
                121.08182622500009,
                5.855809572000054
              ],
              [
                121.08059930700007,
                5.841867906000061
              ]
            ]
          ],
          [
            [
              [
                121.13227049900001,
                5.807793567000032
              ],
              [
                121.13802287400006,
                5.789090546000067
              ],
              [
                121.15088258800006,
                5.779838652000024
              ],
              [
                121.169530161,
                5.781404345000053
              ],
              [
                121.18000379400006,
                5.787538982000057
              ],
              [
                121.19270371400012,
                5.789619451000021
              ],
              [
                121.1990303990001,
                5.79833022300005
              ],
              [
                121.20510380100006,
                5.799615109000056
              ],
              [
                121.20825219500011,
                5.808720688000049
              ],
              [
                121.20117795100009,
                5.818267496000033
              ],
              [
                121.19369551400008,
                5.835933462000071
              ],
              [
                121.18075032700006,
                5.842769395000063
              ],
              [
                121.16635769500009,
                5.846473308000043
              ],
              [
                121.15969526600009,
                5.843961802000024
              ],
              [
                121.145900749,
                5.849640752000027
              ],
              [
                121.1341597270001,
                5.826076645000058
              ],
              [
                121.13227049900001,
                5.807793567000032
              ]
            ]
          ],
          [
            [
              [
                121.20990419200008,
                5.821250810000036
              ],
              [
                121.2180587560001,
                5.803820581000025
              ],
              [
                121.23886118300005,
                5.811646265000035
              ],
              [
                121.23688554800005,
                5.818471679000027
              ],
              [
                121.22364889300003,
                5.817536076000066
              ],
              [
                121.20990419200008,
                5.821250810000036
              ]
            ]
          ],
          [
            [
              [
                120.41623494200007,
                5.77350571300002
              ],
              [
                120.42163703500012,
                5.777971541000056
              ],
              [
                120.419778489,
                5.792161211000064
              ],
              [
                120.3990387550001,
                5.812122464000026
              ],
              [
                120.39563766900005,
                5.800943934000032
              ],
              [
                120.4087444280001,
                5.776485563000051
              ],
              [
                120.41623494200007,
                5.77350571300002
              ]
            ]
          ],
          [
            [
              [
                120.88028430000008,
                5.710216976000027
              ],
              [
                120.88014031400006,
                5.706247798000049
              ],
              [
                120.89058576700006,
                5.69410581300002
              ],
              [
                120.90502265000008,
                5.701557265000076
              ],
              [
                120.92452664100006,
                5.705726953000066
              ],
              [
                120.93481607200009,
                5.718136884000046
              ],
              [
                120.9360408010001,
                5.729487685000038
              ],
              [
                120.93117291200008,
                5.74622832800003
              ],
              [
                120.9224967560001,
                5.756140112000025
              ],
              [
                120.91142956100009,
                5.759528117000059
              ],
              [
                120.89376849200005,
                5.753310473000054
              ],
              [
                120.88596721400005,
                5.741871406000031
              ],
              [
                120.88028430000008,
                5.710216976000027
              ]
            ]
          ],
          [
            [
              [
                120.997780852,
                5.737886548000063
              ],
              [
                120.9934299130001,
                5.73556675800006
              ],
              [
                120.99539579700003,
                5.722716928000068
              ],
              [
                121.00213211900007,
                5.716377117000036
              ],
              [
                121.01209032100007,
                5.715741725000043
              ],
              [
                121.018353121,
                5.723502577000033
              ],
              [
                121.01652071400008,
                5.731845938000047
              ],
              [
                121.00975165600005,
                5.736470448000036
              ],
              [
                120.997780852,
                5.737886548000063
              ]
            ]
          ],
          [
            [
              [
                120.79485375600005,
                5.669885132000046
              ],
              [
                120.79923874500003,
                5.662940031000062
              ],
              [
                120.80940616800001,
                5.662040442000034
              ],
              [
                120.81675958100004,
                5.66859925600005
              ],
              [
                120.82994542200004,
                5.669390227000063
              ],
              [
                120.8401293600001,
                5.664186599000061
              ],
              [
                120.86262454200006,
                5.666274346000023
              ],
              [
                120.87108278900007,
                5.681407673000022
              ],
              [
                120.88550846800001,
                5.681597495000063
              ],
              [
                120.88902600900008,
                5.693502243000069
              ],
              [
                120.87517008900011,
                5.697427155000071
              ],
              [
                120.8530965000001,
                5.708472250000057
              ],
              [
                120.83659246600007,
                5.710143162000064
              ],
              [
                120.80347520900011,
                5.697835838000059
              ],
              [
                120.79485375600005,
                5.669885132000046
              ]
            ]
          ],
          [
            [
              [
                120.99366409400011,
                5.698155470000074
              ],
              [
                120.99177273400005,
                5.68603807300002
              ],
              [
                120.99929371200005,
                5.67338368000003
              ],
              [
                121.00876826900003,
                5.666852561000041
              ],
              [
                121.01191471200003,
                5.671666350000065
              ],
              [
                120.99366409400011,
                5.698155470000074
              ]
            ]
          ],
          [
            [
              [
                121.04546462500002,
                5.659222396000073
              ],
              [
                121.06199728500007,
                5.666801188000023
              ],
              [
                121.07052627600001,
                5.674682918000031
              ],
              [
                121.0729921410001,
                5.683744240000066
              ],
              [
                121.06788302100006,
                5.693940908000057
              ],
              [
                121.05870752500005,
                5.693043366000041
              ],
              [
                121.0306675700001,
                5.680754624000028
              ],
              [
                121.02149203700003,
                5.683473220000054
              ],
              [
                121.01232344600011,
                5.681861568000045
              ],
              [
                121.01885717300003,
                5.671806747000063
              ],
              [
                121.02835546400001,
                5.665080904000035
              ],
              [
                121.04546462500002,
                5.659222396000073
              ]
            ]
          ],
          [
            [
              [
                120.28290525300008,
                5.620243317000074
              ],
              [
                120.2835690180001,
                5.627992643000026
              ],
              [
                120.27215462900004,
                5.629628265000064
              ],
              [
                120.272157461,
                5.615731476000065
              ],
              [
                120.28290525300008,
                5.620243317000074
              ]
            ]
          ],
          [
            [
              [
                120.82173141600003,
                5.56980427000002
              ],
              [
                120.82048271600001,
                5.557589362000043
              ],
              [
                120.81229303400005,
                5.544657001000075
              ],
              [
                120.81708713800005,
                5.52601624400006
              ],
              [
                120.83850138600008,
                5.500917031000028
              ],
              [
                120.85691480200002,
                5.487558487000057
              ],
              [
                120.8770141110001,
                5.493194308000056
              ],
              [
                120.88951999300002,
                5.507819363000067
              ],
              [
                120.89740211800007,
                5.522918872000048
              ],
              [
                120.90794161500003,
                5.537873350000041
              ],
              [
                120.89906193900003,
                5.549155646000029
              ],
              [
                120.88859898000011,
                5.553852072000041
              ],
              [
                120.88565288200004,
                5.562017357000057
              ],
              [
                120.86743124500005,
                5.585524930000076
              ],
              [
                120.85419920500011,
                5.586682830000028
              ],
              [
                120.85048713100004,
                5.592233750000047
              ],
              [
                120.82629036400012,
                5.576550648000024
              ],
              [
                120.82173141600003,
                5.56980427000002
              ]
            ]
          ],
          [
            [
              [
                120.77157249500011,
                5.495540957000059
              ],
              [
                120.78309269300007,
                5.504434400000036
              ],
              [
                120.78254215800008,
                5.513947745000054
              ],
              [
                120.79373208700007,
                5.517907459000071
              ],
              [
                120.80548038400002,
                5.530508321000069
              ],
              [
                120.80369989900011,
                5.542446296000037
              ],
              [
                120.8112017740001,
                5.554192866000051
              ],
              [
                120.80896679700004,
                5.562581096000031
              ],
              [
                120.79392859200006,
                5.569547785000054
              ],
              [
                120.7647300870001,
                5.559690315000068
              ],
              [
                120.75943528900005,
                5.552267778000043
              ],
              [
                120.75601944100005,
                5.536010404000023
              ],
              [
                120.75048876700009,
                5.532598375000021
              ],
              [
                120.7445033050001,
                5.517647001000056
              ],
              [
                120.74651555000003,
                5.511452310000037
              ],
              [
                120.75878612500003,
                5.497786850000068
              ],
              [
                120.77157249500011,
                5.495540957000059
              ]
            ]
          ],
          [
            [
              [
                120.80064730100001,
                5.468054730000063
              ],
              [
                120.7945831300001,
                5.458598361000043
              ],
              [
                120.78799743500008,
                5.459115524000026
              ],
              [
                120.78571269300005,
                5.472892131000036
              ],
              [
                120.80014718700012,
                5.477262757000062
              ],
              [
                120.8050068330001,
                5.499595498000075
              ],
              [
                120.80309555800012,
                5.510984489000065
              ],
              [
                120.788484,
                5.511534173000029
              ],
              [
                120.7852668480001,
                5.501159233000067
              ],
              [
                120.77813900700006,
                5.493941977000018
              ],
              [
                120.77717182000002,
                5.486791169000072
              ],
              [
                120.77281386500012,
                5.47715562700006
              ],
              [
                120.78305022100004,
                5.461281645000042
              ],
              [
                120.79025066800011,
                5.455053231000022
              ],
              [
                120.79785452300005,
                5.459933419000039
              ],
              [
                120.80064730100001,
                5.468054730000063
              ]
            ]
          ],
          [
            [
              [
                120.76642904200004,
                5.488224729000024
              ],
              [
                120.77313145400002,
                5.478784021000025
              ],
              [
                120.77785682400008,
                5.492378422000058
              ],
              [
                120.76554300300006,
                5.495117904000041
              ],
              [
                120.76642904200004,
                5.488224729000024
              ]
            ]
          ]
        ]
      }
    }
  ]
}
