{
  "type": "FeatureCollection",
  "features": [
    {
      "type": "Feature",
      "properties": {
        "geo_id": "geo_kh_0040",
        "name": "Тонлесап",
        "geometry_scope": "Tonle Sap Biosphere Reserve boundary",
        "source_dataset": "Natural protected areas in Cambodia (1993-2023)",
        "source_publisher": "Open Development Cambodia / source government records",
        "source_url": "https://opendevelopmentcambodia.net/dataset/?id=protectedareas",
        "source_map_id": "pa_mu_29",
        "source_name": "Tonle Sap Biosphere Reserve",
        "source_reference": "Royal_Decree_on_Protected_Areas__01.11.1993.pdf;Law_on_Natural_Protected_Areas_KH__15.02.2008.pdf",
        "source_checked_at": "2026-10-01",
        "accuracy": "sourced_boundary"
      },
      "geometry": {
        "type": "MultiPolygon",
        "coordinates": [
          [
            [
              [
                103.86682944,
                13.27038171
              ],
              [
                103.87514109,
                13.26850411
              ],
              [
                103.88442001,
                13.26878449
              ],
              [
                103.89615813,
                13.26524744
              ],
              [
                103.8982478,
                13.26424923
              ],
              [
                103.91402339,
                13.25671256
              ],
              [
                103.92015082,
                13.25431351
              ],
              [
                103.92429754,
                13.25268986
              ],
              [
                103.94691778,
                13.24530831
              ],
              [
                103.96681592,
                13.23163452
              ],
              [
                103.98822967,
                13.22005921
              ],
              [
                104.01210091,
                13.20400468
              ],
              [
                104.0200586,
                13.19835388
              ],
              [
                104.04639556,
                13.17497941
              ],
              [
                104.06171301,
                13.15933644
              ],
              [
                104.07548771,
                13.14779965
              ],
              [
                104.0888676,
                13.13962411
              ],
              [
                104.10494299,
                13.1239809
              ],
              [
                104.12178628,
                13.10639632
              ],
              [
                104.14290192,
                13.08762781
              ],
              [
                104.1643304,
                13.0655694
              ],
              [
                104.17951704,
                13.04839334
              ],
              [
                104.18736275,
                13.03693492
              ],
              [
                104.19862991,
                13.02357218
              ],
              [
                104.20524194,
                13.01593742
              ],
              [
                104.22147844,
                12.99266065
              ],
              [
                104.23066551,
                12.98012868
              ],
              [
                104.24658582,
                12.95894233
              ],
              [
                104.2508725,
                12.9529745
              ],
              [
                104.26771136,
                12.92924731
              ],
              [
                104.2894645,
                12.91846702
              ],
              [
                104.29747749,
                12.91475089
              ],
              [
                104.31005589,
                12.91366316
              ],
              [
                104.32644016,
                12.91445301
              ],
              [
                104.34702998,
                12.91001918
              ],
              [
                104.36763013,
                12.90109874
              ],
              [
                104.3733542,
                12.89784146
              ],
              [
                104.39002764,
                12.8969461
              ],
              [
                104.42435753,
                12.88160435
              ],
              [
                104.44774901,
                12.85735544
              ],
              [
                104.4725617,
                12.83450979
              ],
              [
                104.48830753,
                12.81912004
              ],
              [
                104.50166646,
                12.80606225
              ],
              [
                104.51300287,
                12.79159727
              ],
              [
                104.52974733,
                12.74840289
              ],
              [
                104.53693236,
                12.72388291
              ],
              [
                104.54709708,
                12.69586257
              ],
              [
                104.55366594,
                12.68185527
              ],
              [
                104.56337054,
                12.65996656
              ],
              [
                104.57456148,
                12.63735071
              ],
              [
                104.58648217,
                12.62203633
              ],
              [
                104.60732613,
                12.604544
              ],
              [
                104.62295271,
                12.59434359
              ],
              [
                104.64007098,
                12.57976411
              ],
              [
                104.6512447,
                12.56225495
              ],
              [
                104.65723176,
                12.531596
              ],
              [
                104.66797577,
                12.49889787
              ],
              [
                104.67932214,
                12.4574384
              ],
              [
                104.69363103,
                12.42065457
              ],
              [
                104.68860329,
                12.40049538
              ],
              [
                104.68044898,
                12.3866128
              ],
              [
                104.67615623,
                12.37772387
              ],
              [
                104.67303986,
                12.37127044
              ],
              [
                104.66803987,
                12.36281925
              ],
              [
                104.66785187,
                12.36250148
              ],
              [
                104.66562446,
                12.36176853
              ],
              [
                104.66512945,
                12.3620921
              ],
              [
                104.65224375,
                12.37051443
              ],
              [
                104.64331487,
                12.38218528
              ],
              [
                104.63734251,
                12.40408284
              ],
              [
                104.63350957,
                12.41486652
              ],
              [
                104.63296889,
                12.4163876
              ],
              [
                104.63137601,
                12.42086869
              ],
              [
                104.62909465,
                12.45810436
              ],
              [
                104.62312207,
                12.47781076
              ],
              [
                104.62191109,
                12.48342352
              ],
              [
                104.62012972,
                12.49167949
              ],
              [
                104.61416971,
                12.50189287
              ],
              [
                104.60747072,
                12.50918531
              ],
              [
                104.59780191,
                12.51428138
              ],
              [
                104.58887709,
                12.51864915
              ],
              [
                104.57251908,
                12.52373511
              ],
              [
                104.56359599,
                12.52664161
              ],
              [
                104.55243668,
                12.53319399
              ],
              [
                104.54127969,
                12.5382866
              ],
              [
                104.53161646,
                12.53900014
              ],
              [
                104.52121156,
                12.53898179
              ],
              [
                104.51379013,
                12.53312686
              ],
              [
                104.51074554,
                12.53065831
              ],
              [
                104.51097302,
                12.53236215
              ],
              [
                104.51083925,
                12.53377584
              ],
              [
                104.5108295,
                12.53387881
              ],
              [
                104.51118925,
                12.53499512
              ],
              [
                104.51121643,
                12.53502827
              ],
              [
                104.51263448,
                12.53675768
              ],
              [
                104.51443186,
                12.53787772
              ],
              [
                104.51630963,
                12.53971
              ],
              [
                104.51724119,
                12.54116077
              ],
              [
                104.51740114,
                12.54285092
              ],
              [
                104.51771473,
                12.54374898
              ],
              [
                104.51869473,
                12.54453293
              ],
              [
                104.51959239,
                12.54567392
              ],
              [
                104.51963629,
                12.54697277
              ],
              [
                104.51915382,
                12.5484097
              ],
              [
                104.51888324,
                12.54928297
              ],
              [
                104.5189277,
                12.5502834
              ],
              [
                104.51888964,
                12.55157079
              ],
              [
                104.51864102,
                12.55300701
              ],
              [
                104.51806778,
                12.55328179
              ],
              [
                104.51728279,
                12.55418917
              ],
              [
                104.51751532,
                12.5547525
              ],
              [
                104.51786258,
                12.55627117
              ],
              [
                104.51688021,
                12.55657912
              ],
              [
                104.51648029,
                12.55769404
              ],
              [
                104.51666324,
                12.55954587
              ],
              [
                104.51667046,
                12.56153529
              ],
              [
                104.51550301,
                12.56096914
              ],
              [
                104.51423058,
                12.56024116
              ],
              [
                104.51281744,
                12.55969829
              ],
              [
                104.51163673,
                12.55976397
              ],
              [
                104.50998997,
                12.55984687
              ],
              [
                104.51051638,
                12.55909503
              ],
              [
                104.51166336,
                12.55830362
              ],
              [
                104.51279878,
                12.55753592
              ],
              [
                104.51359573,
                12.55654945
              ],
              [
                104.51376301,
                12.55494014
              ],
              [
                104.5143391,
                12.55345818
              ],
              [
                104.51450546,
                12.5521812
              ],
              [
                104.51461284,
                12.55121608
              ],
              [
                104.51499006,
                12.5497801
              ],
              [
                104.51503921,
                12.54872219
              ],
              [
                104.51456459,
                12.54657029
              ],
              [
                104.51509262,
                12.54569749
              ],
              [
                104.51494303,
                12.54462791
              ],
              [
                104.51429161,
                12.54318894
              ],
              [
                104.51359429,
                12.54138252
              ],
              [
                104.5130131,
                12.53993237
              ],
              [
                104.5121265,
                12.53920621
              ],
              [
                104.51091298,
                12.53842181
              ],
              [
                104.50982775,
                12.5376365
              ],
              [
                104.50930791,
                12.53723573
              ],
              [
                104.50887101,
                12.53689891
              ],
              [
                104.50813636,
                12.53614928
              ],
              [
                104.50761511,
                12.53405606
              ],
              [
                104.50720976,
                12.53242197
              ],
              [
                104.50660447,
                12.5312713
              ],
              [
                104.50552055,
                12.52996942
              ],
              [
                104.50476397,
                12.52866813
              ],
              [
                104.50467774,
                12.52837514
              ],
              [
                104.50413755,
                12.52653968
              ],
              [
                104.50374303,
                12.52498021
              ],
              [
                104.50353521,
                12.52415806
              ],
              [
                104.50310657,
                12.52254654
              ],
              [
                104.5026999,
                12.52147648
              ],
              [
                104.50204781,
                12.52045231
              ],
              [
                104.50148754,
                12.52014043
              ],
              [
                104.50077582,
                12.51962142
              ],
              [
                104.49980607,
                12.51956084
              ],
              [
                104.49865955,
                12.52004136
              ],
              [
                104.49758367,
                12.52043045
              ],
              [
                104.49677714,
                12.52045155
              ],
              [
                104.49620009,
                12.52049229
              ],
              [
                104.4955901,
                12.52040896
              ],
              [
                104.49489147,
                12.52031351
              ],
              [
                104.49305544,
                12.52038353
              ],
              [
                104.4923502,
                12.52045158
              ],
              [
                104.49114815,
                12.52056756
              ],
              [
                104.49003124,
                12.52163023
              ],
              [
                104.48974427,
                12.52340981
              ],
              [
                104.48972784,
                12.52351167
              ],
              [
                104.48928675,
                12.52491019
              ],
              [
                104.48879948,
                12.52623967
              ],
              [
                104.48779631,
                12.52780668
              ],
              [
                104.48699938,
                12.53008731
              ],
              [
                104.48769354,
                12.53134331
              ],
              [
                104.48843179,
                12.53110622
              ],
              [
                104.48908858,
                12.53075367
              ],
              [
                104.4900861,
                12.53016213
              ],
              [
                104.49109592,
                12.52945646
              ],
              [
                104.49246893,
                12.5286486
              ],
              [
                104.49234392,
                12.52800407
              ],
              [
                104.49163877,
                12.52662259
              ],
              [
                104.49255205,
                12.52644346
              ],
              [
                104.49329841,
                12.52675797
              ],
              [
                104.49349003,
                12.5259897
              ],
              [
                104.49413438,
                12.52581006
              ],
              [
                104.49438759,
                12.52650004
              ],
              [
                104.49455452,
                12.52792459
              ],
              [
                104.49494977,
                12.52834016
              ],
              [
                104.49563648,
                12.52886141
              ],
              [
                104.49595733,
                12.52997653
              ],
              [
                104.49626214,
                12.53105205
              ],
              [
                104.4972449,
                12.53065149
              ],
              [
                104.49711442,
                12.53148996
              ],
              [
                104.49748716,
                12.53195071
              ],
              [
                104.49816518,
                12.53191806
              ],
              [
                104.49896011,
                12.53181668
              ],
              [
                104.49996497,
                12.53188751
              ],
              [
                104.50130875,
                12.53206407
              ],
              [
                104.50149403,
                12.53278897
              ],
              [
                104.50085008,
                12.53335068
              ],
              [
                104.50034652,
                12.53375215
              ],
              [
                104.49972638,
                12.5340494
              ],
              [
                104.49883774,
                12.5342659
              ],
              [
                104.49758614,
                12.53475753
              ],
              [
                104.49714094,
                12.5351704
              ],
              [
                104.49646289,
                12.53536355
              ],
              [
                104.49582904,
                12.53590153
              ],
              [
                104.49514735,
                12.5364835
              ],
              [
                104.49557776,
                12.53687654
              ],
              [
                104.49531726,
                12.53741409
              ],
              [
                104.49399534,
                12.53752238
              ],
              [
                104.49390861,
                12.53833719
              ],
              [
                104.49484008,
                12.53903071
              ],
              [
                104.49509239,
                12.53989364
              ],
              [
                104.49465647,
                12.54040825
              ],
              [
                104.49331341,
                12.5401367
              ],
              [
                104.49149725,
                12.540712
              ],
              [
                104.49060032,
                12.54015531
              ],
              [
                104.48914905,
                12.54035488
              ],
              [
                104.48728982,
                12.54030952
              ],
              [
                104.48543218,
                12.54003468
              ],
              [
                104.4847934,
                12.53965685
              ],
              [
                104.48364917,
                12.53898005
              ],
              [
                104.48231934,
                12.53843267
              ],
              [
                104.47939745,
                12.53816365
              ],
              [
                104.47650946,
                12.53805631
              ],
              [
                104.47506425,
                12.53725547
              ],
              [
                104.47450132,
                12.53556452
              ],
              [
                104.47411168,
                12.53422996
              ],
              [
                104.47220849,
                12.5337594
              ],
              [
                104.47119465,
                12.5331572
              ],
              [
                104.46968249,
                12.53178199
              ],
              [
                104.46808861,
                12.53042922
              ],
              [
                104.46685532,
                12.52941174
              ],
              [
                104.46584066,
                12.52894629
              ],
              [
                104.46445174,
                12.52850269
              ],
              [
                104.46305582,
                12.52727689
              ],
              [
                104.46157747,
                12.5261436
              ],
              [
                104.45911464,
                12.52539489
              ],
              [
                104.45640426,
                12.5250232
              ],
              [
                104.45386693,
                12.52497398
              ],
              [
                104.45137292,
                12.52552277
              ],
              [
                104.44948516,
                12.52637344
              ],
              [
                104.44787637,
                12.52750047
              ],
              [
                104.44703839,
                12.52877038
              ],
              [
                104.44655924,
                12.53064009
              ],
              [
                104.44722631,
                12.53250425
              ],
              [
                104.44681209,
                12.53332854
              ],
              [
                104.44585272,
                12.53338082
              ],
              [
                104.44558086,
                12.531921
              ],
              [
                104.44521456,
                12.5306441
              ],
              [
                104.44414164,
                12.5301321
              ],
              [
                104.44338876,
                12.5308743
              ],
              [
                104.44213869,
                12.53262373
              ],
              [
                104.44021001,
                12.53440451
              ],
              [
                104.43878752,
                12.5356596
              ],
              [
                104.43679214,
                12.53687618
              ],
              [
                104.43489338,
                12.53756622
              ],
              [
                104.43283442,
                12.5377156
              ],
              [
                104.43088554,
                12.53895598
              ],
              [
                104.42882357,
                12.54151631
              ],
              [
                104.42723303,
                12.54341301
              ],
              [
                104.42536793,
                12.54627327
              ],
              [
                104.42455839,
                12.54670445
              ],
              [
                104.42483283,
                12.54578722
              ],
              [
                104.42539601,
                12.54359785
              ],
              [
                104.42539222,
                12.54232283
              ],
              [
                104.42356218,
                12.54325369
              ],
              [
                104.42161007,
                12.54499924
              ],
              [
                104.41781675,
                12.54761792
              ],
              [
                104.41565521,
                12.54921376
              ],
              [
                104.41378906,
                12.55030498
              ],
              [
                104.41315965,
                12.54993399
              ],
              [
                104.41372842,
                12.54875404
              ],
              [
                104.41460263,
                12.54733513
              ],
              [
                104.41600199,
                12.54608013
              ],
              [
                104.41710691,
                12.54515679
              ],
              [
                104.41814121,
                12.54428981
              ],
              [
                104.41902273,
                12.5435717
              ],
              [
                104.42033896,
                12.54255725
              ],
              [
                104.4223109,
                12.54132832
              ],
              [
                104.4238382,
                12.54020014
              ],
              [
                104.42546028,
                12.53886644
              ],
              [
                104.42700319,
                12.5370386
              ],
              [
                104.42840466,
                12.53542747
              ],
              [
                104.4293826,
                12.53426192
              ],
              [
                104.43046597,
                12.53301634
              ],
              [
                104.42854613,
                12.53336154
              ],
              [
                104.42706722,
                12.53422535
              ],
              [
                104.42514327,
                12.53524758
              ],
              [
                104.42360725,
                12.5359157
              ],
              [
                104.42179174,
                12.53641028
              ],
              [
                104.42018688,
                12.53686121
              ],
              [
                104.41857011,
                12.53735619
              ],
              [
                104.41702492,
                12.53761169
              ],
              [
                104.41524506,
                12.5379797
              ],
              [
                104.41381602,
                12.53838576
              ],
              [
                104.41130607,
                12.5385193
              ],
              [
                104.41028034,
                12.53903022
              ],
              [
                104.40882362,
                12.54008952
              ],
              [
                104.40763615,
                12.54113924
              ],
              [
                104.40628151,
                12.54270514
              ],
              [
                104.40560362,
                12.54379892
              ],
              [
                104.40501033,
                12.54487594
              ],
              [
                104.40448061,
                12.5464493
              ],
              [
                104.40374302,
                12.54847773
              ],
              [
                104.40310064,
                12.55025317
              ],
              [
                104.40248028,
                12.55220159
              ],
              [
                104.4021247,
                12.55296942
              ],
              [
                104.4016538,
                12.55347136
              ],
              [
                104.40162277,
                12.55469995
              ],
              [
                104.40146555,
                12.55551457
              ],
              [
                104.40132971,
                12.55666267
              ],
              [
                104.40180232,
                12.55779065
              ],
              [
                104.40220581,
                12.55870033
              ],
              [
                104.40302866,
                12.55988787
              ],
              [
                104.40437523,
                12.56150271
              ],
              [
                104.40545639,
                12.56257778
              ],
              [
                104.40648391,
                12.56283664
              ],
              [
                104.40801345,
                12.56320059
              ],
              [
                104.40951818,
                12.56385271
              ],
              [
                104.41101484,
                12.56388426
              ],
              [
                104.41191321,
                12.56426942
              ],
              [
                104.41319006,
                12.56393199
              ],
              [
                104.41454078,
                12.5629866
              ],
              [
                104.41618368,
                12.56207801
              ],
              [
                104.41784609,
                12.56182278
              ],
              [
                104.41976486,
                12.56167321
              ],
              [
                104.42099841,
                12.56075127
              ],
              [
                104.42210863,
                12.55902314
              ],
              [
                104.42255986,
                12.55791187
              ],
              [
                104.42324502,
                12.55676719
              ],
              [
                104.42417299,
                12.55613055
              ],
              [
                104.42526388,
                12.55557338
              ],
              [
                104.42666132,
                12.55466306
              ],
              [
                104.42766194,
                12.55355522
              ],
              [
                104.42827756,
                12.55236404
              ],
              [
                104.4284599,
                12.55120584
              ],
              [
                104.42879577,
                12.55073182
              ],
              [
                104.42969295,
                12.55230375
              ],
              [
                104.43025795,
                12.55359352
              ],
              [
                104.43093801,
                12.55331012
              ],
              [
                104.43156157,
                12.55269315
              ],
              [
                104.43256417,
                12.5513208
              ],
              [
                104.43425613,
                12.55001093
              ],
              [
                104.43507432,
                12.55009516
              ],
              [
                104.43552353,
                12.55120044
              ],
              [
                104.43635266,
                12.55141242
              ],
              [
                104.43759127,
                12.55155744
              ],
              [
                104.43806446,
                12.55261642
              ],
              [
                104.43937735,
                12.55220547
              ],
              [
                104.4396312,
                12.55267056
              ],
              [
                104.43976844,
                12.55318854
              ],
              [
                104.44061176,
                12.55296423
              ],
              [
                104.44143665,
                12.55194639
              ],
              [
                104.4418734,
                12.55123745
              ],
              [
                104.44334975,
                12.55078613
              ],
              [
                104.44376135,
                12.55039815
              ],
              [
                104.44371007,
                12.54922702
              ],
              [
                104.4436356,
                12.5480095
              ],
              [
                104.44397921,
                12.54726419
              ],
              [
                104.44483386,
                12.54710885
              ],
              [
                104.4460267,
                12.54712713
              ],
              [
                104.44736091,
                12.54695129
              ],
              [
                104.44854295,
                12.546774
              ],
              [
                104.44910443,
                12.54677741
              ],
              [
                104.44983096,
                12.5465404
              ],
              [
                104.45051242,
                12.54599246
              ],
              [
                104.45107669,
                12.54549061
              ],
              [
                104.45180582,
                12.5448399
              ],
              [
                104.45221831,
                12.5442914
              ],
              [
                104.4533845,
                12.54289669
              ],
              [
                104.45355512,
                12.54369053
              ],
              [
                104.45328642,
                12.54561833
              ],
              [
                104.45338165,
                12.54724959
              ],
              [
                104.45447094,
                12.54699183
              ],
              [
                104.45575211,
                12.54590818
              ],
              [
                104.45718764,
                12.54445748
              ],
              [
                104.4587843,
                12.54338688
              ],
              [
                104.45951213,
                12.5429317
              ],
              [
                104.46039042,
                12.54274243
              ],
              [
                104.4613604,
                12.54286194
              ],
              [
                104.46209353,
                12.54345231
              ],
              [
                104.46255813,
                12.54398337
              ],
              [
                104.46336586,
                12.54577882
              ],
              [
                104.46359443,
                12.54666433
              ],
              [
                104.46340055,
                12.54777732
              ],
              [
                104.46409897,
                12.54833258
              ],
              [
                104.46481196,
                12.5483826
              ],
              [
                104.46620494,
                12.54816044
              ],
              [
                104.46684279,
                12.54711954
              ],
              [
                104.46723759,
                12.54565202
              ],
              [
                104.46696378,
                12.54451323
              ],
              [
                104.46617415,
                12.5435554
              ],
              [
                104.46728584,
                12.54344683
              ],
              [
                104.46782414,
                12.54339251
              ],
              [
                104.46803783,
                12.54480586
              ],
              [
                104.46988357,
                12.54513843
              ],
              [
                104.47094402,
                12.54575317
              ],
              [
                104.47245981,
                12.54651912
              ],
              [
                104.4731526,
                12.54602992
              ],
              [
                104.47407882,
                12.54561012
              ],
              [
                104.47568324,
                12.54522781
              ],
              [
                104.47621808,
                12.54574768
              ],
              [
                104.47658659,
                12.54672614
              ],
              [
                104.47771946,
                12.54696233
              ],
              [
                104.47846001,
                12.54632286
              ],
              [
                104.47952555,
                12.54613391
              ],
              [
                104.48077041,
                12.5471864
              ],
              [
                104.4814122,
                12.5474544
              ],
              [
                104.4821735,
                12.54923841
              ],
              [
                104.48263517,
                12.55025095
              ],
              [
                104.48216535,
                12.55058123
              ],
              [
                104.48149541,
                12.55115189
              ],
              [
                104.48206359,
                12.55198152
              ],
              [
                104.48258489,
                12.55281219
              ],
              [
                104.48407189,
                12.554497
              ],
              [
                104.48529577,
                12.55715564
              ],
              [
                104.48615144,
                12.55881435
              ],
              [
                104.48684829,
                12.55962275
              ],
              [
                104.48733314,
                12.56071558
              ],
              [
                104.48661453,
                12.56159587
              ],
              [
                104.4861412,
                12.56252409
              ],
              [
                104.4865341,
                12.5640022
              ],
              [
                104.48463072,
                12.56479995
              ],
              [
                104.48368921,
                12.56579397
              ],
              [
                104.48356606,
                12.56681555
              ],
              [
                104.48395142,
                12.56889611
              ],
              [
                104.48425779,
                12.57048256
              ],
              [
                104.48391157,
                12.57170944
              ],
              [
                104.48335705,
                12.57250978
              ],
              [
                104.48246504,
                12.57304497
              ],
              [
                104.4805863,
                12.57428583
              ],
              [
                104.47868512,
                12.57537743
              ],
              [
                104.47677423,
                12.57613668
              ],
              [
                104.4758925,
                12.57641076
              ],
              [
                104.47448916,
                12.57684658
              ],
              [
                104.47284415,
                12.57813532
              ],
              [
                104.47170328,
                12.57921932
              ],
              [
                104.47067795,
                12.58048892
              ],
              [
                104.46990907,
                12.58197718
              ],
              [
                104.46924434,
                12.58360354
              ],
              [
                104.4683664,
                12.58565448
              ],
              [
                104.46764806,
                12.58647706
              ],
              [
                104.46702009,
                12.58784012
              ],
              [
                104.46562952,
                12.58762598
              ],
              [
                104.46492045,
                12.58688645
              ],
              [
                104.46533731,
                12.58563714
              ],
              [
                104.46574152,
                12.5845257
              ],
              [
                104.46630003,
                12.58308225
              ],
              [
                104.46663752,
                12.58139534
              ],
              [
                104.46564152,
                12.58168837
              ],
              [
                104.46365423,
                12.58345789
              ],
              [
                104.46112578,
                12.58577451
              ],
              [
                104.45957323,
                12.58722385
              ],
              [
                104.45867418,
                12.58887232
              ],
              [
                104.45762838,
                12.58970438
              ],
              [
                104.45618078,
                12.59116635
              ],
              [
                104.45505162,
                12.59222769
              ],
              [
                104.45371417,
                12.59287491
              ],
              [
                104.4512931,
                12.59480168
              ],
              [
                104.45301408,
                12.5945588
              ],
              [
                104.45436211,
                12.59408455
              ],
              [
                104.4556291,
                12.59342476
              ],
              [
                104.45682348,
                12.59322486
              ],
              [
                104.45586988,
                12.59425378
              ],
              [
                104.45467018,
                12.59533758
              ],
              [
                104.45255717,
                12.59661167
              ],
              [
                104.45056578,
                12.59710493
              ],
              [
                104.44845204,
                12.5965535
              ],
              [
                104.44695489,
                12.59652215
              ],
              [
                104.44602309,
                12.59782575
              ],
              [
                104.4461455,
                12.59883765
              ],
              [
                104.44646579,
                12.60001046
              ],
              [
                104.44621288,
                12.60122616
              ],
              [
                104.44616142,
                12.60200711
              ],
              [
                104.44688189,
                12.60279192
              ],
              [
                104.4479767,
                12.60356733
              ],
              [
                104.44908295,
                12.60437779
              ],
              [
                104.45068942,
                12.60564932
              ],
              [
                104.45157582,
                12.60607954
              ],
              [
                104.452952,
                12.60674247
              ],
              [
                104.45365585,
                12.60642515
              ],
              [
                104.45412805,
                12.60571514
              ],
              [
                104.45447114,
                12.60633413
              ],
              [
                104.45454038,
                12.60706107
              ],
              [
                104.4544207,
                12.60759999
              ],
              [
                104.4541205,
                12.60887326
              ],
              [
                104.45430171,
                12.60985023
              ],
              [
                104.45477731,
                12.61053053
              ],
              [
                104.45583799,
                12.61114533
              ],
              [
                104.45670024,
                12.61171338
              ],
              [
                104.45787674,
                12.61253525
              ],
              [
                104.45893832,
                12.61299971
              ],
              [
                104.45968529,
                12.61325668
              ],
              [
                104.46080653,
                12.61353926
              ],
              [
                104.46230026,
                12.61415604
              ],
              [
                104.46336095,
                12.61478211
              ],
              [
                104.46399163,
                12.61492354
              ],
              [
                104.46499926,
                12.61464185
              ],
              [
                104.46412682,
                12.61577382
              ],
              [
                104.46354925,
                12.61651754
              ],
              [
                104.46292386,
                12.61742055
              ],
              [
                104.46324638,
                12.61826103
              ],
              [
                104.46381555,
                12.6189302
              ],
              [
                104.46454576,
                12.62005973
              ],
              [
                104.46564336,
                12.62232824
              ],
              [
                104.4664069,
                12.62376867
              ],
              [
                104.46681982,
                12.62514849
              ],
              [
                104.46709146,
                12.62666594
              ],
              [
                104.467397,
                12.62835526
              ],
              [
                104.4677828,
                12.63033297
              ],
              [
                104.46829668,
                12.63243753
              ],
              [
                104.46875306,
                12.63438034
              ],
              [
                104.46908218,
                12.63608214
              ],
              [
                104.46944821,
                12.63747317
              ],
              [
                104.4699987,
                12.6392794
              ],
              [
                104.47058802,
                12.6405341
              ],
              [
                104.47132804,
                12.64197447
              ],
              [
                104.47185651,
                12.64358511
              ],
              [
                104.47245345,
                12.64548298
              ],
              [
                104.47294678,
                12.64711615
              ],
              [
                104.47336107,
                12.64827894
              ],
              [
                104.47371715,
                12.6493478
              ],
              [
                104.47398301,
                12.64992366
              ],
              [
                104.47425692,
                12.65107375
              ],
              [
                104.47452861,
                12.65260248
              ],
              [
                104.47469816,
                12.65355681
              ],
              [
                104.47476928,
                12.65537113
              ],
              [
                104.47434258,
                12.65632202
              ],
              [
                104.47410426,
                12.65704383
              ],
              [
                104.47413945,
                12.65897336
              ],
              [
                104.47398109,
                12.65999487
              ],
              [
                104.47419911,
                12.66075375
              ],
              [
                104.4752487,
                12.6612882
              ],
              [
                104.47513849,
                12.66212555
              ],
              [
                104.47455121,
                12.66251323
              ],
              [
                104.4740211,
                12.66308413
              ],
              [
                104.47407461,
                12.66589761
              ],
              [
                104.47423303,
                12.66681688
              ],
              [
                104.47428837,
                12.66733468
              ],
              [
                104.474741,
                12.66792221
              ],
              [
                104.47570618,
                12.66696334
              ],
              [
                104.47591296,
                12.66759673
              ],
              [
                104.47607092,
                12.66859625
              ],
              [
                104.47643888,
                12.66964365
              ],
              [
                104.47675004,
                12.67046036
              ],
              [
                104.47657142,
                12.67097657
              ],
              [
                104.47600517,
                12.67176555
              ],
              [
                104.47511193,
                12.67243746
              ],
              [
                104.47510795,
                12.67311565
              ],
              [
                104.4752094,
                12.6737477
              ],
              [
                104.47515723,
                12.67463151
              ],
              [
                104.47497594,
                12.67560662
              ],
              [
                104.47462606,
                12.67739524
              ],
              [
                104.47429206,
                12.6784503
              ],
              [
                104.47389915,
                12.6796081
              ],
              [
                104.47367229,
                12.68034124
              ],
              [
                104.47385483,
                12.68114639
              ],
              [
                104.47383602,
                12.68231736
              ],
              [
                104.47377068,
                12.68344304
              ],
              [
                104.47367054,
                12.68455621
              ],
              [
                104.47344974,
                12.68626595
              ],
              [
                104.47336295,
                12.6870457
              ],
              [
                104.47288787,
                12.68826099
              ],
              [
                104.47283313,
                12.68954606
              ],
              [
                104.47298056,
                12.69035114
              ],
              [
                104.47318116,
                12.69202894
              ],
              [
                104.47315131,
                12.69310834
              ],
              [
                104.47282737,
                12.69443808
              ],
              [
                104.4724112,
                12.69554949
              ],
              [
                104.47197306,
                12.69643141
              ],
              [
                104.47176639,
                12.69769356
              ],
              [
                104.47166449,
                12.69909383
              ],
              [
                104.47127157,
                12.70022789
              ],
              [
                104.47090283,
                12.70122523
              ],
              [
                104.47116711,
                12.70203055
              ],
              [
                104.47160926,
                12.70242365
              ],
              [
                104.4726966,
                12.70259084
              ],
              [
                104.47378531,
                12.70251614
              ],
              [
                104.47476383,
                12.70325731
              ],
              [
                104.47552239,
                12.70360581
              ],
              [
                104.47651289,
                12.70426562
              ],
              [
                104.47505132,
                12.70411918
              ],
              [
                104.47379977,
                12.70402062
              ],
              [
                104.47261938,
                12.7037504
              ],
              [
                104.47177683,
                12.70379167
              ],
              [
                104.47109602,
                12.70412037
              ],
              [
                104.47048364,
                12.70476004
              ],
              [
                104.46975182,
                12.70581204
              ],
              [
                104.46887634,
                12.70742665
              ],
              [
                104.46799919,
                12.70929331
              ],
              [
                104.4675339,
                12.71074936
              ],
              [
                104.4668546,
                12.71282326
              ],
              [
                104.46596299,
                12.71511489
              ],
              [
                104.46528677,
                12.71667337
              ],
              [
                104.46422032,
                12.71887195
              ],
              [
                104.46349893,
                12.72013079
              ],
              [
                104.46232712,
                12.72231785
              ],
              [
                104.46115529,
                12.72450376
              ],
              [
                104.46016079,
                12.72640406
              ],
              [
                104.45940106,
                12.72821441
              ],
              [
                104.45896161,
                12.7292568
              ],
              [
                104.4580044,
                12.73078981
              ],
              [
                104.45683725,
                12.73223084
              ],
              [
                104.45548057,
                12.73399135
              ],
              [
                104.4540179,
                12.73590083
              ],
              [
                104.45294474,
                12.73724934
              ],
              [
                104.45198839,
                12.73862183
              ],
              [
                104.45068998,
                12.74042877
              ],
              [
                104.4486182,
                12.74242625
              ],
              [
                104.44617342,
                12.7441121
              ],
              [
                104.44329597,
                12.74578344
              ],
              [
                104.44115976,
                12.74679283
              ],
              [
                104.43886148,
                12.74753736
              ],
              [
                104.43703146,
                12.74819245
              ],
              [
                104.43631301,
                12.74893466
              ],
              [
                104.43568988,
                12.74940241
              ],
              [
                104.43453026,
                12.74955592
              ],
              [
                104.43251344,
                12.75018797
              ],
              [
                104.43071877,
                12.75085438
              ],
              [
                104.42841789,
                12.75208259
              ],
              [
                104.42713841,
                12.75278853
              ],
              [
                104.4258626,
                12.75288523
              ],
              [
                104.42420234,
                12.75265782
              ],
              [
                104.42255248,
                12.7526723
              ],
              [
                104.42046811,
                12.7529831
              ],
              [
                104.41780853,
                12.75355598
              ],
              [
                104.41585109,
                12.7541202
              ],
              [
                104.41430236,
                12.75484696
              ],
              [
                104.41317441,
                12.75561193
              ],
              [
                104.41117893,
                12.75668129
              ],
              [
                104.40897311,
                12.75770382
              ],
              [
                104.40685124,
                12.75839307
              ],
              [
                104.40514105,
                12.75870684
              ],
              [
                104.4032923,
                12.75868572
              ],
              [
                104.40133812,
                12.75869826
              ],
              [
                104.3995011,
                12.75871105
              ],
              [
                104.39743058,
                12.75860913
              ],
              [
                104.39541976,
                12.7583457
              ],
              [
                104.39323566,
                12.75771337
              ],
              [
                104.39053514,
                12.75730817
              ],
              [
                104.38792807,
                12.75695062
              ],
              [
                104.38607131,
                12.75632013
              ],
              [
                104.38361712,
                12.7558476
              ],
              [
                104.38209786,
                12.75554113
              ],
              [
                104.38001786,
                12.75509319
              ],
              [
                104.3778694,
                12.75439301
              ],
              [
                104.37605825,
                12.7539694
              ],
              [
                104.37506596,
                12.75360762
              ],
              [
                104.37377033,
                12.75309592
              ],
              [
                104.37213427,
                12.75276538
              ],
              [
                104.37084909,
                12.75245941
              ],
              [
                104.37024187,
                12.75226129
              ],
              [
                104.36891872,
                12.75159465
              ],
              [
                104.36775083,
                12.75123921
              ],
              [
                104.36748914,
                12.75116
              ],
              [
                104.36504081,
                12.7504189
              ],
              [
                104.36311536,
                12.74955751
              ],
              [
                104.36026594,
                12.74855258
              ],
              [
                104.35788426,
                12.74768778
              ],
              [
                104.35553696,
                12.74689313
              ],
              [
                104.3535519,
                12.74618072
              ],
              [
                104.35136791,
                12.74547798
              ],
              [
                104.34971034,
                12.74481269
              ],
              [
                104.34839161,
                12.74425334
              ],
              [
                104.34731655,
                12.74398281
              ],
              [
                104.34664958,
                12.7439789
              ],
              [
                104.34610983,
                12.74420589
              ],
              [
                104.34540876,
                12.74503379
              ],
              [
                104.34503326,
                12.7441874
              ],
              [
                104.34468544,
                12.74365643
              ],
              [
                104.34337999,
                12.74286764
              ],
              [
                104.34063361,
                12.74226515
              ],
              [
                104.33883605,
                12.74154293
              ],
              [
                104.33686046,
                12.74120907
              ],
              [
                104.33488543,
                12.74077121
              ],
              [
                104.33314443,
                12.74033619
              ],
              [
                104.33007337,
                12.73930665
              ],
              [
                104.32718796,
                12.73850813
              ],
              [
                104.32616122,
                12.7380534
              ],
              [
                104.32493664,
                12.73741393
              ],
              [
                104.32271767,
                12.73672331
              ],
              [
                104.31925237,
                12.73513992
              ],
              [
                104.31734908,
                12.73449641
              ],
              [
                104.31493137,
                12.73375774
              ],
              [
                104.31197436,
                12.73318832
              ],
              [
                104.31002403,
                12.73260228
              ],
              [
                104.30787158,
                12.73246216
              ],
              [
                104.3048158,
                12.732661
              ],
              [
                104.30295463,
                12.73274088
              ],
              [
                104.30076602,
                12.73277354
              ],
              [
                104.29756818,
                12.73323527
              ],
              [
                104.2949447,
                12.73355156
              ],
              [
                104.29129182,
                12.73378143
              ],
              [
                104.28761757,
                12.73372297
              ],
              [
                104.28598108,
                12.73343712
              ],
              [
                104.28222804,
                12.73294322
              ],
              [
                104.28096412,
                12.73293414
              ],
              [
                104.27859122,
                12.73299324
              ],
              [
                104.27600169,
                12.73300652
              ],
              [
                104.27362744,
                12.73283048
              ],
              [
                104.27084282,
                12.7327211
              ],
              [
                104.2687016,
                12.73269485
              ],
              [
                104.26630275,
                12.732669
              ],
              [
                104.26411512,
                12.73256234
              ],
              [
                104.26164705,
                12.73238592
              ],
              [
                104.25924832,
                12.73232384
              ],
              [
                104.2574687,
                12.73247371
              ],
              [
                104.25620368,
                12.73264874
              ],
              [
                104.25433804,
                12.73337252
              ],
              [
                104.25495299,
                12.7341225
              ],
              [
                104.2553937,
                12.73471035
              ],
              [
                104.25567125,
                12.73518358
              ],
              [
                104.25608816,
                12.73584032
              ],
              [
                104.25655378,
                12.73617619
              ],
              [
                104.25800022,
                12.73687536
              ],
              [
                104.25868397,
                12.73614486
              ],
              [
                104.25923617,
                12.73581523
              ],
              [
                104.26041845,
                12.73578802
              ],
              [
                104.26107234,
                12.73602268
              ],
              [
                104.26134207,
                12.7366157
              ],
              [
                104.25993357,
                12.73653152
              ],
              [
                104.25925372,
                12.73671046
              ],
              [
                104.2585459,
                12.73749854
              ],
              [
                104.25750486,
                12.7374572
              ],
              [
                104.25680345,
                12.73732638
              ],
              [
                104.25600885,
                12.73717269
              ],
              [
                104.25501392,
                12.73721171
              ],
              [
                104.25382419,
                12.73830586
              ],
              [
                104.25330155,
                12.73945161
              ],
              [
                104.25265882,
                12.74100845
              ],
              [
                104.25240783,
                12.74178763
              ],
              [
                104.25211103,
                12.74238358
              ],
              [
                104.25171953,
                12.74317253
              ],
              [
                104.25090674,
                12.74391395
              ],
              [
                104.25112539,
                12.74277865
              ],
              [
                104.25162417,
                12.74172551
              ],
              [
                104.25214483,
                12.74086797
              ],
              [
                104.25253907,
                12.73973316
              ],
              [
                104.25280336,
                12.73873587
              ],
              [
                104.25317261,
                12.73777392
              ],
              [
                104.25403361,
                12.73678058
              ],
              [
                104.2546337,
                12.7363132
              ],
              [
                104.25483645,
                12.73578706
              ],
              [
                104.2542647,
                12.73551871
              ],
              [
                104.25326195,
                12.73498352
              ],
              [
                104.25209491,
                12.73452812
              ],
              [
                104.25104123,
                12.7345794
              ],
              [
                104.24985581,
                12.73508805
              ],
              [
                104.24889156,
                12.73575896
              ],
              [
                104.24824387,
                12.73635278
              ],
              [
                104.24711645,
                12.73690793
              ],
              [
                104.24637714,
                12.73723587
              ],
              [
                104.24588402,
                12.73743905
              ],
              [
                104.22356478,
                12.74381367
              ],
              [
                104.22271486,
                12.74405644
              ],
              [
                104.22240012,
                12.74475402
              ],
              [
                104.22229413,
                12.74533919
              ],
              [
                104.22217994,
                12.74596954
              ],
              [
                104.22204581,
                12.74653089
              ],
              [
                104.22185337,
                12.74733507
              ],
              [
                104.22161471,
                12.74847368
              ],
              [
                104.22145283,
                12.74916606
              ],
              [
                104.22129477,
                12.74992626
              ],
              [
                104.22071368,
                12.75073834
              ],
              [
                104.22049312,
                12.75132091
              ],
              [
                104.22006038,
                12.75181582
              ],
              [
                104.21967043,
                12.75253239
              ],
              [
                104.21933201,
                12.75296654
              ],
              [
                104.21875941,
                12.75335027
              ],
              [
                104.21850729,
                12.75436676
              ],
              [
                104.21825967,
                12.75494812
              ],
              [
                104.21762674,
                12.75660322
              ],
              [
                104.21725807,
                12.75760354
              ],
              [
                104.21702155,
                12.75831604
              ],
              [
                104.21680293,
                12.75919813
              ],
              [
                104.21650088,
                12.76034219
              ],
              [
                104.21641501,
                12.76093306
              ],
              [
                104.21632707,
                12.76153862
              ],
              [
                104.21624207,
                12.76212272
              ],
              [
                104.21611765,
                12.76307855
              ],
              [
                104.21604865,
                12.76360731
              ],
              [
                104.21596079,
                12.76427956
              ],
              [
                104.21577624,
                12.76512671
              ],
              [
                104.21566207,
                12.76565081
              ],
              [
                104.21553154,
                12.76625059
              ],
              [
                104.21543743,
                12.76707993
              ],
              [
                104.21521141,
                12.76783766
              ],
              [
                104.21499115,
                12.7686881
              ],
              [
                104.21495279,
                12.76954924
              ],
              [
                104.21483344,
                12.77016149
              ],
              [
                104.21460343,
                12.7711837
              ],
              [
                104.21414341,
                12.77210801
              ],
              [
                104.2130064,
                12.77401364
              ],
              [
                104.21258928,
                12.77483862
              ],
              [
                104.21217216,
                12.7756636
              ],
              [
                104.21174411,
                12.77713505
              ],
              [
                104.21150607,
                12.77795378
              ],
              [
                104.21127386,
                12.77884373
              ],
              [
                104.21089409,
                12.7805233
              ],
              [
                104.21077704,
                12.78104173
              ],
              [
                104.21057541,
                12.78190691
              ],
              [
                104.21041649,
                12.78255634
              ],
              [
                104.20981384,
                12.78332198
              ],
              [
                104.20940524,
                12.78250923
              ],
              [
                104.20879454,
                12.78114204
              ],
              [
                104.20767141,
                12.7795823
              ],
              [
                104.20719741,
                12.77916042
              ],
              [
                104.20632045,
                12.77898486
              ],
              [
                104.20490378,
                12.77951521
              ],
              [
                104.20395934,
                12.78057141
              ],
              [
                104.20330194,
                12.78198791
              ],
              [
                104.20300109,
                12.7838248
              ],
              [
                104.20250082,
                12.78636072
              ],
              [
                104.20161099,
                12.78834954
              ],
              [
                104.201483,
                12.78968286
              ],
              [
                104.2011366,
                12.79143823
              ],
              [
                104.20081156,
                12.7937215
              ],
              [
                104.20054705,
                12.79451753
              ],
              [
                104.20042952,
                12.79535921
              ],
              [
                104.20013875,
                12.79736341
              ],
              [
                104.20001514,
                12.79821525
              ],
              [
                104.19984386,
                12.7989347
              ],
              [
                104.19939052,
                12.80090223
              ],
              [
                104.19926938,
                12.80142743
              ],
              [
                104.19891692,
                12.80235317
              ],
              [
                104.19816876,
                12.80412879
              ],
              [
                104.1976782,
                12.80529259
              ],
              [
                104.19715711,
                12.8066394
              ],
              [
                104.19671582,
                12.80760668
              ],
              [
                104.19579943,
                12.80993899
              ],
              [
                104.19527504,
                12.81132195
              ],
              [
                104.19465514,
                12.81276792
              ],
              [
                104.19378746,
                12.81498395
              ],
              [
                104.19255837,
                12.81720904
              ],
              [
                104.1912143,
                12.81981467
              ],
              [
                104.19073344,
                12.82071627
              ],
              [
                104.1895027,
                12.8235302
              ],
              [
                104.18855823,
                12.82569059
              ],
              [
                104.18805843,
                12.82674131
              ],
              [
                104.18696736,
                12.82872379
              ],
              [
                104.18580499,
                12.8308462
              ],
              [
                104.18391066,
                12.83393608
              ],
              [
                104.18152089,
                12.8378574
              ],
              [
                104.17858497,
                12.84216127
              ],
              [
                104.17697279,
                12.84450714
              ],
              [
                104.17593662,
                12.84637897
              ],
              [
                104.17532251,
                12.84748807
              ],
              [
                104.17496406,
                12.84799734
              ],
              [
                104.17479624,
                12.84823577
              ],
              [
                104.17306584,
                12.85069427
              ],
              [
                104.17088855,
                12.85382496
              ],
              [
                104.16841158,
                12.85734236
              ],
              [
                104.16646458,
                12.8607303
              ],
              [
                104.16508759,
                12.86303275
              ],
              [
                104.16339775,
                12.86579081
              ],
              [
                104.16096968,
                12.86917152
              ],
              [
                104.15833655,
                12.87219099
              ],
              [
                104.15706117,
                12.87541599
              ],
              [
                104.15710537,
                12.87796143
              ],
              [
                104.15713218,
                12.87950316
              ],
              [
                104.15646921,
                12.88121899
              ],
              [
                104.1555109,
                12.88245239
              ],
              [
                104.15511804,
                12.88383114
              ],
              [
                104.15444841,
                12.88477725
              ],
              [
                104.15485583,
                12.88532899
              ],
              [
                104.15493176,
                12.88742131
              ],
              [
                104.15428933,
                12.88995549
              ],
              [
                104.15339649,
                12.89209214
              ],
              [
                104.15251633,
                12.89499513
              ],
              [
                104.15179196,
                12.89738437
              ],
              [
                104.15149342,
                12.89836896
              ],
              [
                104.151722,
                12.90011027
              ],
              [
                104.15237356,
                12.90181226
              ],
              [
                104.15426909,
                12.90490394
              ],
              [
                104.15726958,
                12.90920061
              ],
              [
                104.15767621,
                12.90999874
              ],
              [
                104.15799531,
                12.91182171
              ],
              [
                104.15864469,
                12.91479745
              ],
              [
                104.15862042,
                12.91679902
              ],
              [
                104.15838319,
                12.91899996
              ],
              [
                104.15814012,
                12.91950213
              ],
              [
                104.15757044,
                12.92110975
              ],
              [
                104.1570627,
                12.92245197
              ],
              [
                104.15658827,
                12.92356937
              ],
              [
                104.15578681,
                12.92573796
              ],
              [
                104.15526906,
                12.92713891
              ],
              [
                104.15478164,
                12.92842806
              ],
              [
                104.154057,
                12.93027251
              ],
              [
                104.15373878,
                12.93101405
              ],
              [
                104.15287512,
                12.93341864
              ],
              [
                104.15260705,
                12.93406427
              ],
              [
                104.15165324,
                12.93688223
              ],
              [
                104.15080623,
                12.93886303
              ],
              [
                104.15037624,
                12.94002238
              ],
              [
                104.14945274,
                12.94221089
              ],
              [
                104.14860664,
                12.94433636
              ],
              [
                104.14761363,
                12.94586006
              ],
              [
                104.14694838,
                12.94765834
              ],
              [
                104.1459798,
                12.94851527
              ],
              [
                104.14493854,
                12.94888936
              ],
              [
                104.14219826,
                12.94948051
              ],
              [
                104.13866051,
                12.94999666
              ],
              [
                104.13561341,
                12.95016402
              ],
              [
                104.13401429,
                12.95148447
              ],
              [
                104.13374251,
                12.95326933
              ],
              [
                104.13307628,
                12.95581464
              ],
              [
                104.13211771,
                12.95633813
              ],
              [
                104.13089793,
                12.95625269
              ],
              [
                104.12919976,
                12.95662452
              ],
              [
                104.12883493,
                12.9579807
              ],
              [
                104.1279242,
                12.95890783
              ],
              [
                104.12641949,
                12.96063881
              ],
              [
                104.1254758,
                12.96175909
              ],
              [
                104.12484276,
                12.96376424
              ],
              [
                104.12444088,
                12.96589901
              ],
              [
                104.12424677,
                12.96818706
              ],
              [
                104.12404312,
                12.968999
              ],
              [
                104.1233523,
                12.97070897
              ],
              [
                104.12256533,
                12.97173482
              ],
              [
                104.12207297,
                12.97230392
              ],
              [
                104.12110888,
                12.97396548
              ],
              [
                104.12080534,
                12.97483021
              ],
              [
                104.12046192,
                12.97580895
              ],
              [
                104.12059597,
                12.97718262
              ],
              [
                104.12066549,
                12.97789489
              ],
              [
                104.12044373,
                12.97926284
              ],
              [
                104.12041066,
                12.98014769
              ],
              [
                104.12022868,
                12.98142536
              ],
              [
                104.12056454,
                12.98292743
              ],
              [
                104.12060434,
                12.98422731
              ],
              [
                104.11969389,
                12.9857749
              ],
              [
                104.11877336,
                12.98682627
              ],
              [
                104.11808949,
                12.98833732
              ],
              [
                104.11700969,
                12.99034431
              ],
              [
                104.11651154,
                12.99196787
              ],
              [
                104.11647724,
                12.99270466
              ],
              [
                104.11630606,
                12.99426152
              ],
              [
                104.11597456,
                12.99552285
              ],
              [
                104.11585981,
                12.99611356
              ],
              [
                104.11560809,
                12.99787019
              ],
              [
                104.11551038,
                12.99852991
              ],
              [
                104.1151708,
                12.99955047
              ],
              [
                104.11493256,
                13.00026621
              ],
              [
                104.11461313,
                13.00137048
              ],
              [
                104.11442373,
                13.0026142
              ],
              [
                104.11405689,
                13.00359737
              ],
              [
                104.11373956,
                13.00443152
              ],
              [
                104.11330925,
                13.00575805
              ],
              [
                104.11301074,
                13.00689177
              ],
              [
                104.11277408,
                13.00780757
              ],
              [
                104.11245454,
                13.00958318
              ],
              [
                104.11205555,
                13.01117542
              ],
              [
                104.11169101,
                13.01280168
              ],
              [
                104.11129122,
                13.01445043
              ],
              [
                104.11063989,
                13.01641703
              ],
              [
                104.10993194,
                13.01825685
              ],
              [
                104.10925036,
                13.01989106
              ],
              [
                104.10835109,
                13.0219574
              ],
              [
                104.10756403,
                13.02358898
              ],
              [
                104.10705079,
                13.02496042
              ],
              [
                104.1064853,
                13.0266764
              ],
              [
                104.10594878,
                13.02802402
              ],
              [
                104.10563031,
                13.0297205
              ],
              [
                104.10535275,
                13.03181948
              ],
              [
                104.1048685,
                13.03361597
              ],
              [
                104.10418647,
                13.03527277
              ],
              [
                104.10386984,
                13.03604926
              ],
              [
                104.10329545,
                13.03758097
              ],
              [
                104.10248589,
                13.03991318
              ],
              [
                104.10184007,
                13.04230586
              ],
              [
                104.10107894,
                13.04454668
              ],
              [
                104.10064126,
                13.04635576
              ],
              [
                104.09968447,
                13.0483416
              ],
              [
                104.09884616,
                13.05023631
              ],
              [
                104.09832169,
                13.05157378
              ],
              [
                104.0977671,
                13.05334627
              ],
              [
                104.09709409,
                13.05518729
              ],
              [
                104.09625156,
                13.05735774
              ],
              [
                104.09572176,
                13.0590399
              ],
              [
                104.09529087,
                13.0611824
              ],
              [
                104.09454755,
                13.0630096
              ],
              [
                104.09375685,
                13.06486037
              ],
              [
                104.09304135,
                13.06640059
              ],
              [
                104.0922342,
                13.06778
              ],
              [
                104.09162029,
                13.0688052
              ],
              [
                104.09104431,
                13.0696237
              ],
              [
                104.09083533,
                13.0710459
              ],
              [
                104.090349,
                13.07217665
              ],
              [
                104.08970535,
                13.07360296
              ],
              [
                104.08889579,
                13.07515414
              ],
              [
                104.0876677,
                13.07718191
              ],
              [
                104.08699258,
                13.07837867
              ],
              [
                104.08612614,
                13.07979175
              ],
              [
                104.08528877,
                13.08160615
              ],
              [
                104.08459646,
                13.08315886
              ],
              [
                104.08381786,
                13.08497459
              ],
              [
                104.08289863,
                13.08677739
              ],
              [
                104.08209902,
                13.08842012
              ],
              [
                104.08127987,
                13.08981074
              ],
              [
                104.08046954,
                13.09138449
              ],
              [
                104.07945589,
                13.09321971
              ],
              [
                104.07835282,
                13.0947551
              ],
              [
                104.07766741,
                13.09582521
              ],
              [
                104.07631455,
                13.09755184
              ],
              [
                104.0752581,
                13.09909981
              ],
              [
                104.07463146,
                13.10017125
              ],
              [
                104.07377519,
                13.10167586
              ],
              [
                104.07283672,
                13.10319035
              ],
              [
                104.07256634,
                13.10365276
              ],
              [
                104.07213754,
                13.10438697
              ],
              [
                104.07134919,
                13.10606473
              ],
              [
                104.07085204,
                13.10711403
              ],
              [
                104.07020164,
                13.10820797
              ],
              [
                104.06939422,
                13.10958616
              ],
              [
                104.06853597,
                13.11121732
              ],
              [
                104.06771746,
                13.11255025
              ],
              [
                104.06674495,
                13.1139719
              ],
              [
                104.06604954,
                13.11491536
              ],
              [
                104.06565127,
                13.11564515
              ],
              [
                104.06418742,
                13.11770357
              ],
              [
                104.06329585,
                13.119208
              ],
              [
                104.06219026,
                13.12089249
              ],
              [
                104.06105751,
                13.1228176
              ],
              [
                104.06006279,
                13.12414759
              ],
              [
                104.05923621,
                13.1252273
              ],
              [
                104.0584054,
                13.12658275
              ],
              [
                104.05735827,
                13.12826855
              ],
              [
                104.05668524,
                13.12929343
              ],
              [
                104.05514658,
                13.13164875
              ],
              [
                104.0537127,
                13.13328339
              ],
              [
                104.05235384,
                13.13459619
              ],
              [
                104.05072765,
                13.1365262
              ],
              [
                104.04961473,
                13.13790092
              ],
              [
                104.04821331,
                13.13969613
              ],
              [
                104.04698948,
                13.14141287
              ],
              [
                104.04571144,
                13.14283103
              ],
              [
                104.04454191,
                13.1440665
              ],
              [
                104.04289435,
                13.14582346
              ],
              [
                104.04146831,
                13.14769878
              ],
              [
                104.03965963,
                13.15002812
              ],
              [
                104.03815213,
                13.15185563
              ],
              [
                104.03673064,
                13.15343256
              ],
              [
                104.03540515,
                13.15486066
              ],
              [
                104.03425646,
                13.15626907
              ],
              [
                104.03334442,
                13.15754275
              ],
              [
                104.03191861,
                13.15939539
              ],
              [
                104.03053108,
                13.16104135
              ],
              [
                104.02938427,
                13.16232316
              ],
              [
                104.02830869,
                13.163525
              ],
              [
                104.02772074,
                13.16434328
              ],
              [
                104.02710332,
                13.16502809
              ],
              [
                104.02629911,
                13.16592014
              ],
              [
                104.02458638,
                13.16731958
              ],
              [
                104.02280365,
                13.16869614
              ],
              [
                104.0212496,
                13.16969607
              ],
              [
                104.01991951,
                13.17064147
              ],
              [
                104.01878963,
                13.17155599
              ],
              [
                104.01800287,
                13.17232602
              ],
              [
                104.01694367,
                13.17322949
              ],
              [
                104.01558909,
                13.17423241
              ],
              [
                104.01411862,
                13.17515351
              ],
              [
                104.01316958,
                13.17576015
              ],
              [
                104.01228964,
                13.17645973
              ],
              [
                104.01154163,
                13.17697786
              ],
              [
                104.01063757,
                13.17772255
              ],
              [
                104.00948394,
                13.17864823
              ],
              [
                104.00867971,
                13.17901582
              ],
              [
                104.00764775,
                13.1796549
              ],
              [
                104.00594977,
                13.18084856
              ],
              [
                104.00497543,
                13.18156922
              ],
              [
                104.00401242,
                13.18233739
              ],
              [
                104.00294606,
                13.18291867
              ],
              [
                104.00239072,
                13.18312898
              ],
              [
                104.00196216,
                13.18350253
              ],
              [
                104.00123771,
                13.18403089
              ],
              [
                104.00029965,
                13.18468386
              ],
              [
                103.99938605,
                13.18527929
              ],
              [
                103.99812809,
                13.18610053
              ],
              [
                103.9975,
                13.18646989
              ],
              [
                103.99611358,
                13.18725446
              ],
              [
                103.99519618,
                13.1879267
              ],
              [
                103.99355093,
                13.18875205
              ],
              [
                103.9919721,
                13.1898308
              ],
              [
                103.99026446,
                13.1908853
              ],
              [
                103.98835493,
                13.19208592
              ],
              [
                103.9871947,
                13.19268823
              ],
              [
                103.98559639,
                13.19351371
              ],
              [
                103.98358646,
                13.19436806
              ],
              [
                103.98163999,
                13.19493558
              ],
              [
                103.97956746,
                13.19530594
              ],
              [
                103.97755811,
                13.19538947
              ],
              [
                103.97549305,
                13.19527724
              ],
              [
                103.97407273,
                13.19524444
              ],
              [
                103.97306676,
                13.19500985
              ],
              [
                103.97209841,
                13.19460363
              ],
              [
                103.97080809,
                13.19451482
              ],
              [
                103.96979198,
                13.19491307
              ],
              [
                103.96858671,
                13.19537724
              ],
              [
                103.96640045,
                13.19625108
              ],
              [
                103.96441404,
                13.19711667
              ],
              [
                103.96280111,
                13.19810355
              ],
              [
                103.96116477,
                13.19910049
              ],
              [
                103.9593629,
                13.20016456
              ],
              [
                103.95760493,
                13.20141301
              ],
              [
                103.95560315,
                13.20323231
              ],
              [
                103.95373522,
                13.20401918
              ],
              [
                103.95236707,
                13.2043888
              ],
              [
                103.95045217,
                13.20516302
              ],
              [
                103.9485731,
                13.2059159
              ],
              [
                103.94686872,
                13.20675086
              ],
              [
                103.94500714,
                13.20785978
              ],
              [
                103.94350067,
                13.20880176
              ],
              [
                103.94172792,
                13.20949852
              ],
              [
                103.93997489,
                13.20970034
              ],
              [
                103.9377749,
                13.20996471
              ],
              [
                103.93548304,
                13.21006707
              ],
              [
                103.9347873,
                13.20990935
              ],
              [
                103.93347073,
                13.20961003
              ],
              [
                103.93140199,
                13.20900355
              ],
              [
                103.9295277,
                13.20870979
              ],
              [
                103.92862211,
                13.20879867
              ],
              [
                103.92640875,
                13.20987886
              ],
              [
                103.92512432,
                13.21014696
              ],
              [
                103.92364784,
                13.21067531
              ],
              [
                103.92198436,
                13.21188999
              ],
              [
                103.92069864,
                13.21297289
              ],
              [
                103.91988558,
                13.21313333
              ],
              [
                103.91792781,
                13.21365397
              ],
              [
                103.91637945,
                13.21353779
              ],
              [
                103.91513366,
                13.21288607
              ],
              [
                103.9133969,
                13.21207743
              ],
              [
                103.91190229,
                13.21154783
              ],
              [
                103.91047683,
                13.21109988
              ],
              [
                103.90792723,
                13.2111862
              ],
              [
                103.90712757,
                13.21144611
              ],
              [
                103.90643967,
                13.2116692
              ],
              [
                103.9047213,
                13.21263037
              ],
              [
                103.90359234,
                13.21346297
              ],
              [
                103.9025208,
                13.21435344
              ],
              [
                103.90140878,
                13.21558842
              ],
              [
                103.90032411,
                13.2165715
              ],
              [
                103.8992651,
                13.2174281
              ],
              [
                103.89807209,
                13.21858135
              ],
              [
                103.89617778,
                13.21952928
              ],
              [
                103.89457952,
                13.22030781
              ],
              [
                103.89223164,
                13.22098364
              ],
              [
                103.88995141,
                13.22110824
              ],
              [
                103.887725,
                13.22080925
              ],
              [
                103.88619411,
                13.22033698
              ],
              [
                103.88470311,
                13.21958911
              ],
              [
                103.88334797,
                13.21915375
              ],
              [
                103.8825127,
                13.2192439
              ],
              [
                103.88197882,
                13.21958061
              ],
              [
                103.88121446,
                13.22037287
              ],
              [
                103.8799069,
                13.22132889
              ],
              [
                103.87886282,
                13.22198996
              ],
              [
                103.87780303,
                13.22287019
              ],
              [
                103.87616537,
                13.22392419
              ],
              [
                103.87399913,
                13.22497019
              ],
              [
                103.87230869,
                13.2256442
              ],
              [
                103.87023805,
                13.22658888
              ],
              [
                103.86903906,
                13.22737353
              ],
              [
                103.86708571,
                13.22833114
              ],
              [
                103.86508772,
                13.22914952
              ],
              [
                103.86436974,
                13.22949893
              ],
              [
                103.8634185,
                13.22996257
              ],
              [
                103.86174598,
                13.23042751
              ],
              [
                103.85966405,
                13.23117767
              ],
              [
                103.85876991,
                13.23126748
              ],
              [
                103.8577584,
                13.2313545
              ],
              [
                103.85606724,
                13.23136162
              ],
              [
                103.85425218,
                13.2310348
              ],
              [
                103.8523079,
                13.23071642
              ],
              [
                103.8506776,
                13.23059834
              ],
              [
                103.84915375,
                13.23041293
              ],
              [
                103.84687696,
                13.22960593
              ],
              [
                103.84593893,
                13.22952259
              ],
              [
                103.84504175,
                13.22909475
              ],
              [
                103.84411024,
                13.22860798
              ],
              [
                103.84302953,
                13.22790129
              ],
              [
                103.84202529,
                13.22755206
              ],
              [
                103.8411233,
                13.22741122
              ],
              [
                103.84039026,
                13.22770964
              ],
              [
                103.83921443,
                13.22851798
              ],
              [
                103.8381826,
                13.22912242
              ],
              [
                103.83692662,
                13.22980382
              ],
              [
                103.83552474,
                13.23078063
              ],
              [
                103.83445397,
                13.23162559
              ],
              [
                103.83366743,
                13.23231362
              ],
              [
                103.83219441,
                13.23332512
              ],
              [
                103.83117398,
                13.23395219
              ],
              [
                103.83010597,
                13.23463553
              ],
              [
                103.82933452,
                13.23511794
              ],
              [
                103.82852824,
                13.23558776
              ],
              [
                103.82733727,
                13.23586708
              ],
              [
                103.82611591,
                13.23587052
              ],
              [
                103.82521107,
                13.23590139
              ],
              [
                103.82439573,
                13.23621068
              ],
              [
                103.82324319,
                13.23629578
              ],
              [
                103.82233006,
                13.23613109
              ],
              [
                103.82149068,
                13.23646286
              ],
              [
                103.8210508,
                13.23677726
              ],
              [
                103.82022569,
                13.23695992
              ],
              [
                103.81947528,
                13.23690108
              ],
              [
                103.81871156,
                13.23691224
              ],
              [
                103.81744518,
                13.23680015
              ],
              [
                103.81596383,
                13.23665428
              ],
              [
                103.81446323,
                13.2360156
              ],
              [
                103.81325619,
                13.23585856
              ],
              [
                103.81174127,
                13.23585717
              ],
              [
                103.8098044,
                13.23580294
              ],
              [
                103.80868487,
                13.23603844
              ],
              [
                103.80762137,
                13.23643466
              ],
              [
                103.80679259,
                13.23683536
              ],
              [
                103.80598632,
                13.23729268
              ],
              [
                103.80496741,
                13.2378281
              ],
              [
                103.80396037,
                13.23835227
              ],
              [
                103.80309435,
                13.23887823
              ],
              [
                103.80249406,
                13.23967326
              ],
              [
                103.80191805,
                13.24039947
              ],
              [
                103.80104915,
                13.24109718
              ],
              [
                103.80036758,
                13.24182176
              ],
              [
                103.79956896,
                13.24230056
              ],
              [
                103.79900469,
                13.24257026
              ],
              [
                103.79830588,
                13.24292634
              ],
              [
                103.79725713,
                13.24312821
              ],
              [
                103.79615105,
                13.24325974
              ],
              [
                103.79494561,
                13.24300995
              ],
              [
                103.79415317,
                13.24264119
              ],
              [
                103.79285992,
                13.24201127
              ],
              [
                103.79178574,
                13.24163778
              ],
              [
                103.79090304,
                13.24173757
              ],
              [
                103.7896967,
                13.24225847
              ],
              [
                103.78888142,
                13.24254391
              ],
              [
                103.78800726,
                13.24284037
              ],
              [
                103.78635732,
                13.24319303
              ],
              [
                103.78543277,
                13.24300556
              ],
              [
                103.7845002,
                13.2425762
              ],
              [
                103.78372188,
                13.24227189
              ],
              [
                103.78255029,
                13.24188999
              ],
              [
                103.7817076,
                13.24171533
              ],
              [
                103.78082759,
                13.24167836
              ],
              [
                103.77973506,
                13.24169461
              ],
              [
                103.77908704,
                13.24181017
              ],
              [
                103.778602,
                13.24203274
              ],
              [
                103.77799562,
                13.24247057
              ],
              [
                103.77725792,
                13.24304451
              ],
              [
                103.77652228,
                13.24349302
              ],
              [
                103.77552873,
                13.24390187
              ],
              [
                103.77519295,
                13.24432178
              ],
              [
                103.77481629,
                13.24507374
              ],
              [
                103.77394817,
                13.24571485
              ],
              [
                103.77299364,
                13.24661885
              ],
              [
                103.77233165,
                13.2468722
              ],
              [
                103.77078553,
                13.24732922
              ],
              [
                103.76905837,
                13.24805997
              ],
              [
                103.76776042,
                13.24843003
              ],
              [
                103.7663244,
                13.24861294
              ],
              [
                103.76550125,
                13.24868016
              ],
              [
                103.76465491,
                13.24871222
              ],
              [
                103.76388694,
                13.24898763
              ],
              [
                103.7632277,
                13.2490918
              ],
              [
                103.76247376,
                13.24921697
              ],
              [
                103.76186164,
                13.24929876
              ],
              [
                103.76111859,
                13.24949405
              ],
              [
                103.76042992,
                13.24994161
              ],
              [
                103.75964769,
                13.2503548
              ],
              [
                103.75878363,
                13.25075404
              ],
              [
                103.75744521,
                13.25142218
              ],
              [
                103.75665393,
                13.25168503
              ],
              [
                103.75577213,
                13.25159823
              ],
              [
                103.75502788,
                13.25185791
              ],
              [
                103.75430576,
                13.25218776
              ],
              [
                103.75263027,
                13.25289378
              ],
              [
                103.75179025,
                13.25275858
              ],
              [
                103.75099144,
                13.25263037
              ],
              [
                103.75029929,
                13.25256934
              ],
              [
                103.74972177,
                13.25265127
              ],
              [
                103.74835228,
                13.25284571
              ],
              [
                103.74778987,
                13.25324525
              ],
              [
                103.74734736,
                13.25354368
              ],
              [
                103.74668873,
                13.25403316
              ],
              [
                103.74641456,
                13.25480026
              ],
              [
                103.74534459,
                13.25524477
              ],
              [
                103.74477299,
                13.25546571
              ],
              [
                103.74406354,
                13.25573796
              ],
              [
                103.74286798,
                13.25626433
              ],
              [
                103.74169536,
                13.25681342
              ],
              [
                103.73995669,
                13.25751113
              ],
              [
                103.73914993,
                13.2577501
              ],
              [
                103.73818829,
                13.25804256
              ],
              [
                103.73723921,
                13.25825031
              ],
              [
                103.7364811,
                13.25850534
              ],
              [
                103.73584036,
                13.25870671
              ],
              [
                103.73473599,
                13.25927305
              ],
              [
                103.73375919,
                13.25998692
              ],
              [
                103.73279624,
                13.26058673
              ],
              [
                103.73216055,
                13.26048073
              ],
              [
                103.731174,
                13.26040237
              ],
              [
                103.73018745,
                13.26032513
              ],
              [
                103.72932984,
                13.260687
              ],
              [
                103.72849877,
                13.261049
              ],
              [
                103.72766688,
                13.26145733
              ],
              [
                103.72704768,
                13.26172884
              ],
              [
                103.7262868,
                13.26217933
              ],
              [
                103.72563077,
                13.26254558
              ],
              [
                103.72431943,
                13.2631357
              ],
              [
                103.72326017,
                13.2634502
              ],
              [
                103.7219723,
                13.26374209
              ],
              [
                103.72141153,
                13.26386923
              ],
              [
                103.72076019,
                13.26399818
              ],
              [
                103.71970471,
                13.26424941
              ],
              [
                103.71884168,
                13.26448577
              ],
              [
                103.71782265,
                13.26482645
              ],
              [
                103.71656141,
                13.26537383
              ],
              [
                103.71651341,
                13.26468199
              ],
              [
                103.71684163,
                13.26396719
              ],
              [
                103.71705366,
                13.26285854
              ],
              [
                103.71720875,
                13.26204906
              ],
              [
                103.71691376,
                13.26143282
              ],
              [
                103.7166366,
                13.26088109
              ],
              [
                103.71624037,
                13.26043159
              ],
              [
                103.71571631,
                13.26038036
              ],
              [
                103.71423102,
                13.26053786
              ],
              [
                103.71504864,
                13.25955544
              ],
              [
                103.7164857,
                13.25720876
              ],
              [
                103.7173098,
                13.25531553
              ],
              [
                103.71747308,
                13.25426313
              ],
              [
                103.71755347,
                13.25323066
              ],
              [
                103.71666332,
                13.25402627
              ],
              [
                103.71600336,
                13.25475862
              ],
              [
                103.7152965,
                13.25546813
              ],
              [
                103.71446011,
                13.25634875
              ],
              [
                103.71398807,
                13.25699051
              ],
              [
                103.713151,
                13.25799882
              ],
              [
                103.71224223,
                13.25925877
              ],
              [
                103.7117348,
                13.25999188
              ],
              [
                103.7113153,
                13.26062372
              ],
              [
                103.71094376,
                13.26118348
              ],
              [
                103.71017618,
                13.2623526
              ],
              [
                103.70976308,
                13.26297091
              ],
              [
                103.70891311,
                13.26423114
              ],
              [
                103.70818144,
                13.26520494
              ],
              [
                103.70748476,
                13.26627044
              ],
              [
                103.70708226,
                13.26711933
              ],
              [
                103.70634667,
                13.26828634
              ],
              [
                103.70602695,
                13.26722472
              ],
              [
                103.70621673,
                13.26635215
              ],
              [
                103.70632463,
                13.26536503
              ],
              [
                103.70646832,
                13.26404472
              ],
              [
                103.70655274,
                13.26308008
              ],
              [
                103.7066034,
                13.26151747
              ],
              [
                103.70685214,
                13.26034686
              ],
              [
                103.7066904,
                13.25946234
              ],
              [
                103.70603786,
                13.25790972
              ],
              [
                103.70510295,
                13.25690826
              ],
              [
                103.70431999,
                13.25607934
              ],
              [
                103.7036417,
                13.25552556
              ],
              [
                103.70286909,
                13.25524816
              ],
              [
                103.70228294,
                13.25527004
              ],
              [
                103.70147515,
                13.25499132
              ],
              [
                103.7004455,
                13.25440297
              ],
              [
                103.69952212,
                13.25351682
              ],
              [
                103.6984235,
                13.25234161
              ],
              [
                103.69766361,
                13.25162806
              ],
              [
                103.69559038,
                13.25069309
              ],
              [
                103.69476252,
                13.24980063
              ],
              [
                103.6939946,
                13.24875931
              ],
              [
                103.6934383,
                13.24767388
              ],
              [
                103.69303481,
                13.24654289
              ],
              [
                103.69234297,
                13.2446499
              ],
              [
                103.69236402,
                13.24324535
              ],
              [
                103.69220457,
                13.24248401
              ],
              [
                103.69158807,
                13.24160506
              ],
              [
                103.69155629,
                13.2410749
              ],
              [
                103.69166584,
                13.24048783
              ],
              [
                103.69132139,
                13.23932324
              ],
              [
                103.69083282,
                13.23862915
              ],
              [
                103.68987678,
                13.23766709
              ],
              [
                103.68917719,
                13.23696061
              ],
              [
                103.68851365,
                13.23609271
              ],
              [
                103.68813202,
                13.23524999
              ],
              [
                103.68752707,
                13.2344276
              ],
              [
                103.68712303,
                13.23335423
              ],
              [
                103.68699761,
                13.23281229
              ],
              [
                103.68709558,
                13.23217997
              ],
              [
                103.68741833,
                13.23130697
              ],
              [
                103.68784488,
                13.2306526
              ],
              [
                103.68828403,
                13.22990676
              ],
              [
                103.688456,
                13.22875611
              ],
              [
                103.6883569,
                13.22776568
              ],
              [
                103.68841377,
                13.22624492
              ],
              [
                103.6883245,
                13.22551897
              ],
              [
                103.68823469,
                13.22489698
              ],
              [
                103.68807404,
                13.22430853
              ],
              [
                103.6875035,
                13.22363661
              ],
              [
                103.68704813,
                13.22326587
              ],
              [
                103.68691954,
                13.22137576
              ],
              [
                103.68708731,
                13.22084776
              ],
              [
                103.68659768,
                13.22036045
              ],
              [
                103.68606288,
                13.21958588
              ],
              [
                103.68564538,
                13.21882321
              ],
              [
                103.68509966,
                13.21793331
              ],
              [
                103.68488074,
                13.21729823
              ],
              [
                103.68486166,
                13.21660767
              ],
              [
                103.6850201,
                13.21572139
              ],
              [
                103.68563475,
                13.21504539
              ],
              [
                103.68661353,
                13.21432605
              ],
              [
                103.68728389,
                13.21412269
              ],
              [
                103.68789573,
                13.2138614
              ],
              [
                103.6883785,
                13.21363447
              ],
              [
                103.68939269,
                13.21286898
              ],
              [
                103.69009797,
                13.21271212
              ],
              [
                103.69070932,
                13.21254348
              ],
              [
                103.69122744,
                13.2122817
              ],
              [
                103.69184157,
                13.21169834
              ],
              [
                103.69196402,
                13.21090454
              ],
              [
                103.69171022,
                13.21021165
              ],
              [
                103.69153834,
                13.20956551
              ],
              [
                103.69150043,
                13.20818325
              ],
              [
                103.69179544,
                13.20764068
              ],
              [
                103.69211807,
                13.20704731
              ],
              [
                103.69273339,
                13.20629106
              ],
              [
                103.69333823,
                13.20528049
              ],
              [
                103.69372982,
                13.20462705
              ],
              [
                103.69446151,
                13.20316845
              ],
              [
                103.69446714,
                13.20315722
              ],
              [
                103.69495425,
                13.20221611
              ],
              [
                103.69531157,
                13.20138846
              ],
              [
                103.6957183,
                13.20021641
              ],
              [
                103.69581743,
                13.19986704
              ],
              [
                103.69598245,
                13.19928545
              ],
              [
                103.69619869,
                13.19852716
              ],
              [
                103.69649929,
                13.19741106
              ],
              [
                103.6968213,
                13.19660696
              ],
              [
                103.69709696,
                13.1957337
              ],
              [
                103.69721836,
                13.19507775
              ],
              [
                103.69760014,
                13.1941474
              ],
              [
                103.69799473,
                13.19297527
              ],
              [
                103.69822585,
                13.19174468
              ],
              [
                103.69880016,
                13.19000844
              ],
              [
                103.6988515,
                13.18935213
              ],
              [
                103.69902434,
                13.18801728
              ],
              [
                103.69939839,
                13.18641901
              ],
              [
                103.69963808,
                13.18563709
              ],
              [
                103.69993797,
                13.18464868
              ],
              [
                103.70016817,
                13.18353335
              ],
              [
                103.70042136,
                13.18248706
              ],
              [
                103.70070966,
                13.18145226
              ],
              [
                103.70105674,
                13.18037142
              ],
              [
                103.70143733,
                13.17960264
              ],
              [
                103.70162985,
                13.17924389
              ],
              [
                103.70192418,
                13.17869541
              ],
              [
                103.70207361,
                13.17824741
              ],
              [
                103.70241486,
                13.17722429
              ],
              [
                103.70257248,
                13.17641935
              ],
              [
                103.70282704,
                13.17516514
              ],
              [
                103.70324736,
                13.17369366
              ],
              [
                103.70356223,
                13.17215272
              ],
              [
                103.70369637,
                13.17137026
              ],
              [
                103.70374793,
                13.17066762
              ],
              [
                103.70371636,
                13.17009226
              ],
              [
                103.70353342,
                13.16935341
              ],
              [
                103.70339994,
                13.1682012
              ],
              [
                103.70295935,
                13.1673921
              ],
              [
                103.70227324,
                13.16639757
              ],
              [
                103.70181062,
                13.16539286
              ],
              [
                103.70170693,
                13.16323844
              ],
              [
                103.70171863,
                13.16145413
              ],
              [
                103.70184288,
                13.16036085
              ],
              [
                103.70206374,
                13.15887594
              ],
              [
                103.70222591,
                13.15736812
              ],
              [
                103.70236335,
                13.15606811
              ],
              [
                103.70247366,
                13.15351133
              ],
              [
                103.70232746,
                13.15253196
              ],
              [
                103.70222796,
                13.15155282
              ],
              [
                103.70242696,
                13.14983726
              ],
              [
                103.70236857,
                13.14794862
              ],
              [
                103.70250798,
                13.14632542
              ],
              [
                103.70264425,
                13.14524351
              ],
              [
                103.70263134,
                13.14358564
              ],
              [
                103.70278149,
                13.14211166
              ],
              [
                103.70302302,
                13.14107661
              ],
              [
                103.70319663,
                13.13958127
              ],
              [
                103.70324253,
                13.13792257
              ],
              [
                103.70365387,
                13.1360024
              ],
              [
                103.70404698,
                13.13508338
              ],
              [
                103.70440291,
                13.1344399
              ],
              [
                103.70477207,
                13.13357839
              ],
              [
                103.705217,
                13.1328615
              ],
              [
                103.70530554,
                13.13271883
              ],
              [
                103.70530796,
                13.13269028
              ],
              [
                103.70536913,
                13.13196992
              ],
              [
                103.70531631,
                13.13104865
              ],
              [
                103.70511237,
                13.12991868
              ],
              [
                103.70474168,
                13.12920261
              ],
              [
                103.70491322,
                13.12804064
              ],
              [
                103.70470881,
                13.12700221
              ],
              [
                103.70457378,
                13.12609182
              ],
              [
                103.70510366,
                13.12398691
              ],
              [
                103.70527998,
                13.12207685
              ],
              [
                103.70535634,
                13.12114493
              ],
              [
                103.70564322,
                13.1203056
              ],
              [
                103.70587146,
                13.11948858
              ],
              [
                103.70589922,
                13.11880955
              ],
              [
                103.70584615,
                13.11793461
              ],
              [
                103.7060447,
                13.11753432
              ],
              [
                103.70626215,
                13.11709592
              ],
              [
                103.70657355,
                13.11608382
              ],
              [
                103.70668316,
                13.11546283
              ],
              [
                103.70614333,
                13.11468263
              ],
              [
                103.70691348,
                13.11452151
              ],
              [
                103.7069675,
                13.11345047
              ],
              [
                103.70675234,
                13.11226282
              ],
              [
                103.7070156,
                13.11147083
              ],
              [
                103.70758607,
                13.11035718
              ],
              [
                103.7078611,
                13.10957542
              ],
              [
                103.7082946,
                13.10786328
              ],
              [
                103.70831012,
                13.10726442
              ],
              [
                103.70750317,
                13.10691344
              ],
              [
                103.70751029,
                13.10759265
              ],
              [
                103.70721216,
                13.10832796
              ],
              [
                103.70660097,
                13.1085204
              ],
              [
                103.705463,
                13.10852372
              ],
              [
                103.70464191,
                13.10850717
              ],
              [
                103.70387091,
                13.10800719
              ],
              [
                103.70391401,
                13.10682197
              ],
              [
                103.70502338,
                13.1057811
              ],
              [
                103.70552382,
                13.10460947
              ],
              [
                103.70586169,
                13.10316128
              ],
              [
                103.7062792,
                13.10213841
              ],
              [
                103.70547668,
                13.1017705
              ],
              [
                103.70613585,
                13.10033748
              ],
              [
                103.70671877,
                13.09539522
              ],
              [
                103.70704965,
                13.09241123
              ],
              [
                103.70740399,
                13.08934712
              ],
              [
                103.70809888,
                13.08652316
              ],
              [
                103.70936985,
                13.08414619
              ],
              [
                103.71071084,
                13.08171193
              ],
              [
                103.71222871,
                13.07950795
              ],
              [
                103.71392116,
                13.07692286
              ],
              [
                103.71531018,
                13.07487981
              ],
              [
                103.71590334,
                13.07325432
              ],
              [
                103.71661519,
                13.07219219
              ],
              [
                103.71820711,
                13.07125422
              ],
              [
                103.71949339,
                13.07006384
              ],
              [
                103.72122152,
                13.06768567
              ],
              [
                103.72289,
                13.06502015
              ],
              [
                103.72451241,
                13.06256233
              ],
              [
                103.7262396,
                13.05995357
              ],
              [
                103.72827303,
                13.05780512
              ],
              [
                103.72966356,
                13.05621175
              ],
              [
                103.730821,
                13.05511334
              ],
              [
                103.73193734,
                13.05585789
              ],
              [
                103.73105042,
                13.05719721
              ],
              [
                103.73005829,
                13.05865128
              ],
              [
                103.72934703,
                13.05995529
              ],
              [
                103.73136057,
                13.05887691
              ],
              [
                103.7335235,
                13.05686692
              ],
              [
                103.73616726,
                13.05487733
              ],
              [
                103.73732489,
                13.05384783
              ],
              [
                103.73712339,
                13.05318122
              ],
              [
                103.73722622,
                13.05233981
              ],
              [
                103.73898292,
                13.05171214
              ],
              [
                103.74011866,
                13.05113228
              ],
              [
                103.73913249,
                13.05080201
              ],
              [
                103.73658746,
                13.05061444
              ],
              [
                103.7348037,
                13.05015934
              ],
              [
                103.73481382,
                13.04964181
              ],
              [
                103.73702908,
                13.04939271
              ],
              [
                103.73949972,
                13.04827806
              ],
              [
                103.74100395,
                13.04571668
              ],
              [
                103.74184284,
                13.04399738
              ],
              [
                103.74242556,
                13.04290176
              ],
              [
                103.74273976,
                13.04214048
              ],
              [
                103.74218714,
                13.04166993
              ],
              [
                103.74295796,
                13.0407583
              ],
              [
                103.74389417,
                13.04019102
              ],
              [
                103.74512321,
                13.03955283
              ],
              [
                103.74599843,
                13.03924968
              ],
              [
                103.74791348,
                13.04068964
              ],
              [
                103.75112491,
                13.04007908
              ],
              [
                103.75482907,
                13.03918154
              ],
              [
                103.75887454,
                13.03779059
              ],
              [
                103.76141968,
                13.03660374
              ],
              [
                103.76381407,
                13.03484092
              ],
              [
                103.76408868,
                13.03292445
              ],
              [
                103.76378642,
                13.03199294
              ],
              [
                103.7663181,
                13.0314716
              ],
              [
                103.76610921,
                13.03076994
              ],
              [
                103.77187047,
                13.02702955
              ],
              [
                103.77220317,
                13.02523878
              ],
              [
                103.77160045,
                13.02282541
              ],
              [
                103.77092665,
                13.02068746
              ],
              [
                103.77040483,
                13.01858525
              ],
              [
                103.76968331,
                13.01678045
              ],
              [
                103.7688554,
                13.01540006
              ],
              [
                103.76572912,
                13.0148857
              ],
              [
                103.76414866,
                13.01454932
              ],
              [
                103.76153939,
                13.01355482
              ],
              [
                103.75925684,
                13.01297435
              ],
              [
                103.75751264,
                13.01254447
              ],
              [
                103.75603926,
                13.01159943
              ],
              [
                103.75503443,
                13.01070071
              ],
              [
                103.7533367,
                13.010375
              ],
              [
                103.75231619,
                13.01094645
              ],
              [
                103.75163623,
                13.01117372
              ],
              [
                103.75021729,
                13.0117907
              ],
              [
                103.74816604,
                13.01226675
              ],
              [
                103.747207,
                13.01178184
              ],
              [
                103.7463695,
                13.01096299
              ],
              [
                103.74834502,
                13.01145282
              ],
              [
                103.74896773,
                13.0113236
              ],
              [
                103.74969716,
                13.01111466
              ],
              [
                103.75051065,
                13.01074677
              ],
              [
                103.75135634,
                13.00975862
              ],
              [
                103.75166932,
                13.00916569
              ],
              [
                103.75236768,
                13.00865825
              ],
              [
                103.75268954,
                13.00824957
              ],
              [
                103.75316288,
                13.00791169
              ],
              [
                103.75367845,
                13.00708015
              ],
              [
                103.75436676,
                13.00644608
              ],
              [
                103.75471357,
                13.00594485
              ],
              [
                103.7554115,
                13.00546112
              ],
              [
                103.75626713,
                13.00461087
              ],
              [
                103.75671758,
                13.00423783
              ],
              [
                103.75722877,
                13.00370461
              ],
              [
                103.75775089,
                13.00322908
              ],
              [
                103.75853092,
                13.00274574
              ],
              [
                103.75916422,
                13.00268548
              ],
              [
                103.75881334,
                13.00203739
              ],
              [
                103.75884149,
                13.00130069
              ],
              [
                103.75956917,
                13.00097192
              ],
              [
                103.76067265,
                13.00045056
              ],
              [
                103.76178668,
                13.00012363
              ],
              [
                103.76258767,
                12.9992437
              ],
              [
                103.76377597,
                12.99817125
              ],
              [
                103.7651751,
                12.99710995
              ],
              [
                103.76691649,
                12.99552365
              ],
              [
                103.76822347,
                12.99415338
              ],
              [
                103.77022409,
                12.99222247
              ],
              [
                103.77235468,
                12.9900989
              ],
              [
                103.77456656,
                12.98807854
              ],
              [
                103.77795848,
                12.98652366
              ],
              [
                103.77969438,
                12.98591364
              ],
              [
                103.78146621,
                12.98519981
              ],
              [
                103.78401303,
                12.98400816
              ],
              [
                103.78637414,
                12.98255118
              ],
              [
                103.78744691,
                12.98114467
              ],
              [
                103.78855711,
                12.97932471
              ],
              [
                103.78959711,
                12.97748069
              ],
              [
                103.79082708,
                12.97513238
              ],
              [
                103.79199877,
                12.97273859
              ],
              [
                103.7922402,
                12.97136097
              ],
              [
                103.79180108,
                12.97024464
              ],
              [
                103.7916904,
                12.9690609
              ],
              [
                103.79198809,
                12.96808586
              ],
              [
                103.79315289,
                12.9669894
              ],
              [
                103.7933962,
                12.96527953
              ],
              [
                103.79326562,
                12.96338259
              ],
              [
                103.79297945,
                12.9621517
              ],
              [
                103.79242183,
                12.96135577
              ],
              [
                103.79214791,
                12.9600334
              ],
              [
                103.79267933,
                12.95915211
              ],
              [
                103.79311478,
                12.9586953
              ],
              [
                103.79346826,
                12.95827201
              ],
              [
                103.79418547,
                12.95768994
              ],
              [
                103.79299723,
                12.95654641
              ],
              [
                103.78987219,
                12.95644828
              ],
              [
                103.78781278,
                12.95627484
              ],
              [
                103.78619925,
                12.95593282
              ],
              [
                103.78493815,
                12.95532798
              ],
              [
                103.7844278,
                12.95441812
              ],
              [
                103.78432696,
                12.9535904
              ],
              [
                103.78444916,
                12.95262586
              ],
              [
                103.78478321,
                12.95139898
              ],
              [
                103.78494028,
                12.95049223
              ],
              [
                103.78477306,
                12.9489172
              ],
              [
                103.78468714,
                12.94744652
              ],
              [
                103.78546521,
                12.94642853
              ],
              [
                103.78619544,
                12.94559338
              ],
              [
                103.7864926,
                12.94472232
              ],
              [
                103.78677724,
                12.944058
              ],
              [
                103.78721457,
                12.94321019
              ],
              [
                103.7880346,
                12.94309986
              ],
              [
                103.78870266,
                12.94296622
              ],
              [
                103.78967539,
                12.94273002
              ],
              [
                103.79083608,
                12.94240315
              ],
              [
                103.79165705,
                12.94209843
              ],
              [
                103.79253728,
                12.94169002
              ],
              [
                103.79288048,
                12.9409446
              ],
              [
                103.79283635,
                12.94041663
              ],
              [
                103.79276032,
                12.93933589
              ],
              [
                103.79279973,
                12.93850882
              ],
              [
                103.79281481,
                12.93788846
              ],
              [
                103.79279575,
                12.93706112
              ],
              [
                103.79237939,
                12.93607147
              ],
              [
                103.79169257,
                12.93537779
              ],
              [
                103.79070392,
                12.93414251
              ],
              [
                103.79081439,
                12.93321294
              ],
              [
                103.79064635,
                12.93174188
              ],
              [
                103.79052915,
                12.92958168
              ],
              [
                103.79073267,
                12.92870904
              ],
              [
                103.7913159,
                12.92686287
              ],
              [
                103.79152196,
                12.92552011
              ],
              [
                103.79137632,
                12.92430117
              ],
              [
                103.79123061,
                12.92303702
              ],
              [
                103.7911717,
                12.92091213
              ],
              [
                103.7911568,
                12.91928017
              ],
              [
                103.79153998,
                12.91763988
              ],
              [
                103.79201692,
                12.91596498
              ],
              [
                103.79326465,
                12.91463947
              ],
              [
                103.79419685,
                12.91322095
              ],
              [
                103.79544521,
                12.91175755
              ],
              [
                103.79616548,
                12.91056633
              ],
              [
                103.79632218,
                12.90965956
              ],
              [
                103.79647933,
                12.9087189
              ],
              [
                103.79719533,
                12.9083549
              ],
              [
                103.79808701,
                12.90793521
              ],
              [
                103.7988774,
                12.90671039
              ],
              [
                103.79936471,
                12.90532258
              ],
              [
                103.79997715,
                12.90456821
              ],
              [
                103.80052922,
                12.90421475
              ],
              [
                103.80108254,
                12.90359798
              ],
              [
                103.80155482,
                12.90276159
              ],
              [
                103.80189673,
                12.90232693
              ],
              [
                103.80249637,
                12.90177931
              ],
              [
                103.80323551,
                12.90145043
              ],
              [
                103.80399809,
                12.90109906
              ],
              [
                103.80494667,
                12.90100056
              ],
              [
                103.80574031,
                12.9013839
              ],
              [
                103.8067202,
                12.90203255
              ],
              [
                103.80736152,
                12.90247283
              ],
              [
                103.8082036,
                12.90260437
              ],
              [
                103.81010978,
                12.90293627
              ],
              [
                103.81121102,
                12.90271299
              ],
              [
                103.81159957,
                12.90227853
              ],
              [
                103.81133608,
                12.90117432
              ],
              [
                103.81110613,
                12.90034603
              ],
              [
                103.81122776,
                12.89947299
              ],
              [
                103.81112568,
                12.89882948
              ],
              [
                103.81075401,
                12.8983102
              ],
              [
                103.81131665,
                12.89815227
              ],
              [
                103.81175945,
                12.8984888
              ],
              [
                103.81244314,
                12.89983676
              ],
              [
                103.8133272,
                12.90089857
              ],
              [
                103.81444769,
                12.90147889
              ],
              [
                103.81575473,
                12.90219792
              ],
              [
                103.817354,
                12.90299964
              ],
              [
                103.81848577,
                12.90369526
              ],
              [
                103.81989765,
                12.90454245
              ],
              [
                103.82118319,
                12.90493928
              ],
              [
                103.82294978,
                12.90507607
              ],
              [
                103.82450411,
                12.90552155
              ],
              [
                103.82549558,
                12.90617018
              ],
              [
                103.82712989,
                12.9070059
              ],
              [
                103.82828601,
                12.90749478
              ],
              [
                103.82934913,
                12.90791431
              ],
              [
                103.83098631,
                12.90819964
              ],
              [
                103.83191581,
                12.90954866
              ],
              [
                103.83175804,
                12.91065096
              ],
              [
                103.83218632,
                12.91158298
              ],
              [
                103.83290817,
                12.91231062
              ],
              [
                103.83380755,
                12.91270679
              ],
              [
                103.83402651,
                12.91337455
              ],
              [
                103.83378693,
                12.91441885
              ],
              [
                103.83457061,
                12.91454892
              ],
              [
                103.83518052,
                12.91426459
              ],
              [
                103.83587412,
                12.9136947
              ],
              [
                103.83686247,
                12.91266616
              ],
              [
                103.83745307,
                12.91163584
              ],
              [
                103.83746732,
                12.911107
              ],
              [
                103.83723714,
                12.91037026
              ],
              [
                103.83728873,
                12.90942908
              ],
              [
                103.83781831,
                12.90882229
              ],
              [
                103.83853816,
                12.9076784
              ],
              [
                103.83921064,
                12.90662471
              ],
              [
                103.84021459,
                12.90482659
              ],
              [
                103.84145362,
                12.9028227
              ],
              [
                103.84231393,
                12.90169072
              ],
              [
                103.84357359,
                12.90020338
              ],
              [
                103.84493493,
                12.89946463
              ],
              [
                103.84671576,
                12.89913005
              ],
              [
                103.84755971,
                12.89885802
              ],
              [
                103.84827293,
                12.89902277
              ],
              [
                103.84898469,
                12.89944066
              ],
              [
                103.84981279,
                12.90005458
              ],
              [
                103.85077594,
                12.89934682
              ],
              [
                103.85200895,
                12.8985148
              ],
              [
                103.8531248,
                12.89772859
              ],
              [
                103.85442537,
                12.89742576
              ],
              [
                103.85594824,
                12.89719283
              ],
              [
                103.85744622,
                12.89717791
              ],
              [
                103.85867302,
                12.89764436
              ],
              [
                103.85938527,
                12.89795825
              ],
              [
                103.86040257,
                12.8981356
              ],
              [
                103.86186921,
                12.89740852
              ],
              [
                103.86333606,
                12.89663509
              ],
              [
                103.86459617,
                12.89507983
              ],
              [
                103.86523584,
                12.89354334
              ],
              [
                103.86562784,
                12.89238551
              ],
              [
                103.86580929,
                12.891168
              ],
              [
                103.86615889,
                12.88912507
              ],
              [
                103.86597863,
                12.8877116
              ],
              [
                103.86627065,
                12.88547291
              ],
              [
                103.86619848,
                12.88346207
              ],
              [
                103.86702358,
                12.8823061
              ],
              [
                103.86780873,
                12.88209251
              ],
              [
                103.86815099,
                12.88148484
              ],
              [
                103.86849328,
                12.88093593
              ],
              [
                103.86933847,
                12.8804344
              ],
              [
                103.86948346,
                12.87950492
              ],
              [
                103.87009221,
                12.87945103
              ],
              [
                103.87038102,
                12.88023321
              ],
              [
                103.87090191,
                12.88140743
              ],
              [
                103.87135495,
                12.88204226
              ],
              [
                103.87187927,
                12.88251579
              ],
              [
                103.87245949,
                12.88356481
              ],
              [
                103.87307726,
                12.88407378
              ],
              [
                103.87412197,
                12.88339001
              ],
              [
                103.87480293,
                12.882968
              ],
              [
                103.87536897,
                12.88209795
              ],
              [
                103.87569048,
                12.8809737
              ],
              [
                103.87611683,
                12.87997647
              ],
              [
                103.87680095,
                12.8788436
              ],
              [
                103.87727123,
                12.87845459
              ],
              [
                103.87773448,
                12.87705631
              ],
              [
                103.87823292,
                12.87564575
              ],
              [
                103.87855645,
                12.87406153
              ],
              [
                103.87798007,
                12.87227794
              ],
              [
                103.87738767,
                12.87137919
              ],
              [
                103.87699654,
                12.87003263
              ],
              [
                103.87689729,
                12.86878
              ],
              [
                103.87679495,
                12.8681591
              ],
              [
                103.87682132,
                12.86753876
              ],
              [
                103.87718715,
                12.86693231
              ],
              [
                103.87784302,
                12.86683227
              ],
              [
                103.87837108,
                12.86652487
              ],
              [
                103.8796376,
                12.8660025
              ],
              [
                103.88028211,
                12.86579956
              ],
              [
                103.88126785,
                12.86527598
              ],
              [
                103.88169212,
                12.86466977
              ],
              [
                103.88235859,
                12.86477659
              ],
              [
                103.88359655,
                12.8653006
              ],
              [
                103.88414662,
                12.86529164
              ],
              [
                103.88481435,
                12.86511139
              ],
              [
                103.8863608,
                12.8647744
              ],
              [
                103.88782385,
                12.86473653
              ],
              [
                103.89013748,
                12.86543798
              ],
              [
                103.89049695,
                12.86614133
              ],
              [
                103.89085738,
                12.86662544
              ],
              [
                103.89157905,
                12.86741056
              ],
              [
                103.89212851,
                12.86753946
              ],
              [
                103.8928557,
                12.86719896
              ],
              [
                103.89336183,
                12.86656934
              ],
              [
                103.8939742,
                12.86581471
              ],
              [
                103.8950991,
                12.86553353
              ],
              [
                103.89611685,
                12.86558415
              ],
              [
                103.89738023,
                12.86570587
              ],
              [
                103.89856168,
                12.86579333
              ],
              [
                103.89990854,
                12.8655933
              ],
              [
                103.90161055,
                12.86451095
              ],
              [
                103.9025977,
                12.8636539
              ],
              [
                103.90375132,
                12.86225845
              ],
              [
                103.90427032,
                12.86137683
              ],
              [
                103.90463578,
                12.86083927
              ],
              [
                103.90480673,
                12.8593346
              ],
              [
                103.90470491,
                12.85857584
              ],
              [
                103.90407215,
                12.85634338
              ],
              [
                103.90338962,
                12.85469727
              ],
              [
                103.90275331,
                12.8531542
              ],
              [
                103.90202361,
                12.85156553
              ],
              [
                103.90142577,
                12.84939085
              ],
              [
                103.90151113,
                12.84863287
              ],
              [
                103.90209038,
                12.84746444
              ],
              [
                103.90261858,
                12.84711064
              ],
              [
                103.90320691,
                12.84643613
              ],
              [
                103.90424012,
                12.84569454
              ],
              [
                103.90537742,
                12.84525286
              ],
              [
                103.90602082,
                12.84529058
              ],
              [
                103.90688479,
                12.84566261
              ],
              [
                103.90766618,
                12.84621851
              ],
              [
                103.90822515,
                12.84680739
              ],
              [
                103.90941404,
                12.84775489
              ],
              [
                103.91006318,
                12.84659804
              ],
              [
                103.91022221,
                12.84517469
              ],
              [
                103.91062736,
                12.84363708
              ],
              [
                103.91079776,
                12.84224768
              ],
              [
                103.91102671,
                12.84083592
              ],
              [
                103.91137426,
                12.83916132
              ],
              [
                103.91179862,
                12.83850871
              ],
              [
                103.9122057,
                12.83899297
              ],
              [
                103.91274587,
                12.838594
              ],
              [
                103.91313515,
                12.83792881
              ],
              [
                103.91426974,
                12.8380386
              ],
              [
                103.91472347,
                12.838592
              ],
              [
                103.91544755,
                12.83888318
              ],
              [
                103.91618191,
                12.83946147
              ],
              [
                103.91669851,
                12.83912003
              ],
              [
                103.91688302,
                12.83967231
              ],
              [
                103.9175853,
                12.83967521
              ],
              [
                103.91814418,
                12.84021886
              ],
              [
                103.91876043,
                12.84108372
              ],
              [
                103.91969207,
                12.84199508
              ],
              [
                103.92043772,
                12.84269998
              ],
              [
                103.92129931,
                12.84363478
              ],
              [
                103.92177721,
                12.84399388
              ],
              [
                103.92236986,
                12.84492757
              ],
              [
                103.9228225,
                12.84567647
              ],
              [
                103.92345357,
                12.84604297
              ],
              [
                103.92462265,
                12.84611105
              ],
              [
                103.92568889,
                12.84578314
              ],
              [
                103.92620505,
                12.84554453
              ],
              [
                103.92704903,
                12.8452044
              ],
              [
                103.92691182,
                12.84456078
              ],
              [
                103.92731166,
                12.84411373
              ],
              [
                103.92751355,
                12.84349522
              ],
              [
                103.92728305,
                12.8427122
              ],
              [
                103.92755613,
                12.84187472
              ],
              [
                103.92771126,
                12.84127862
              ],
              [
                103.92779873,
                12.84007309
              ],
              [
                103.92796957,
                12.83855709
              ],
              [
                103.92838416,
                12.83747946
              ],
              [
                103.92894417,
                12.83537962
              ],
              [
                103.92913511,
                12.83455424
              ],
              [
                103.92975719,
                12.83438612
              ],
              [
                103.93068516,
                12.83337839
              ],
              [
                103.93113351,
                12.83262186
              ],
              [
                103.93184951,
                12.83209811
              ],
              [
                103.93136204,
                12.83127901
              ],
              [
                103.93168022,
                12.83079885
              ],
              [
                103.93195287,
                12.83005291
              ],
              [
                103.93160847,
                12.82862636
              ],
              [
                103.93064316,
                12.8273702
              ],
              [
                103.93029693,
                12.82631095
              ],
              [
                103.93016263,
                12.82504687
              ],
              [
                103.93054163,
                12.82407194
              ],
              [
                103.93124982,
                12.82273103
              ],
              [
                103.93188631,
                12.82173567
              ],
              [
                103.93241485,
                12.82127784
              ],
              [
                103.93290526,
                12.82153411
              ],
              [
                103.93375613,
                12.82220437
              ],
              [
                103.93484254,
                12.82260094
              ],
              [
                103.93539087,
                12.8229829
              ],
              [
                103.93690772,
                12.82386266
              ],
              [
                103.93819357,
                12.82414588
              ],
              [
                103.93927035,
                12.82409371
              ],
              [
                103.94034761,
                12.82392627
              ],
              [
                103.94116646,
                12.8239307
              ],
              [
                103.94207768,
                12.82422256
              ],
              [
                103.94242694,
                12.82463761
              ],
              [
                103.9433566,
                12.8260326
              ],
              [
                103.9441125,
                12.82704714
              ],
              [
                103.94496357,
                12.82768346
              ],
              [
                103.94578038,
                12.82818175
              ],
              [
                103.94672637,
                12.82856642
              ],
              [
                103.9478707,
                12.82909992
              ],
              [
                103.94872303,
                12.82950681
              ],
              [
                103.94928306,
                12.82985375
              ],
              [
                103.94978259,
                12.83062653
              ],
              [
                103.95022053,
                12.83208734
              ],
              [
                103.95047165,
                12.83346717
              ],
              [
                103.95057103,
                12.83477745
              ],
              [
                103.95071557,
                12.83637497
              ],
              [
                103.95073632,
                12.83699552
              ],
              [
                103.95071937,
                12.83809851
              ],
              [
                103.95072421,
                12.8395689
              ],
              [
                103.95085011,
                12.84017857
              ],
              [
                103.95130144,
                12.84132977
              ],
              [
                103.95203501,
                12.84212608
              ],
              [
                103.95259797,
                12.84184239
              ],
              [
                103.95350232,
                12.84110007
              ],
              [
                103.95370358,
                12.84061829
              ],
              [
                103.95396418,
                12.83991861
              ],
              [
                103.95428566,
                12.83870268
              ],
              [
                103.95429117,
                12.8375081
              ],
              [
                103.95402861,
                12.83603556
              ],
              [
                103.95387214,
                12.83446059
              ],
              [
                103.95404348,
                12.83278521
              ],
              [
                103.95435524,
                12.8312008
              ],
              [
                103.95448703,
                12.83052322
              ],
              [
                103.95487865,
                12.8293313
              ],
              [
                103.9549656,
                12.82821728
              ],
              [
                103.95513475,
                12.82706856
              ],
              [
                103.95524962,
                12.82497817
              ],
              [
                103.95519643,
                12.82377206
              ],
              [
                103.95531931,
                12.8225316
              ],
              [
                103.95515013,
                12.8211069
              ],
              [
                103.95496829,
                12.81995678
              ],
              [
                103.95499688,
                12.81881993
              ],
              [
                103.95499034,
                12.8176818
              ],
              [
                103.95532368,
                12.81644331
              ],
              [
                103.95575931,
                12.81588221
              ],
              [
                103.95596162,
                12.81513596
              ],
              [
                103.95621048,
                12.81441363
              ],
              [
                103.95645891,
                12.81379527
              ],
              [
                103.95690762,
                12.81292342
              ],
              [
                103.95718747,
                12.81229388
              ],
              [
                103.95803738,
                12.81152759
              ],
              [
                103.958741,
                12.81111785
              ],
              [
                103.95978529,
                12.81048003
              ],
              [
                103.96093538,
                12.80973865
              ],
              [
                103.96210944,
                12.80883687
              ],
              [
                103.96313011,
                12.80826789
              ],
              [
                103.96453686,
                12.80763147
              ],
              [
                103.96539243,
                12.80730256
              ],
              [
                103.96641145,
                12.80706583
              ],
              [
                103.96715921,
                12.80733436
              ],
              [
                103.96763666,
                12.80780752
              ],
              [
                103.96859385,
                12.80825996
              ],
              [
                103.9691334,
                12.80797613
              ],
              [
                103.96974494,
                12.80733544
              ],
              [
                103.97009912,
                12.80661351
              ],
              [
                103.97048778,
                12.80605219
              ],
              [
                103.9711805,
                12.80548189
              ],
              [
                103.9721669,
                12.80469348
              ],
              [
                103.97309648,
                12.80350362
              ],
              [
                103.97383771,
                12.8026114
              ],
              [
                103.97470511,
                12.80227006
              ],
              [
                103.97591054,
                12.80220807
              ],
              [
                103.97688274,
                12.80193721
              ],
              [
                103.97805559,
                12.80131111
              ],
              [
                103.97888897,
                12.80069387
              ],
              [
                103.98069416,
                12.79989955
              ],
              [
                103.98192443,
                12.79952569
              ],
              [
                103.98301365,
                12.79929029
              ],
              [
                103.98434701,
                12.7993429
              ],
              [
                103.98544762,
                12.79921039
              ],
              [
                103.98657204,
                12.79888244
              ],
              [
                103.98765079,
                12.79838251
              ],
              [
                103.98824118,
                12.79717886
              ],
              [
                103.98843186,
                12.79636359
              ],
              [
                103.98907576,
                12.79625191
              ],
              [
                103.98957771,
                12.796507
              ],
              [
                103.99041922,
                12.79672948
              ],
              [
                103.99137767,
                12.79694111
              ],
              [
                103.9923115,
                12.7974058
              ],
              [
                103.99317437,
                12.79805331
              ],
              [
                103.99393288,
                12.7985162
              ],
              [
                103.99529685,
                12.79963691
              ],
              [
                103.99604725,
                12.80048177
              ],
              [
                103.99662197,
                12.80039354
              ],
              [
                103.9966985,
                12.79953149
              ],
              [
                103.99653005,
                12.79851819
              ],
              [
                103.99626944,
                12.79729658
              ],
              [
                103.99609898,
                12.79358662
              ],
              [
                103.99672605,
                12.79409081
              ],
              [
                103.99711829,
                12.79493317
              ],
              [
                103.99731832,
                12.79640659
              ],
              [
                103.9976373,
                12.79765102
              ],
              [
                103.99770216,
                12.79843336
              ],
              [
                103.99784822,
                12.79928496
              ],
              [
                103.99800249,
                12.80060901
              ],
              [
                103.99807634,
                12.80173723
              ],
              [
                103.99820847,
                12.80291088
              ],
              [
                103.99867771,
                12.80445539
              ],
              [
                103.99934404,
                12.80625381
              ],
              [
                103.9998014,
                12.80782087
              ],
              [
                104.00076292,
                12.80931074
              ],
              [
                104.00145799,
                12.81039723
              ],
              [
                104.00135972,
                12.81100604
              ],
              [
                104.00120109,
                12.81187908
              ],
              [
                104.00187653,
                12.81246935
              ],
              [
                104.00290934,
                12.81216585
              ],
              [
                104.00344157,
                12.81146714
              ],
              [
                104.0044899,
                12.81065736
              ],
              [
                104.00482581,
                12.80957816
              ],
              [
                104.00474773,
                12.80739205
              ],
              [
                104.00517347,
                12.80521011
              ],
              [
                104.00530159,
                12.803669
              ],
              [
                104.00590795,
                12.80079718
              ],
              [
                104.00676899,
                12.7983185
              ],
              [
                104.00746448,
                12.79605732
              ],
              [
                104.00801614,
                12.7942782
              ],
              [
                104.00855276,
                12.79295788
              ],
              [
                104.00897714,
                12.79096014
              ],
              [
                104.00966019,
                12.78877802
              ],
              [
                104.01125053,
                12.78588954
              ],
              [
                104.01274877,
                12.7843931
              ],
              [
                104.01405465,
                12.78357294
              ],
              [
                104.01495404,
                12.78230142
              ],
              [
                104.01629562,
                12.78140113
              ],
              [
                104.01747778,
                12.78152421
              ],
              [
                104.01883611,
                12.78157899
              ],
              [
                104.02004412,
                12.781345
              ],
              [
                104.02211718,
                12.78134591
              ],
              [
                104.02443412,
                12.78163704
              ],
              [
                104.02640928,
                12.78224787
              ],
              [
                104.02783466,
                12.78276285
              ],
              [
                104.02926878,
                12.78370281
              ],
              [
                104.03028197,
                12.78450334
              ],
              [
                104.03053786,
                12.78640303
              ],
              [
                104.03058552,
                12.78794482
              ],
              [
                104.03115409,
                12.78870754
              ],
              [
                104.03202673,
                12.78952902
              ],
              [
                104.03304106,
                12.79019165
              ],
              [
                104.033708,
                12.7902992
              ],
              [
                104.03422523,
                12.79002646
              ],
              [
                104.0348883,
                12.78902978
              ],
              [
                104.03621856,
                12.7880717
              ],
              [
                104.0375161,
                12.78678008
              ],
              [
                104.03829463,
                12.78600308
              ],
              [
                104.03965905,
                12.7852169
              ],
              [
                104.04027156,
                12.78471505
              ],
              [
                104.04102667,
                12.78396055
              ],
              [
                104.04187419,
                12.78335671
              ],
              [
                104.04287468,
                12.78264943
              ],
              [
                104.04378923,
                12.78251712
              ],
              [
                104.04378446,
                12.78317263
              ],
              [
                104.04349415,
                12.78450523
              ],
              [
                104.04414911,
                12.78549654
              ],
              [
                104.04431599,
                12.78422227
              ],
              [
                104.04498999,
                12.78497404
              ],
              [
                104.0456326,
                12.78519676
              ],
              [
                104.04688786,
                12.78495152
              ],
              [
                104.04823686,
                12.7846614
              ],
              [
                104.05001782,
                12.78456836
              ],
              [
                104.05122414,
                12.78455349
              ],
              [
                104.05232728,
                12.78426133
              ],
              [
                104.05345366,
                12.78399187
              ],
              [
                104.05443732,
                12.78400896
              ],
              [
                104.05489869,
                12.78504702
              ],
              [
                104.05514022,
                12.7856695
              ],
              [
                104.0553986,
                12.78725952
              ],
              [
                104.05562488,
                12.78842219
              ],
              [
                104.05617916,
                12.78956457
              ],
              [
                104.05685011,
                12.790765
              ],
              [
                104.05732537,
                12.791481
              ],
              [
                104.0578221,
                12.79246154
              ],
              [
                104.05862451,
                12.79330642
              ],
              [
                104.05941388,
                12.79433435
              ],
              [
                104.05967803,
                12.79507219
              ],
              [
                104.05996584,
                12.79579882
              ],
              [
                104.06071143,
                12.79636772
              ],
              [
                104.06111478,
                12.79566842
              ],
              [
                104.06083069,
                12.79440156
              ],
              [
                104.06049601,
                12.79366233
              ],
              [
                104.06023319,
                12.79271766
              ],
              [
                104.06017035,
                12.79164825
              ],
              [
                104.05996469,
                12.79089931
              ],
              [
                104.06019456,
                12.78985355
              ],
              [
                104.06057668,
                12.78882076
              ],
              [
                104.06122905,
                12.78765104
              ],
              [
                104.06182198,
                12.7865964
              ],
              [
                104.06210902,
                12.78573619
              ],
              [
                104.06229254,
                12.78461001
              ],
              [
                104.06298258,
                12.78477522
              ],
              [
                104.06368653,
                12.78460705
              ],
              [
                104.06406436,
                12.78418343
              ],
              [
                104.06444321,
                12.78356428
              ],
              [
                104.06515002,
                12.78300507
              ],
              [
                104.06596821,
                12.78324079
              ],
              [
                104.06703187,
                12.78358023
              ],
              [
                104.06777628,
                12.78430959
              ],
              [
                104.06902615,
                12.78482374
              ],
              [
                104.06893923,
                12.7855253
              ],
              [
                104.06908782,
                12.78606607
              ],
              [
                104.06930432,
                12.78693032
              ],
              [
                104.06973184,
                12.78779532
              ],
              [
                104.07057212,
                12.78821534
              ],
              [
                104.07153003,
                12.78858829
              ],
              [
                104.07299005,
                12.78919584
              ],
              [
                104.07433224,
                12.78990581
              ],
              [
                104.07474894,
                12.79058654
              ],
              [
                104.07511514,
                12.7918548
              ],
              [
                104.07515368,
                12.79305072
              ],
              [
                104.07536887,
                12.79412179
              ],
              [
                104.07567925,
                12.79498637
              ],
              [
                104.07650706,
                12.79552048
              ],
              [
                104.07778215,
                12.7957702
              ],
              [
                104.07857508,
                12.79631548
              ],
              [
                104.07744938,
                12.79646978
              ],
              [
                104.0766627,
                12.79674054
              ],
              [
                104.07592044,
                12.79738103
              ],
              [
                104.07663261,
                12.79773051
              ],
              [
                104.07737828,
                12.79828693
              ],
              [
                104.07807965,
                12.79852108
              ],
              [
                104.07914443,
                12.79865365
              ],
              [
                104.07986961,
                12.79883136
              ],
              [
                104.08071114,
                12.7990773
              ],
              [
                104.08130544,
                12.79954163
              ],
              [
                104.0818765,
                12.79998215
              ],
              [
                104.08269174,
                12.80065408
              ],
              [
                104.08360039,
                12.80137268
              ],
              [
                104.08469928,
                12.80171331
              ],
              [
                104.08557657,
                12.8018678
              ],
              [
                104.08725088,
                12.80200471
              ],
              [
                104.088598,
                12.80201277
              ],
              [
                104.08970201,
                12.80157127
              ],
              [
                104.09099332,
                12.80116433
              ],
              [
                104.09214187,
                12.8010677
              ],
              [
                104.09314877,
                12.80113107
              ],
              [
                104.09450732,
                12.80116286
              ],
              [
                104.09589498,
                12.8003776
              ],
              [
                104.09586355,
                12.79982481
              ],
              [
                104.09568499,
                12.79854704
              ],
              [
                104.09554037,
                12.79744231
              ],
              [
                104.09477059,
                12.79693106
              ],
              [
                104.09425874,
                12.79643313
              ],
              [
                104.09355913,
                12.79594586
              ],
              [
                104.09311823,
                12.79533402
              ],
              [
                104.09282193,
                12.79413609
              ],
              [
                104.09225329,
                12.79333845
              ],
              [
                104.09211633,
                12.79283163
              ],
              [
                104.09189872,
                12.79209398
              ],
              [
                104.09119712,
                12.79192881
              ],
              [
                104.09217555,
                12.79100313
              ],
              [
                104.09302303,
                12.79038781
              ],
              [
                104.0941934,
                12.78884116
              ],
              [
                104.094538,
                12.78811899
              ],
              [
                104.09505501,
                12.78789246
              ],
              [
                104.09600665,
                12.78744928
              ],
              [
                104.0957115,
                12.78608973
              ],
              [
                104.09555594,
                12.78482334
              ],
              [
                104.09451886,
                12.7840354
              ],
              [
                104.09367279,
                12.78273047
              ],
              [
                104.09500247,
                12.78356689
              ],
              [
                104.09560832,
                12.7840188
              ],
              [
                104.09617949,
                12.78442538
              ],
              [
                104.09673822,
                12.78493476
              ],
              [
                104.09742698,
                12.78530671
              ],
              [
                104.09795927,
                12.78450493
              ],
              [
                104.09883262,
                12.78356643
              ],
              [
                104.09974058,
                12.78268682
              ],
              [
                104.10095211,
                12.78193483
              ],
              [
                104.10214696,
                12.78190725
              ],
              [
                104.10322154,
                12.78235057
              ],
              [
                104.10396785,
                12.78281537
              ],
              [
                104.10515667,
                12.78368516
              ],
              [
                104.10661557,
                12.78446431
              ],
              [
                104.10774654,
                12.78525365
              ],
              [
                104.10891332,
                12.78592783
              ],
              [
                104.10927953,
                12.78543515
              ],
              [
                104.10908829,
                12.78430653
              ],
              [
                104.10894271,
                12.78329335
              ],
              [
                104.10981793,
                12.78205643
              ],
              [
                104.11042013,
                12.78133511
              ],
              [
                104.11167032,
                12.78005425
              ],
              [
                104.11178503,
                12.77869835
              ],
              [
                104.11110638,
                12.77683005
              ],
              [
                104.11062554,
                12.77520541
              ],
              [
                104.11034301,
                12.77367412
              ],
              [
                104.11036505,
                12.77214499
              ],
              [
                104.11092321,
                12.77273459
              ],
              [
                104.11114872,
                12.77402382
              ],
              [
                104.1113156,
                12.77537049
              ],
              [
                104.11156817,
                12.77608565
              ],
              [
                104.11196905,
                12.77744554
              ],
              [
                104.11264126,
                12.77851926
              ],
              [
                104.11293956,
                12.77768163
              ],
              [
                104.11301967,
                12.77625554
              ],
              [
                104.11313448,
                12.77412769
              ],
              [
                104.11362669,
                12.77480975
              ],
              [
                104.11388961,
                12.77577698
              ],
              [
                104.11415204,
                12.77680299
              ],
              [
                104.11423944,
                12.7777459
              ],
              [
                104.1142437,
                12.77883885
              ],
              [
                104.11392131,
                12.77973405
              ],
              [
                104.11334158,
                12.78061708
              ],
              [
                104.1126223,
                12.78131427
              ],
              [
                104.11183447,
                12.78176937
              ],
              [
                104.11099622,
                12.78273064
              ],
              [
                104.11077906,
                12.78366122
              ],
              [
                104.11072725,
                12.78439683
              ],
              [
                104.11085017,
                12.78530595
              ],
              [
                104.11180545,
                12.78603704
              ],
              [
                104.11274498,
                12.785674
              ],
              [
                104.11349278,
                12.78596586
              ],
              [
                104.11412053,
                12.7866721
              ],
              [
                104.11453353,
                12.78621462
              ],
              [
                104.11530178,
                12.78518303
              ],
              [
                104.11606853,
                12.78441704
              ],
              [
                104.11689561,
                12.78335286
              ],
              [
                104.11750911,
                12.78268921
              ],
              [
                104.11845125,
                12.78190119
              ],
              [
                104.11949656,
                12.78149327
              ],
              [
                104.12030523,
                12.78141685
              ],
              [
                104.12074251,
                12.78084528
              ],
              [
                104.12082985,
                12.78006345
              ],
              [
                104.12096334,
                12.77933941
              ],
              [
                104.12128761,
                12.7781447
              ],
              [
                104.12128033,
                12.77750044
              ],
              [
                104.1208322,
                12.77622064
              ],
              [
                104.12013974,
                12.77466426
              ],
              [
                104.11948093,
                12.77337246
              ],
              [
                104.11888048,
                12.77210346
              ],
              [
                104.11843074,
                12.7710418
              ],
              [
                104.11764058,
                12.77010558
              ],
              [
                104.11679341,
                12.7689273
              ],
              [
                104.11589969,
                12.76772626
              ],
              [
                104.11515656,
                12.76676646
              ],
              [
                104.11430929,
                12.76562321
              ],
              [
                104.11393979,
                12.76483872
              ],
              [
                104.11371131,
                12.76398575
              ],
              [
                104.11326039,
                12.76310944
              ],
              [
                104.11244583,
                12.76233362
              ],
              [
                104.11143064,
                12.761799
              ],
              [
                104.11059969,
                12.76167866
              ],
              [
                104.1098892,
                12.76111115
              ],
              [
                104.11024393,
                12.76059469
              ],
              [
                104.11022431,
                12.76003177
              ],
              [
                104.10995889,
                12.75945446
              ],
              [
                104.10989284,
                12.7588326
              ],
              [
                104.10952325,
                12.75808314
              ],
              [
                104.10926927,
                12.7575296
              ],
              [
                104.10960182,
                12.75685258
              ],
              [
                104.10972264,
                12.75630143
              ],
              [
                104.11071039,
                12.75569782
              ],
              [
                104.11144141,
                12.75500066
              ],
              [
                104.11123679,
                12.75407883
              ],
              [
                104.11065433,
                12.75361573
              ],
              [
                104.10985966,
                12.75333502
              ],
              [
                104.10923143,
                12.75271014
              ],
              [
                104.10878044,
                12.75202709
              ],
              [
                104.10846403,
                12.75138518
              ],
              [
                104.10835354,
                12.75046592
              ],
              [
                104.10807926,
                12.74954725
              ],
              [
                104.10775897,
                12.74877874
              ],
              [
                104.10856158,
                12.74785465
              ],
              [
                104.10907527,
                12.74764502
              ],
              [
                104.1096011,
                12.74750438
              ],
              [
                104.11053145,
                12.74642927
              ],
              [
                104.11123132,
                12.74598857
              ],
              [
                104.11174793,
                12.74626156
              ],
              [
                104.11212649,
                12.74699522
              ],
              [
                104.11248228,
                12.74782149
              ],
              [
                104.11304452,
                12.7478878
              ],
              [
                104.11362903,
                12.74775752
              ],
              [
                104.11457369,
                12.74720009
              ],
              [
                104.11519118,
                12.74669128
              ],
              [
                104.11593023,
                12.74698536
              ],
              [
                104.11656266,
                12.74706319
              ],
              [
                104.11691012,
                12.74639412
              ],
              [
                104.11629727,
                12.74564951
              ],
              [
                104.11546328,
                12.74509064
              ],
              [
                104.11471122,
                12.74456596
              ],
              [
                104.11436631,
                12.74359054
              ],
              [
                104.11417485,
                12.74285637
              ],
              [
                104.1143694,
                12.74203873
              ],
              [
                104.11438526,
                12.74070397
              ],
              [
                104.11517702,
                12.73998666
              ],
              [
                104.11496262,
                12.73931006
              ],
              [
                104.11570838,
                12.73874178
              ],
              [
                104.11640091,
                12.73908316
              ],
              [
                104.11748061,
                12.73958294
              ],
              [
                104.11852462,
                12.74000348
              ],
              [
                104.11936662,
                12.73990682
              ],
              [
                104.120229,
                12.74132701
              ],
              [
                104.12082811,
                12.74171554
              ],
              [
                104.12194582,
                12.74272065
              ],
              [
                104.1229468,
                12.74385421
              ],
              [
                104.1244865,
                12.74494886
              ],
              [
                104.12609237,
                12.74538818
              ],
              [
                104.12723458,
                12.74454314
              ],
              [
                104.12730974,
                12.74335776
              ],
              [
                104.12593357,
                12.74216986
              ],
              [
                104.12410048,
                12.74084593
              ],
              [
                104.12313497,
                12.73986282
              ],
              [
                104.12256617,
                12.73861201
              ],
              [
                104.12227941,
                12.73754412
              ],
              [
                104.12224939,
                12.73639456
              ],
              [
                104.12216044,
                12.73514196
              ],
              [
                104.12162445,
                12.73347759
              ],
              [
                104.12131676,
                12.73289224
              ],
              [
                104.12130534,
                12.73085776
              ],
              [
                104.1211121,
                12.72980035
              ],
              [
                104.12082595,
                12.72889407
              ],
              [
                104.12119221,
                12.72743162
              ],
              [
                104.12106815,
                12.7261789
              ],
              [
                104.12165707,
                12.72474997
              ],
              [
                104.12114746,
                12.72362482
              ],
              [
                104.12163133,
                12.72227691
              ],
              [
                104.12149803,
                12.72145026
              ],
              [
                104.12085044,
                12.72077562
              ],
              [
                104.12058866,
                12.71998358
              ],
              [
                104.12113576,
                12.71949713
              ],
              [
                104.12168406,
                12.71916101
              ],
              [
                104.12186293,
                12.71979227
              ],
              [
                104.1218432,
                12.72042514
              ],
              [
                104.12241951,
                12.72090402
              ],
              [
                104.12268147,
                12.72173109
              ],
              [
                104.12245589,
                12.72321548
              ],
              [
                104.12299827,
                12.72393724
              ],
              [
                104.12354866,
                12.72400349
              ],
              [
                104.12436894,
                12.72418252
              ],
              [
                104.12564636,
                12.72450886
              ],
              [
                104.12622162,
                12.72479331
              ],
              [
                104.12716054,
                12.72529372
              ],
              [
                104.12776073,
                12.72586534
              ],
              [
                104.1284556,
                12.72660906
              ],
              [
                104.12868505,
                12.727861
              ],
              [
                104.12876863,
                12.72850438
              ],
              [
                104.12888082,
                12.729366
              ],
              [
                104.13004826,
                12.72886575
              ],
              [
                104.13060954,
                12.72878169
              ],
              [
                104.13166452,
                12.72909823
              ],
              [
                104.13210716,
                12.72869279
              ],
              [
                104.13250822,
                12.72721913
              ],
              [
                104.13280444,
                12.72576774
              ],
              [
                104.13276032,
                12.72418186
              ],
              [
                104.13200144,
                12.72244897
              ],
              [
                104.13126898,
                12.72124625
              ],
              [
                104.13036147,
                12.72014693
              ],
              [
                104.13026267,
                12.71923902
              ],
              [
                104.12981564,
                12.7188284
              ],
              [
                104.1295053,
                12.71774913
              ],
              [
                104.12909901,
                12.71627961
              ],
              [
                104.1289288,
                12.71512959
              ],
              [
                104.12794625,
                12.71316877
              ],
              [
                104.1266944,
                12.71118673
              ],
              [
                104.12590374,
                12.71001884
              ],
              [
                104.12537809,
                12.70811264
              ],
              [
                104.12470061,
                12.70625342
              ],
              [
                104.12387407,
                12.70498142
              ],
              [
                104.12307934,
                12.70307773
              ],
              [
                104.12276736,
                12.70173396
              ],
              [
                104.12227902,
                12.70020652
              ],
              [
                104.12188831,
                12.69941519
              ],
              [
                104.12161524,
                12.69872709
              ],
              [
                104.12183058,
                12.6974495
              ],
              [
                104.12132877,
                12.69565866
              ],
              [
                104.12120648,
                12.69472806
              ],
              [
                104.1214024,
                12.69391041
              ],
              [
                104.12153583,
                12.69335364
              ],
              [
                104.12152962,
                12.69331972
              ],
              [
                104.12223986,
                12.69534294
              ],
              [
                104.12275501,
                12.69492646
              ],
              [
                104.1235446,
                12.69428934
              ],
              [
                104.12336452,
                12.69350888
              ],
              [
                104.12427823,
                12.69368708
              ],
              [
                104.12511127,
                12.69406168
              ],
              [
                104.12592422,
                12.6950115
              ],
              [
                104.12639392,
                12.69534308
              ],
              [
                104.12702394,
                12.69499477
              ],
              [
                104.12782877,
                12.6945295
              ],
              [
                104.12928993,
                12.69426868
              ],
              [
                104.12996975,
                12.69442575
              ],
              [
                104.13070893,
                12.69481246
              ],
              [
                104.13181133,
                12.69519696
              ],
              [
                104.13223844,
                12.69417209
              ],
              [
                104.13188193,
                12.69321926
              ],
              [
                104.13127819,
                12.6920147
              ],
              [
                104.13041823,
                12.69100822
              ],
              [
                104.12959462,
                12.69023131
              ],
              [
                104.12893591,
                12.6896256
              ],
              [
                104.12848575,
                12.68862724
              ],
              [
                104.12820708,
                12.68696147
              ],
              [
                104.12790452,
                12.68521538
              ],
              [
                104.12782421,
                12.68344514
              ],
              [
                104.12866665,
                12.68341739
              ],
              [
                104.12931159,
                12.6836659
              ],
              [
                104.12927223,
                12.68288477
              ],
              [
                104.12876264,
                12.68176076
              ],
              [
                104.12984202,
                12.68229551
              ],
              [
                104.13023456,
                12.68339653
              ],
              [
                104.13027417,
                12.68419009
              ],
              [
                104.13088528,
                12.68465776
              ],
              [
                104.1317281,
                12.68468764
              ],
              [
                104.13292191,
                12.68475031
              ],
              [
                104.13428952,
                12.68447785
              ],
              [
                104.13548116,
                12.68416074
              ],
              [
                104.13625496,
                12.68443226
              ],
              [
                104.13553186,
                12.68482775
              ],
              [
                104.13478385,
                12.6850152
              ],
              [
                104.13394314,
                12.68529616
              ],
              [
                104.13335009,
                12.68595542
              ],
              [
                104.13251177,
                12.68671899
              ],
              [
                104.13284459,
                12.68761411
              ],
              [
                104.13284961,
                12.68851041
              ],
              [
                104.13290124,
                12.68932662
              ],
              [
                104.13302463,
                12.69045275
              ],
              [
                104.13280001,
                12.69211009
              ],
              [
                104.1333415,
                12.6926589
              ],
              [
                104.13381411,
                12.69349569
              ],
              [
                104.13418205,
                12.69439092
              ],
              [
                104.13404556,
                12.69509349
              ],
              [
                104.1338988,
                12.69602547
              ],
              [
                104.13413775,
                12.69685133
              ],
              [
                104.13498284,
                12.69732992
              ],
              [
                104.13549879,
                12.69752261
              ],
              [
                104.13643519,
                12.69755165
              ],
              [
                104.13711546,
                12.6978353
              ],
              [
                104.13807363,
                12.69755358
              ],
              [
                104.13895281,
                12.69782544
              ],
              [
                104.13961029,
                12.69821185
              ],
              [
                104.1406608,
                12.69776994
              ],
              [
                104.1416537,
                12.69743068
              ],
              [
                104.14313775,
                12.69704215
              ],
              [
                104.14404691,
                12.69643927
              ],
              [
                104.14471737,
                12.6950094
              ],
              [
                104.14500728,
                12.69454806
              ],
              [
                104.14571962,
                12.69427909
              ],
              [
                104.14664279,
                12.69404471
              ],
              [
                104.1481718,
                12.6933692
              ],
              [
                104.14922051,
                12.69259269
              ],
              [
                104.14947002,
                12.69121119
              ],
              [
                104.15002428,
                12.68991995
              ],
              [
                104.15050594,
                12.68821594
              ],
              [
                104.15118289,
                12.68793554
              ],
              [
                104.15106014,
                12.68893655
              ],
              [
                104.15086778,
                12.69009897
              ],
              [
                104.15058352,
                12.69154931
              ],
              [
                104.15028388,
                12.69234518
              ],
              [
                104.15037029,
                12.69310385
              ],
              [
                104.15102871,
                12.69364057
              ],
              [
                104.15157922,
                12.69374066
              ],
              [
                104.15153799,
                12.6947182
              ],
              [
                104.15164713,
                12.69539557
              ],
              [
                104.15248081,
                12.69585146
              ],
              [
                104.15322873,
                12.69569787
              ],
              [
                104.15412782,
                12.69534697
              ],
              [
                104.15484967,
                12.69472197
              ],
              [
                104.15578846,
                12.69315278
              ],
              [
                104.15564288,
                12.69226845
              ],
              [
                104.15546005,
                12.69098164
              ],
              [
                104.15519703,
                12.6900167
              ],
              [
                104.15482685,
                12.68873155
              ],
              [
                104.15451451,
                12.68736408
              ],
              [
                104.15473197,
                12.68652386
              ],
              [
                104.15504196,
                12.68546467
              ],
              [
                104.15509412,
                12.68439448
              ],
              [
                104.15493444,
                12.68307271
              ],
              [
                104.1543501,
                12.68320309
              ],
              [
                104.15391137,
                12.68420536
              ],
              [
                104.15337438,
                12.68446135
              ],
              [
                104.15324214,
                12.68380764
              ],
              [
                104.15277231,
                12.68351114
              ],
              [
                104.15220614,
                12.68275546
              ],
              [
                104.15163968,
                12.68191839
              ],
              [
                104.15142396,
                12.68101124
              ],
              [
                104.15121666,
                12.67956385
              ],
              [
                104.15074551,
                12.67906052
              ],
              [
                104.15055315,
                12.67814213
              ],
              [
                104.14966865,
                12.67697402
              ],
              [
                104.14948827,
                12.67608958
              ],
              [
                104.14977588,
                12.67527107
              ],
              [
                104.15091429,
                12.67380424
              ],
              [
                104.15054519,
                12.67272593
              ],
              [
                104.15032558,
                12.67117452
              ],
              [
                104.15102789,
                12.67121632
              ],
              [
                104.15174157,
                12.67121294
              ],
              [
                104.15291873,
                12.67037805
              ],
              [
                104.15411306,
                12.66851918
              ],
              [
                104.15454561,
                12.66641263
              ],
              [
                104.15452042,
                12.66410117
              ],
              [
                104.15410156,
                12.66249375
              ],
              [
                104.15452345,
                12.66056009
              ],
              [
                104.15508618,
                12.6587625
              ],
              [
                104.15514684,
                12.65711817
              ],
              [
                104.15363632,
                12.65688506
              ],
              [
                104.15252561,
                12.6570522
              ],
              [
                104.1511494,
                12.65779605
              ],
              [
                104.15015817,
                12.65837723
              ],
              [
                104.14894444,
                12.65888988
              ],
              [
                104.1477545,
                12.65951789
              ],
              [
                104.14609449,
                12.6597567
              ],
              [
                104.145492,
                12.65878275
              ],
              [
                104.14615646,
                12.65834182
              ],
              [
                104.14687473,
                12.65711893
              ],
              [
                104.14613482,
                12.65662942
              ],
              [
                104.14491924,
                12.65683122
              ],
              [
                104.14538065,
                12.65566741
              ],
              [
                104.14726101,
                12.65509362
              ],
              [
                104.1477392,
                12.65484875
              ],
              [
                104.14883131,
                12.6535208
              ],
              [
                104.14943078,
                12.65193019
              ],
              [
                104.15006817,
                12.65087995
              ],
              [
                104.15069431,
                12.64992236
              ],
              [
                104.15200885,
                12.64858041
              ],
              [
                104.15280999,
                12.64751826
              ],
              [
                104.15395915,
                12.64597119
              ],
              [
                104.1543521,
                12.64512927
              ],
              [
                104.1555596,
                12.6435123
              ],
              [
                104.15649214,
                12.64290831
              ],
              [
                104.15752861,
                12.6421091
              ],
              [
                104.15852443,
                12.64155848
              ],
              [
                104.15944122,
                12.64105156
              ],
              [
                104.16103839,
                12.64010039
              ],
              [
                104.16190939,
                12.63894461
              ],
              [
                104.16193282,
                12.63774471
              ],
              [
                104.16193633,
                12.63756465
              ],
              [
                104.16208364,
                12.63767122
              ],
              [
                104.16248863,
                12.63796424
              ],
              [
                104.16312435,
                12.63863874
              ],
              [
                104.16363028,
                12.63914216
              ],
              [
                104.16449693,
                12.6393212
              ],
              [
                104.16572686,
                12.63954432
              ],
              [
                104.16652479,
                12.63997632
              ],
              [
                104.16725739,
                12.64121398
              ],
              [
                104.16786985,
                12.6418771
              ],
              [
                104.16862919,
                12.64170088
              ],
              [
                104.16984324,
                12.64123335
              ],
              [
                104.17098536,
                12.64049093
              ],
              [
                104.17263593,
                12.63842481
              ],
              [
                104.17264626,
                12.63841188
              ],
              [
                104.17329106,
                12.6366258
              ],
              [
                104.17386313,
                12.63446086
              ],
              [
                104.17432977,
                12.63223794
              ],
              [
                104.17432065,
                12.63068606
              ],
              [
                104.17410134,
                12.629181
              ],
              [
                104.17407642,
                12.62690457
              ],
              [
                104.17511818,
                12.62504624
              ],
              [
                104.17643221,
                12.62369398
              ],
              [
                104.17784053,
                12.62245503
              ],
              [
                104.17861606,
                12.62105928
              ],
              [
                104.17927165,
                12.61911158
              ],
              [
                104.17968924,
                12.6165449
              ],
              [
                104.18010522,
                12.61366738
              ],
              [
                104.18025791,
                12.61179274
              ],
              [
                104.18083477,
                12.61043253
              ],
              [
                104.18153129,
                12.60953158
              ],
              [
                104.18262642,
                12.60876635
              ],
              [
                104.18345364,
                12.60819809
              ],
              [
                104.18444378,
                12.60751391
              ],
              [
                104.18474084,
                12.6062817
              ],
              [
                104.18459669,
                12.60564944
              ],
              [
                104.18475363,
                12.6045106
              ],
              [
                104.18502749,
                12.60333596
              ],
              [
                104.18481053,
                12.60225589
              ],
              [
                104.18431731,
                12.60192548
              ],
              [
                104.1836273,
                12.60196406
              ],
              [
                104.18311113,
                12.60170252
              ],
              [
                104.18296677,
                12.60104765
              ],
              [
                104.18227265,
                12.60038546
              ],
              [
                104.18213969,
                12.59967298
              ],
              [
                104.1825463,
                12.59918708
              ],
              [
                104.18332624,
                12.59855086
              ],
              [
                104.18326394,
                12.5978725
              ],
              [
                104.18256697,
                12.59674915
              ],
              [
                104.18167407,
                12.59608747
              ],
              [
                104.18086237,
                12.59531075
              ],
              [
                104.18232675,
                12.59565883
              ],
              [
                104.18284344,
                12.59602323
              ],
              [
                104.18342032,
                12.59664099
              ],
              [
                104.18383325,
                12.59724807
              ],
              [
                104.18409409,
                12.59782192
              ],
              [
                104.18421605,
                12.59864851
              ],
              [
                104.18413834,
                12.59938521
              ],
              [
                104.18399002,
                12.5999838
              ],
              [
                104.1842756,
                12.60083351
              ],
              [
                104.18531936,
                12.60128767
              ],
              [
                104.18566292,
                12.60199852
              ],
              [
                104.18581981,
                12.60279019
              ],
              [
                104.18605708,
                12.60336396
              ],
              [
                104.18615477,
                12.60404242
              ],
              [
                104.18615027,
                12.60528457
              ],
              [
                104.18667867,
                12.60559135
              ],
              [
                104.1870208,
                12.60545254
              ],
              [
                104.18736716,
                12.60531201
              ],
              [
                104.18782294,
                12.60503422
              ],
              [
                104.18799641,
                12.6049285
              ],
              [
                104.18884473,
                12.60395791
              ],
              [
                104.18916694,
                12.60304676
              ],
              [
                104.18936953,
                12.60174643
              ],
              [
                104.1895375,
                12.60048104
              ],
              [
                104.18974074,
                12.59924853
              ],
              [
                104.18992146,
                12.59813237
              ],
              [
                104.19018306,
                12.59691247
              ],
              [
                104.19036418,
                12.59585282
              ],
              [
                104.19053375,
                12.59489712
              ],
              [
                104.19120279,
                12.59328399
              ],
              [
                104.19173384,
                12.59209655
              ],
              [
                104.19226521,
                12.59098935
              ],
              [
                104.19244703,
                12.5900676
              ],
              [
                104.19276654,
                12.58872128
              ],
              [
                104.19360259,
                12.58769186
              ],
              [
                104.19460157,
                12.58653633
              ],
              [
                104.19538198,
                12.58600293
              ],
              [
                104.19610363,
                12.5854004
              ],
              [
                104.19690427,
                12.58428044
              ],
              [
                104.19796335,
                12.58340087
              ],
              [
                104.19857724,
                12.58238433
              ],
              [
                104.1993419,
                12.58117271
              ],
              [
                104.200018,
                12.580778
              ],
              [
                104.20065919,
                12.58041823
              ],
              [
                104.20135895,
                12.5800914
              ],
              [
                104.20198617,
                12.5793179
              ],
              [
                104.20281231,
                12.57858794
              ],
              [
                104.2038719,
                12.5778112
              ],
              [
                104.20476884,
                12.5771617
              ],
              [
                104.20573568,
                12.5765124
              ],
              [
                104.20645709,
                12.57587593
              ],
              [
                104.20724754,
                12.5750543
              ],
              [
                104.20775724,
                12.57422392
              ],
              [
                104.20851352,
                12.57356381
              ],
              [
                104.20864873,
                12.57468997
              ],
              [
                104.20881627,
                12.57530985
              ],
              [
                104.20952121,
                12.57582282
              ],
              [
                104.21042443,
                12.57621995
              ],
              [
                104.21123401,
                12.57666427
              ],
              [
                104.21207914,
                12.57715278
              ],
              [
                104.2131352,
                12.57771085
              ],
              [
                104.21384947,
                12.57781015
              ],
              [
                104.21481955,
                12.57769997
              ],
              [
                104.21588106,
                12.57722271
              ],
              [
                104.2167309,
                12.57653912
              ],
              [
                104.21726516,
                12.57594954
              ],
              [
                104.21785781,
                12.57526745
              ],
              [
                104.21840445,
                12.57476947
              ],
              [
                104.21913685,
                12.5740064
              ],
              [
                104.22006892,
                12.57342589
              ],
              [
                104.2208055,
                12.57337491
              ],
              [
                104.2216015,
                12.57346199
              ],
              [
                104.22244388,
                12.5735266
              ],
              [
                104.22361392,
                12.57358877
              ],
              [
                104.22460753,
                12.57349105
              ],
              [
                104.22519105,
                12.57325651
              ],
              [
                104.22604276,
                12.57289502
              ],
              [
                104.2270009,
                12.57272825
              ],
              [
                104.22760947,
                12.57277069
              ],
              [
                104.22827527,
                12.57262906
              ],
              [
                104.22882361,
                12.57241928
              ],
              [
                104.22940671,
                12.57212821
              ],
              [
                104.23013072,
                12.57195058
              ],
              [
                104.23153759,
                12.57247116
              ],
              [
                104.23203137,
                12.57290547
              ],
              [
                104.23250174,
                12.57328207
              ],
              [
                104.23303029,
                12.5736351
              ],
              [
                104.23368466,
                12.57356238
              ],
              [
                104.23403311,
                12.5731463
              ],
              [
                104.23488384,
                12.57262428
              ],
              [
                104.23539532,
                12.57213745
              ],
              [
                104.23588314,
                12.57157144
              ],
              [
                104.23630078,
                12.57100523
              ],
              [
                104.23676534,
                12.57042785
              ],
              [
                104.2375086,
                12.56957207
              ],
              [
                104.2380321,
                12.56909771
              ],
              [
                104.23896318,
                12.5683442
              ],
              [
                104.23969819,
                12.56804111
              ],
              [
                104.24037554,
                12.56787574
              ],
              [
                104.2411223,
                12.56758398
              ],
              [
                104.24173025,
                12.56754501
              ],
              [
                104.24232702,
                12.56758739
              ],
              [
                104.24307672,
                12.56776696
              ],
              [
                104.24402616,
                12.56810647
              ],
              [
                104.24493134,
                12.56882562
              ],
              [
                104.24520319,
                12.56931806
              ],
              [
                104.24547557,
                12.56982294
              ],
              [
                104.24575965,
                12.57036175
              ],
              [
                104.24775772,
                12.56840067
              ],
              [
                104.24852477,
                12.56736069
              ],
              [
                104.25039709,
                12.56550096
              ],
              [
                104.251427,
                12.56536933
              ],
              [
                104.25225804,
                12.56527219
              ],
              [
                104.25369334,
                12.56401817
              ],
              [
                104.25567191,
                12.56199819
              ],
              [
                104.25646302,
                12.56087801
              ],
              [
                104.25778398,
                12.55925631
              ],
              [
                104.25927014,
                12.55910443
              ],
              [
                104.25996124,
                12.5589481
              ],
              [
                104.26106832,
                12.55777339
              ],
              [
                104.2621554,
                12.55786002
              ],
              [
                104.26365192,
                12.55790369
              ],
              [
                104.26610447,
                12.55840209
              ],
              [
                104.2676117,
                12.55863001
              ],
              [
                104.26907273,
                12.55871989
              ],
              [
                104.26972815,
                12.5586663
              ],
              [
                104.27055277,
                12.55777561
              ],
              [
                104.272211,
                12.55637402
              ],
              [
                104.27400362,
                12.55586912
              ],
              [
                104.27545453,
                12.5557634
              ],
              [
                104.27693808,
                12.55602511
              ],
              [
                104.27883657,
                12.55716277
              ],
              [
                104.2801997,
                12.55790678
              ],
              [
                104.28201656,
                12.55903177
              ],
              [
                104.28287677,
                12.5598185
              ],
              [
                104.2838523,
                12.56082368
              ],
              [
                104.28481828,
                12.56154173
              ],
              [
                104.28526818,
                12.56070651
              ],
              [
                104.28549802,
                12.55955874
              ],
              [
                104.28632743,
                12.55795706
              ],
              [
                104.28711882,
                12.55679044
              ],
              [
                104.28813569,
                12.55510899
              ],
              [
                104.28946936,
                12.55328031
              ],
              [
                104.29083861,
                12.55137147
              ],
              [
                104.29227705,
                12.54961199
              ],
              [
                104.29362459,
                12.54921881
              ],
              [
                104.29429701,
                12.55009543
              ],
              [
                104.29548772,
                12.55215796
              ],
              [
                104.29627485,
                12.55338075
              ],
              [
                104.29670203,
                12.55422169
              ],
              [
                104.29750302,
                12.55511107
              ],
              [
                104.29748727,
                12.55571913
              ],
              [
                104.29826978,
                12.55589638
              ],
              [
                104.29895554,
                12.55472944
              ],
              [
                104.29923649,
                12.55295108
              ],
              [
                104.3000076,
                12.55127911
              ],
              [
                104.30131689,
                12.54959951
              ],
              [
                104.30252852,
                12.54850513
              ],
              [
                104.30401224,
                12.5469876
              ],
              [
                104.30564451,
                12.54595194
              ],
              [
                104.30686409,
                12.54542046
              ],
              [
                104.30914027,
                12.54430959
              ],
              [
                104.31187541,
                12.54269575
              ],
              [
                104.3142632,
                12.54058593
              ],
              [
                104.3162265,
                12.53899042
              ],
              [
                104.3180394,
                12.53715263
              ],
              [
                104.32035551,
                12.53524941
              ],
              [
                104.32240023,
                12.53372413
              ],
              [
                104.32421333,
                12.5336541
              ],
              [
                104.32777291,
                12.53469839
              ],
              [
                104.33037432,
                12.5356679
              ],
              [
                104.33185643,
                12.53613615
              ],
              [
                104.33192191,
                12.53505687
              ],
              [
                104.33155824,
                12.5334238
              ],
              [
                104.33148958,
                12.53138002
              ],
              [
                104.33335673,
                12.53377979
              ],
              [
                104.33419236,
                12.53296917
              ],
              [
                104.3352321,
                12.53130001
              ],
              [
                104.3362589,
                12.52984784
              ],
              [
                104.33765991,
                12.52838641
              ],
              [
                104.3387864,
                12.52776186
              ],
              [
                104.33963329,
                12.5270315
              ],
              [
                104.34039314,
                12.52704806
              ],
              [
                104.34188756,
                12.52741342
              ],
              [
                104.34342466,
                12.52842203
              ],
              [
                104.34544146,
                12.52934137
              ],
              [
                104.346673,
                12.52879729
              ],
              [
                104.3477093,
                12.52765593
              ],
              [
                104.34814178,
                12.52586656
              ],
              [
                104.3483296,
                12.52391609
              ],
              [
                104.34901379,
                12.52118691
              ],
              [
                104.35076666,
                12.51952054
              ],
              [
                104.35246074,
                12.51973825
              ],
              [
                104.3542431,
                12.52077113
              ],
              [
                104.35529487,
                12.52090363
              ],
              [
                104.35656353,
                12.51998094
              ],
              [
                104.35749252,
                12.5191716
              ],
              [
                104.3587028,
                12.51823745
              ],
              [
                104.35993544,
                12.51745256
              ],
              [
                104.36170655,
                12.51663615
              ],
              [
                104.36362494,
                12.51650958
              ],
              [
                104.36578672,
                12.51670684
              ],
              [
                104.36728491,
                12.51646282
              ],
              [
                104.3684491,
                12.51542453
              ],
              [
                104.36948744,
                12.51397338
              ],
              [
                104.37067533,
                12.51287749
              ],
              [
                104.37228712,
                12.51131463
              ],
              [
                104.37437504,
                12.51028185
              ],
              [
                104.37526469,
                12.5101268
              ],
              [
                104.37640691,
                12.50887027
              ],
              [
                104.37842196,
                12.50822726
              ],
              [
                104.38074731,
                12.50843608
              ],
              [
                104.38280354,
                12.50873581
              ],
              [
                104.38457921,
                12.50897611
              ],
              [
                104.38626054,
                12.50934165
              ],
              [
                104.38691155,
                12.51012758
              ],
              [
                104.38865123,
                12.51222715
              ],
              [
                104.38953507,
                12.51111805
              ],
              [
                104.39067635,
                12.50998805
              ],
              [
                104.39276461,
                12.50889862
              ],
              [
                104.39513643,
                12.50731585
              ],
              [
                104.39600524,
                12.50671308
              ],
              [
                104.39721023,
                12.50661631
              ],
              [
                104.3988355,
                12.50660299
              ],
              [
                104.40068304,
                12.50661389
              ],
              [
                104.40251618,
                12.5070034
              ],
              [
                104.40407854,
                12.50771332
              ],
              [
                104.40630586,
                12.50866884
              ],
              [
                104.40714165,
                12.50967215
              ],
              [
                104.40749812,
                12.51062806
              ],
              [
                104.40847116,
                12.51211432
              ],
              [
                104.4092752,
                12.51254448
              ],
              [
                104.4106224,
                12.51215069
              ],
              [
                104.41159781,
                12.51132881
              ],
              [
                104.4128929,
                12.50993569
              ],
              [
                104.41282836,
                12.51087711
              ],
              [
                104.41309041,
                12.51200349
              ],
              [
                104.41400233,
                12.5120439
              ],
              [
                104.41582729,
                12.51188171
              ],
              [
                104.41759341,
                12.51178946
              ],
              [
                104.41850715,
                12.51153033
              ],
              [
                104.41835943,
                12.51084051
              ],
              [
                104.41981841,
                12.51125058
              ],
              [
                104.42116286,
                12.51130434
              ],
              [
                104.4240032,
                12.5114698
              ],
              [
                104.42581354,
                12.5118026
              ],
              [
                104.42762306,
                12.51224954
              ],
              [
                104.42920967,
                12.51283277
              ],
              [
                104.43042384,
                12.51314957
              ],
              [
                104.43218686,
                12.51356135
              ],
              [
                104.43355319,
                12.51387959
              ],
              [
                104.43512981,
                12.51417566
              ],
              [
                104.43622958,
                12.51406719
              ],
              [
                104.43747017,
                12.51387989
              ],
              [
                104.43841763,
                12.51385022
              ],
              [
                104.43903806,
                12.51369327
              ],
              [
                104.44028257,
                12.51288541
              ],
              [
                104.44084939,
                12.51198119
              ],
              [
                104.44151979,
                12.51131908
              ],
              [
                104.44220157,
                12.51071463
              ],
              [
                104.44341061,
                12.50994059
              ],
              [
                104.44470029,
                12.50938487
              ],
              [
                104.44599038,
                12.50876133
              ],
              [
                104.44704364,
                12.50860637
              ],
              [
                104.44864301,
                12.5090177
              ],
              [
                104.45012445,
                12.50957686
              ],
              [
                104.45198911,
                12.51062057
              ],
              [
                104.45286563,
                12.51067209
              ],
              [
                104.45424521,
                12.51071445
              ],
              [
                104.45619503,
                12.51120783
              ],
              [
                104.45780371,
                12.51199779
              ],
              [
                104.45899371,
                12.51247492
              ],
              [
                104.46062774,
                12.51297781
              ],
              [
                104.46207679,
                12.51309035
              ],
              [
                104.46411343,
                12.51278018
              ],
              [
                104.46615201,
                12.51209133
              ],
              [
                104.4674198,
                12.51124835
              ],
              [
                104.46815021,
                12.51032179
              ],
              [
                104.46902094,
                12.50940906
              ],
              [
                104.4703956,
                12.50833682
              ],
              [
                104.47104042,
                12.50805324
              ],
              [
                104.47227934,
                12.50809523
              ],
              [
                104.47350575,
                12.50835422
              ],
              [
                104.47476997,
                12.50812045
              ],
              [
                104.47469237,
                12.50738445
              ],
              [
                104.47631721,
                12.50745204
              ],
              [
                104.47753102,
                12.50782628
              ],
              [
                104.47870925,
                12.50830331
              ],
              [
                104.47977608,
                12.50782724
              ],
              [
                104.48073898,
                12.50710907
              ],
              [
                104.48178804,
                12.5073202
              ],
              [
                104.48175158,
                12.50728735
              ],
              [
                104.48040029,
                12.50604929
              ],
              [
                104.46628994,
                12.50164051
              ],
              [
                104.44787889,
                12.49327962
              ],
              [
                104.43734531,
                12.48754084
              ],
              [
                104.43065985,
                12.48389821
              ],
              [
                104.41581314,
                12.47744167
              ],
              [
                104.40155517,
                12.47390528
              ],
              [
                104.39724959,
                12.47409238
              ],
              [
                104.37599253,
                12.47501616
              ],
              [
                104.34685024,
                12.48137195
              ],
              [
                104.33555175,
                12.48309635
              ],
              [
                104.32666168,
                12.48734011
              ],
              [
                104.32463924,
                12.48830486
              ],
              [
                104.3207996,
                12.49013763
              ],
              [
                104.30876841,
                12.49587954
              ],
              [
                104.2897236,
                12.50400777
              ],
              [
                104.26068521,
                12.52437329
              ],
              [
                104.22347382,
                12.54252027
              ],
              [
                104.22025663,
                12.54519075
              ],
              [
                104.17876466,
                12.57962296
              ],
              [
                104.14746963,
                12.6028888
              ],
              [
                104.11438649,
                12.62666428
              ],
              [
                104.11362314,
                12.62721277
              ],
              [
                104.1049927,
                12.6334136
              ],
              [
                104.08710904,
                12.64503403
              ],
              [
                104.07459386,
                12.6520006
              ],
              [
                104.07209587,
                12.65424516
              ],
              [
                104.06621546,
                12.65952872
              ],
              [
                104.01371591,
                12.70668351
              ],
              [
                103.98686004,
                12.72819181
              ],
              [
                103.97551172,
                12.73924446
              ],
              [
                103.96356506,
                12.75087963
              ],
              [
                103.93369962,
                12.77850236
              ],
              [
                103.90162437,
                12.7995423
              ],
              [
                103.87027493,
                12.82350019
              ],
              [
                103.85085689,
                12.84020669
              ],
              [
                103.82995158,
                12.85617484
              ],
              [
                103.82171953,
                12.86635895
              ],
              [
                103.80528514,
                12.88015466
              ],
              [
                103.77989487,
                12.89901796
              ],
              [
                103.74342723,
                12.92979655
              ],
              [
                103.72250644,
                12.94604742
              ],
              [
                103.70398882,
                12.95763544
              ],
              [
                103.68426337,
                12.97213598
              ],
              [
                103.6681212,
                12.98431733
              ],
              [
                103.64836955,
                13.00290314
              ],
              [
                103.62624542,
                13.01913766
              ],
              [
                103.47211114,
                13.14601063
              ],
              [
                103.4421641,
                13.17064681
              ],
              [
                103.41618528,
                13.19264137
              ],
              [
                103.41149858,
                13.19660854
              ],
              [
                103.39722522,
                13.20868915
              ],
              [
                103.3785903,
                13.21039657
              ],
              [
                103.36086185,
                13.21575799
              ],
              [
                103.34033933,
                13.22109885
              ],
              [
                103.32602427,
                13.22567052
              ],
              [
                103.32354081,
                13.22646353
              ],
              [
                103.31046647,
                13.23185169
              ],
              [
                103.29829727,
                13.24089349
              ],
              [
                103.29578184,
                13.24351121
              ],
              [
                103.28610195,
                13.25358387
              ],
              [
                103.27111151,
                13.26625457
              ],
              [
                103.2580016,
                13.27620059
              ],
              [
                103.24582181,
                13.28615221
              ],
              [
                103.24111917,
                13.29250557
              ],
              [
                103.23274626,
                13.30826515
              ],
              [
                103.29726173,
                13.33620876
              ],
              [
                103.31260234,
                13.34276849
              ],
              [
                103.33847755,
                13.35370152
              ],
              [
                103.36496176,
                13.3652338
              ],
              [
                103.38840549,
                13.37524936
              ],
              [
                103.4014971,
                13.38101249
              ],
              [
                103.43103774,
                13.41669973
              ],
              [
                103.45109965,
                13.44335675
              ],
              [
                103.45883967,
                13.45309712
              ],
              [
                103.46094726,
                13.45574924
              ],
              [
                103.46677517,
                13.46393167
              ],
              [
                103.47196578,
                13.46426157
              ],
              [
                103.47802411,
                13.4572052
              ],
              [
                103.49596658,
                13.43630332
              ],
              [
                103.51630284,
                13.40742459
              ],
              [
                103.52553006,
                13.39671572
              ],
              [
                103.53046714,
                13.38831265
              ],
              [
                103.54249224,
                13.37929388
              ],
              [
                103.56230915,
                13.37438453
              ],
              [
                103.57479565,
                13.36967193
              ],
              [
                103.58924555,
                13.36329496
              ],
              [
                103.59389794,
                13.36140662
              ],
              [
                103.61530441,
                13.35584402
              ],
              [
                103.62265451,
                13.35199798
              ],
              [
                103.64011537,
                13.34192661
              ],
              [
                103.66398312,
                13.33248551
              ],
              [
                103.68538729,
                13.32661713
              ],
              [
                103.69909087,
                13.32190424
              ],
              [
                103.71304182,
                13.31647423
              ],
              [
                103.72600643,
                13.31271207
              ],
              [
                103.74464967,
                13.30864949
              ],
              [
                103.74532342,
                13.30850264
              ],
              [
                103.75290456,
                13.30662674
              ],
              [
                103.76024615,
                13.30379227
              ],
              [
                103.77951947,
                13.29587211
              ],
              [
                103.80520706,
                13.28702339
              ],
              [
                103.81438557,
                13.28288043
              ],
              [
                103.82282255,
                13.28211998
              ],
              [
                103.82385341,
                13.28202705
              ],
              [
                103.8406729,
                13.27582531
              ],
              [
                103.84160971,
                13.2757149
              ],
              [
                103.84800343,
                13.27496126
              ],
              [
                103.84877639,
                13.27476118
              ],
              [
                103.86389674,
                13.27084669
              ],
              [
                103.86682944,
                13.27038171
              ]
            ],
            [
              [
                104.54070142,
                12.66391512
              ],
              [
                104.54109417,
                12.66282841
              ],
              [
                104.54194048,
                12.66302089
              ],
              [
                104.54070142,
                12.66391512
              ]
            ]
          ]
        ]
      }
    }
  ]
}
