{
  "type": "FeatureCollection",
  "features": [
    {
      "type": "Feature",
      "properties": {
        "geo_id": "geo_ph_0059",
        "name": "Iloilo City",
        "psgc": "0631000000",
        "boundary_level": "huc",
        "component": "Calaparan",
        "source_correspondence_code": "063022000"
      },
      "geometry": {
        "type": "Polygon",
        "coordinates": [
          [
            [
              122.53210103900005,
              10.679520377000074
            ],
            [
              122.52436977000002,
              10.679540470000063
            ],
            [
              122.5241715090001,
              10.682162191000032
            ],
            [
              122.5300102860001,
              10.68413963200004
            ],
            [
              122.53210103900005,
              10.679520377000074
            ]
          ]
        ]
      }
    },
    {
      "type": "Feature",
      "properties": {
        "geo_id": "geo_ph_0059",
        "name": "Iloilo City",
        "psgc": "0631000000",
        "boundary_level": "huc",
        "component": "Santo Niño Norte",
        "source_correspondence_code": "063022000"
      },
      "geometry": {
        "type": "Polygon",
        "coordinates": [
          [
            [
              122.52277347100005,
              10.682283334000033
            ],
            [
              122.5241715090001,
              10.682162191000032
            ],
            [
              122.52436977000002,
              10.679540470000063
            ],
            [
              122.51739362700005,
              10.67969639100005
            ],
            [
              122.51725153900009,
              10.681215749000046
            ],
            [
              122.52277347100005,
              10.682283334000033
            ]
          ]
        ]
      }
    },
    {
      "type": "Feature",
      "properties": {
        "geo_id": "geo_ph_0059",
        "name": "Iloilo City",
        "psgc": "0631000000",
        "boundary_level": "huc",
        "component": "Aguinaldo",
        "source_correspondence_code": "063022000"
      },
      "geometry": {
        "type": "Polygon",
        "coordinates": [
          [
            [
              122.57355129900009,
              10.707634904000031
            ],
            [
              122.57228998900007,
              10.705243385000074
            ],
            [
              122.57107945500002,
              10.706462380000062
            ],
            [
              122.57146341700002,
              10.70713226600003
            ],
            [
              122.57355129900009,
              10.707634904000031
            ]
          ]
        ]
      }
    },
    {
      "type": "Feature",
      "properties": {
        "geo_id": "geo_ph_0059",
        "name": "Iloilo City",
        "psgc": "0631000000",
        "boundary_level": "huc",
        "component": "Airport (Tabucan Airport)",
        "source_correspondence_code": "063022000"
      },
      "geometry": {
        "type": "Polygon",
        "coordinates": [
          [
            [
              122.54585161200009,
              10.714920304000032
            ],
            [
              122.54260255500003,
              10.70703824100002
            ],
            [
              122.54078401200002,
              10.703386580000029
            ],
            [
              122.53646551600002,
              10.712262095000028
            ],
            [
              122.53888799300012,
              10.715905491000058
            ],
            [
              122.54585161200009,
              10.714920304000032
            ]
          ]
        ]
      }
    },
    {
      "type": "Feature",
      "properties": {
        "geo_id": "geo_ph_0059",
        "name": "Iloilo City",
        "psgc": "0631000000",
        "boundary_level": "huc",
        "component": "Alalasan Lapuz",
        "source_correspondence_code": "063022000"
      },
      "geometry": {
        "type": "Polygon",
        "coordinates": [
          [
            [
              122.57603072400002,
              10.705018899000038
            ],
            [
              122.57538354400003,
              10.703995167000073
            ],
            [
              122.57324767300008,
              10.70483435400007
            ],
            [
              122.57250604400008,
              10.705094417000055
            ],
            [
              122.57228998900007,
              10.705243385000074
            ],
            [
              122.57355129900009,
              10.707634904000031
            ],
            [
              122.57603072400002,
              10.705018899000038
            ]
          ]
        ]
      }
    },
    {
      "type": "Feature",
      "properties": {
        "geo_id": "geo_ph_0059",
        "name": "Iloilo City",
        "psgc": "0631000000",
        "boundary_level": "huc",
        "component": "Arguelles",
        "source_correspondence_code": "063022000"
      },
      "geometry": {
        "type": "Polygon",
        "coordinates": [
          [
            [
              122.5535642640001,
              10.729447924000056
            ],
            [
              122.55551469800002,
              10.727546870000026
            ],
            [
              122.55700812100008,
              10.725550807000047
            ],
            [
              122.55647465200002,
              10.725035296000044
            ],
            [
              122.55494301300007,
              10.726458593000075
            ],
            [
              122.5517855920001,
              10.728200911000044
            ],
            [
              122.55124440500003,
              10.729147843000021
            ],
            [
              122.55114870700004,
              10.729904
            ],
            [
              122.5535642640001,
              10.729447924000056
            ]
          ]
        ]
      }
    },
    {
      "type": "Feature",
      "properties": {
        "geo_id": "geo_ph_0059",
        "name": "Iloilo City",
        "psgc": "0631000000",
        "boundary_level": "huc",
        "component": "Arsenal Aduana",
        "source_correspondence_code": "063022000"
      },
      "geometry": {
        "type": "Polygon",
        "coordinates": [
          [
            [
              122.57295872500003,
              10.694957229000067
            ],
            [
              122.5719694180001,
              10.69331448500003
            ],
            [
              122.571595752,
              10.693529343000023
            ],
            [
              122.5709698600001,
              10.693931035000048
            ],
            [
              122.5704373850001,
              10.694799811000053
            ],
            [
              122.569562087,
              10.695921017000046
            ],
            [
              122.57147402700002,
              10.697316786000044
            ],
            [
              122.57295872500003,
              10.694957229000067
            ]
          ]
        ]
      }
    },
    {
      "type": "Feature",
      "properties": {
        "geo_id": "geo_ph_0059",
        "name": "Iloilo City",
        "psgc": "0631000000",
        "boundary_level": "huc",
        "component": "North Avanceña",
        "source_correspondence_code": "063022000"
      },
      "geometry": {
        "type": "Polygon",
        "coordinates": [
          [
            [
              122.54332238300003,
              10.697361841000031
            ],
            [
              122.54203691300006,
              10.695591400000069
            ],
            [
              122.5390140510001,
              10.694076512000038
            ],
            [
              122.53868954100005,
              10.69461087700006
            ],
            [
              122.54045690700002,
              10.696409495000069
            ],
            [
              122.54303461800009,
              10.697850912000035
            ],
            [
              122.54332238300003,
              10.697361841000031
            ]
          ]
        ]
      }
    },
    {
      "type": "Feature",
      "properties": {
        "geo_id": "geo_ph_0059",
        "name": "Iloilo City",
        "psgc": "0631000000",
        "boundary_level": "huc",
        "component": "Bakhaw",
        "source_correspondence_code": "063022000"
      },
      "geometry": {
        "type": "Polygon",
        "coordinates": [
          [
            [
              122.55598835100011,
              10.720921998000051
            ],
            [
              122.55672279900011,
              10.716717161000076
            ],
            [
              122.55550452600005,
              10.715284436000047
            ],
            [
              122.55273152400002,
              10.716123842000059
            ],
            [
              122.55437060200006,
              10.720785112000044
            ],
            [
              122.5551662790001,
              10.721034125000074
            ],
            [
              122.55598835100011,
              10.720921998000051
            ]
          ]
        ]
      }
    },
    {
      "type": "Feature",
      "properties": {
        "geo_id": "geo_ph_0059",
        "name": "Iloilo City",
        "psgc": "0631000000",
        "boundary_level": "huc",
        "component": "Balabago",
        "source_correspondence_code": "063022000"
      },
      "geometry": {
        "type": "Polygon",
        "coordinates": [
          [
            [
              122.5807820120001,
              10.748432255000068
            ],
            [
              122.5860777260001,
              10.745283971000049
            ],
            [
              122.57941077900011,
              10.732675576000076
            ],
            [
              122.57440743100005,
              10.73189575200007
            ],
            [
              122.57251687400003,
              10.729218505000063
            ],
            [
              122.56425599600004,
              10.735186984000052
            ],
            [
              122.56809577700005,
              10.741462421000051
            ],
            [
              122.56974129100001,
              10.74391587100007
            ],
            [
              122.57777539000006,
              10.749900247000028
            ],
            [
              122.5807820120001,
              10.748432255000068
            ]
          ]
        ]
      }
    },
    {
      "type": "Feature",
      "properties": {
        "geo_id": "geo_ph_0059",
        "name": "Iloilo City",
        "psgc": "0631000000",
        "boundary_level": "huc",
        "component": "Balantang",
        "source_correspondence_code": "063022000"
      },
      "geometry": {
        "type": "Polygon",
        "coordinates": [
          [
            [
              122.5711004640001,
              10.764446478000025
            ],
            [
              122.58513816700008,
              10.758726290000027
            ],
            [
              122.5807820120001,
              10.748432255000068
            ],
            [
              122.57777539000006,
              10.749900247000028
            ],
            [
              122.57163416700007,
              10.752931734000072
            ],
            [
              122.56413776000011,
              10.759250958000052
            ],
            [
              122.5711004640001,
              10.764446478000025
            ]
          ]
        ]
      }
    },
    {
      "type": "Feature",
      "properties": {
        "geo_id": "geo_ph_0059",
        "name": "Iloilo City",
        "psgc": "0631000000",
        "boundary_level": "huc",
        "component": "Baldoza",
        "source_correspondence_code": "063022000"
      },
      "geometry": {
        "type": "Polygon",
        "coordinates": [
          [
            [
              122.58467470500011,
              10.715681544000063
            ],
            [
              122.58410763400002,
              10.713624272000061
            ],
            [
              122.57808313100008,
              10.709619703000044
            ],
            [
              122.57759718400007,
              10.710018294000065
            ],
            [
              122.57541032300003,
              10.714325489000032
            ],
            [
              122.57688276800002,
              10.715050869000038
            ],
            [
              122.58467470500011,
              10.715681544000063
            ]
          ]
        ]
      }
    },
    {
      "type": "Feature",
      "properties": {
        "geo_id": "geo_ph_0059",
        "name": "Iloilo City",
        "psgc": "0631000000",
        "boundary_level": "huc",
        "component": "Sinikway (Bangkerohan Lapuz)",
        "source_correspondence_code": "063022000"
      },
      "geometry": {
        "type": "Polygon",
        "coordinates": [
          [
            [
              122.57603072400002,
              10.705018899000038
            ],
            [
              122.57355129900009,
              10.707634904000031
            ],
            [
              122.57436626900005,
              10.708426004000046
            ],
            [
              122.57643507000012,
              10.708466265000027
            ],
            [
              122.57603072400002,
              10.705018899000038
            ]
          ]
        ]
      }
    },
    {
      "type": "Feature",
      "properties": {
        "geo_id": "geo_ph_0059",
        "name": "Iloilo City",
        "psgc": "0631000000",
        "boundary_level": "huc",
        "component": "Bantud",
        "source_correspondence_code": "063022000"
      },
      "geometry": {
        "type": "Polygon",
        "coordinates": [
          [
            [
              122.56652391700004,
              10.70939244300007
            ],
            [
              122.56659045300012,
              10.709142962000044
            ],
            [
              122.56394387000012,
              10.70669876200003
            ],
            [
              122.56216373000007,
              10.708831323000027
            ],
            [
              122.56524325100008,
              10.711424372000067
            ],
            [
              122.56652391700004,
              10.70939244300007
            ]
          ]
        ]
      }
    },
    {
      "type": "Feature",
      "properties": {
        "geo_id": "geo_ph_0059",
        "name": "Iloilo City",
        "psgc": "0631000000",
        "boundary_level": "huc",
        "component": "Banuyao",
        "source_correspondence_code": "063022000"
      },
      "geometry": {
        "type": "Polygon",
        "coordinates": [
          [
            [
              122.57941077900011,
              10.732675576000076
            ],
            [
              122.582544331,
              10.728781624000021
            ],
            [
              122.58245977400009,
              10.725804169000071
            ],
            [
              122.57669512200005,
              10.725860133000026
            ],
            [
              122.57440743100005,
              10.73189575200007
            ],
            [
              122.57941077900011,
              10.732675576000076
            ]
          ]
        ]
      }
    },
    {
      "type": "Feature",
      "properties": {
        "geo_id": "geo_ph_0059",
        "name": "Iloilo City",
        "psgc": "0631000000",
        "boundary_level": "huc",
        "component": "Benedicto (Jaro)",
        "source_correspondence_code": "063022000"
      },
      "geometry": {
        "type": "Polygon",
        "coordinates": [
          [
            [
              122.56204940600003,
              10.724264634000065
            ],
            [
              122.56119416500007,
              10.723190356000032
            ],
            [
              122.560113279,
              10.721963646000063
            ],
            [
              122.55752603300004,
              10.723268731000076
            ],
            [
              122.55615844300007,
              10.724599118000071
            ],
            [
              122.55647465200002,
              10.725035296000044
            ],
            [
              122.55700812100008,
              10.725550807000047
            ],
            [
              122.55864227200004,
              10.729025655000044
            ],
            [
              122.56204940600003,
              10.724264634000065
            ]
          ]
        ]
      }
    },
    {
      "type": "Feature",
      "properties": {
        "geo_id": "geo_ph_0059",
        "name": "Iloilo City",
        "psgc": "0631000000",
        "boundary_level": "huc",
        "component": "Bito-on",
        "source_correspondence_code": "063022000"
      },
      "geometry": {
        "type": "Polygon",
        "coordinates": [
          [
            [
              122.58864761000007,
              10.743549195000071
            ],
            [
              122.5860777260001,
              10.745283971000049
            ],
            [
              122.5807820120001,
              10.748432255000068
            ],
            [
              122.58513816700008,
              10.758726290000027
            ],
            [
              122.58748730900004,
              10.761170704000051
            ],
            [
              122.5908906520001,
              10.764050429000065
            ],
            [
              122.59228179100012,
              10.75560045100002
            ],
            [
              122.58864761000007,
              10.743549195000071
            ]
          ]
        ]
      }
    },
    {
      "type": "Feature",
      "properties": {
        "geo_id": "geo_ph_0059",
        "name": "Iloilo City",
        "psgc": "0631000000",
        "boundary_level": "huc",
        "component": "Monica Blumentritt",
        "source_correspondence_code": "063022000"
      },
      "geometry": {
        "type": "Polygon",
        "coordinates": [
          [
            [
              122.5799477810001,
              10.696777944000075
            ],
            [
              122.57772134200002,
              10.695405752000056
            ],
            [
              122.57655108900008,
              10.696336948000067
            ],
            [
              122.57714768700009,
              10.696936354000059
            ],
            [
              122.5791368570001,
              10.698770258000025
            ],
            [
              122.5799477810001,
              10.696777944000075
            ]
          ]
        ]
      }
    },
    {
      "type": "Feature",
      "properties": {
        "geo_id": "geo_ph_0059",
        "name": "Iloilo City",
        "psgc": "0631000000",
        "boundary_level": "huc",
        "component": "Bolilao",
        "source_correspondence_code": "063022000"
      },
      "geometry": {
        "type": "Polygon",
        "coordinates": [
          [
            [
              122.55273152400002,
              10.716123842000059
            ],
            [
              122.55550452600005,
              10.715284436000047
            ],
            [
              122.55734554900005,
              10.712873276000039
            ],
            [
              122.55912458000012,
              10.712161184000024
            ],
            [
              122.55925023300006,
              10.710339758000032
            ],
            [
              122.55629328100008,
              10.709953127000063
            ],
            [
              122.55125059300008,
              10.71637722500003
            ],
            [
              122.55273152400002,
              10.716123842000059
            ]
          ]
        ]
      }
    },
    {
      "type": "Feature",
      "properties": {
        "geo_id": "geo_ph_0059",
        "name": "Iloilo City",
        "psgc": "0631000000",
        "boundary_level": "huc",
        "component": "Bonifacio Tanza",
        "source_correspondence_code": "063022000"
      },
      "geometry": {
        "type": "Polygon",
        "coordinates": [
          [
            [
              122.55861974700008,
              10.693258667000066
            ],
            [
              122.55959095500009,
              10.69302566600004
            ],
            [
              122.55953368500002,
              10.691380895000066
            ],
            [
              122.55785652000009,
              10.693432018000067
            ],
            [
              122.55861974700008,
              10.693258667000066
            ]
          ]
        ]
      }
    },
    {
      "type": "Feature",
      "properties": {
        "geo_id": "geo_ph_0059",
        "name": "Iloilo City",
        "psgc": "0631000000",
        "boundary_level": "huc",
        "component": "Buhang",
        "source_correspondence_code": "063022000"
      },
      "geometry": {
        "type": "Polygon",
        "coordinates": [
          [
            [
              122.57163416700007,
              10.752931734000072
            ],
            [
              122.57777539000006,
              10.749900247000028
            ],
            [
              122.56974129100001,
              10.74391587100007
            ],
            [
              122.55913115900012,
              10.75361288800002
            ],
            [
              122.56115494000005,
              10.758051194000075
            ],
            [
              122.57163416700007,
              10.752931734000072
            ]
          ]
        ]
      }
    },
    {
      "type": "Feature",
      "properties": {
        "geo_id": "geo_ph_0059",
        "name": "Iloilo City",
        "psgc": "0631000000",
        "boundary_level": "huc",
        "component": "Buhang Taft North",
        "source_correspondence_code": "063022000"
      },
      "geometry": {
        "type": "Polygon",
        "coordinates": [
          [
            [
              122.55028450300006,
              10.721351003000052
            ],
            [
              122.55325948000007,
              10.720703788000037
            ],
            [
              122.55437060200006,
              10.720785112000044
            ],
            [
              122.55273152400002,
              10.716123842000059
            ],
            [
              122.55125059300008,
              10.71637722500003
            ],
            [
              122.54613746600012,
              10.714973904000033
            ],
            [
              122.5480237270001,
              10.719180025000071
            ],
            [
              122.54949018700006,
              10.722504591000074
            ],
            [
              122.55028450300006,
              10.721351003000052
            ]
          ]
        ]
      }
    },
    {
      "type": "Feature",
      "properties": {
        "geo_id": "geo_ph_0059",
        "name": "Iloilo City",
        "psgc": "0631000000",
        "boundary_level": "huc",
        "component": "Buntatala",
        "source_correspondence_code": "063022000"
      },
      "geometry": {
        "type": "Polygon",
        "coordinates": [
          [
            [
              122.5908906520001,
              10.764050429000065
            ],
            [
              122.58748730900004,
              10.761170704000051
            ],
            [
              122.573194295,
              10.773159715000077
            ],
            [
              122.57595897700003,
              10.778009998000073
            ],
            [
              122.58481624300009,
              10.774174605000042
            ],
            [
              122.5908906520001,
              10.764050429000065
            ]
          ]
        ]
      }
    },
    {
      "type": "Feature",
      "properties": {
        "geo_id": "geo_ph_0059",
        "name": "Iloilo City",
        "psgc": "0631000000",
        "boundary_level": "huc",
        "component": "Seminario (Burgos Jalandoni)",
        "source_correspondence_code": "063022000"
      },
      "geometry": {
        "type": "Polygon",
        "coordinates": [
          [
            [
              122.55752603300004,
              10.723268731000076
            ],
            [
              122.55757824700004,
              10.72319893100007
            ],
            [
              122.55598835100011,
              10.720921998000051
            ],
            [
              122.5551662790001,
              10.721034125000074
            ],
            [
              122.55552742600003,
              10.721805103000065
            ],
            [
              122.55537724200008,
              10.72349396900006
            ],
            [
              122.55546181200009,
              10.723601024000061
            ],
            [
              122.55615844300007,
              10.724599118000071
            ],
            [
              122.55752603300004,
              10.723268731000076
            ]
          ]
        ]
      }
    },
    {
      "type": "Feature",
      "properties": {
        "geo_id": "geo_ph_0059",
        "name": "Iloilo City",
        "psgc": "0631000000",
        "boundary_level": "huc",
        "component": "Caingin",
        "source_correspondence_code": "063022000"
      },
      "geometry": {
        "type": "Polygon",
        "coordinates": [
          [
            [
              122.57688276800002,
              10.715050869000038
            ],
            [
              122.57541032300003,
              10.714325489000032
            ],
            [
              122.57265476200007,
              10.716266446000077
            ],
            [
              122.5726337530001,
              10.716686603000028
            ],
            [
              122.57521912200002,
              10.721047143000021
            ],
            [
              122.57688276800002,
              10.715050869000038
            ]
          ]
        ]
      }
    },
    {
      "type": "Feature",
      "properties": {
        "geo_id": "geo_ph_0059",
        "name": "Iloilo City",
        "psgc": "0631000000",
        "boundary_level": "huc",
        "component": "Calahunan",
        "source_correspondence_code": "063022000"
      },
      "geometry": {
        "type": "Polygon",
        "coordinates": [
          [
            [
              122.52654073200006,
              10.722539590000054
            ],
            [
              122.53065540600005,
              10.717228459000069
            ],
            [
              122.53352837300008,
              10.711138763000065
            ],
            [
              122.52750836700011,
              10.704856143000029
            ],
            [
              122.51994709300004,
              10.708676292000064
            ],
            [
              122.52409757200007,
              10.713101304000077
            ],
            [
              122.52064000400003,
              10.720329352000022
            ],
            [
              122.52654073200006,
              10.722539590000054
            ]
          ]
        ]
      }
    },
    {
      "type": "Feature",
      "properties": {
        "geo_id": "geo_ph_0059",
        "name": "Iloilo City",
        "psgc": "0631000000",
        "boundary_level": "huc",
        "component": "Camalig",
        "source_correspondence_code": "063022000"
      },
      "geometry": {
        "type": "Polygon",
        "coordinates": [
          [
            [
              122.57163416700007,
              10.752931734000072
            ],
            [
              122.56115494000005,
              10.758051194000075
            ],
            [
              122.56206207900004,
              10.759944836000045
            ],
            [
              122.56413776000011,
              10.759250958000052
            ],
            [
              122.57163416700007,
              10.752931734000072
            ]
          ]
        ]
      }
    },
    {
      "type": "Feature",
      "properties": {
        "geo_id": "geo_ph_0059",
        "name": "Iloilo City",
        "psgc": "0631000000",
        "boundary_level": "huc",
        "component": "El 98 Castilla (Claudio Lopez)",
        "source_correspondence_code": "063022000"
      },
      "geometry": {
        "type": "Polygon",
        "coordinates": [
          [
            [
              122.55552742600003,
              10.721805103000065
            ],
            [
              122.55461748000005,
              10.72253353700006
            ],
            [
              122.55486642900007,
              10.722849162000045
            ],
            [
              122.55537724200008,
              10.72349396900006
            ],
            [
              122.55552742600003,
              10.721805103000065
            ]
          ]
        ]
      }
    },
    {
      "type": "Feature",
      "properties": {
        "geo_id": "geo_ph_0059",
        "name": "Iloilo City",
        "psgc": "0631000000",
        "boundary_level": "huc",
        "component": "Cochero",
        "source_correspondence_code": "063022000"
      },
      "geometry": {
        "type": "Polygon",
        "coordinates": [
          [
            [
              122.55404295100004,
              10.694861262000074
            ],
            [
              122.55218822200004,
              10.692330921000064
            ],
            [
              122.55175013900009,
              10.69229966000006
            ],
            [
              122.55108382000003,
              10.694853198000033
            ],
            [
              122.55404295100004,
              10.694861262000074
            ]
          ]
        ]
      }
    },
    {
      "type": "Feature",
      "properties": {
        "geo_id": "geo_ph_0059",
        "name": "Iloilo City",
        "psgc": "0631000000",
        "boundary_level": "huc",
        "component": "Compania",
        "source_correspondence_code": "063022000"
      },
      "geometry": {
        "type": "Polygon",
        "coordinates": [
          [
            [
              122.54292788400005,
              10.69095750300005
            ],
            [
              122.54338054000004,
              10.690138003000072
            ],
            [
              122.54079568500003,
              10.689177522000023
            ],
            [
              122.53661341700001,
              10.687076915000034
            ],
            [
              122.53500165500009,
              10.688764802000037
            ],
            [
              122.53955788200005,
              10.69117073600006
            ],
            [
              122.54292788400005,
              10.69095750300005
            ]
          ]
        ]
      }
    },
    {
      "type": "Feature",
      "properties": {
        "geo_id": "geo_ph_0059",
        "name": "Iloilo City",
        "psgc": "0631000000",
        "boundary_level": "huc",
        "component": "Concepcion-Montes",
        "source_correspondence_code": "063022000"
      },
      "geometry": {
        "type": "Polygon",
        "coordinates": [
          [
            [
              122.58456057100011,
              10.692854668000052
            ],
            [
              122.58345710600008,
              10.691092364000042
            ],
            [
              122.57865801100002,
              10.69296134900003
            ],
            [
              122.57772134200002,
              10.695405752000056
            ],
            [
              122.5799477810001,
              10.696777944000075
            ],
            [
              122.58456057100011,
              10.692854668000052
            ]
          ]
        ]
      }
    },
    {
      "type": "Feature",
      "properties": {
        "geo_id": "geo_ph_0059",
        "name": "Iloilo City",
        "psgc": "0631000000",
        "boundary_level": "huc",
        "component": "Cuartero",
        "source_correspondence_code": "063022000"
      },
      "geometry": {
        "type": "Polygon",
        "coordinates": [
          [
            [
              122.55419686100004,
              10.724474391000058
            ],
            [
              122.55546181200009,
              10.723601024000061
            ],
            [
              122.55537724200008,
              10.72349396900006
            ],
            [
              122.55486642900007,
              10.722849162000045
            ],
            [
              122.55152758400004,
              10.722240380000073
            ],
            [
              122.55028450300006,
              10.721351003000052
            ],
            [
              122.54949018700006,
              10.722504591000074
            ],
            [
              122.5480739080001,
              10.725132330000065
            ],
            [
              122.55168155900003,
              10.72804545400004
            ],
            [
              122.55419686100004,
              10.724474391000058
            ]
          ]
        ]
      }
    },
    {
      "type": "Feature",
      "properties": {
        "geo_id": "geo_ph_0059",
        "name": "Iloilo City",
        "psgc": "0631000000",
        "boundary_level": "huc",
        "component": "Cubay",
        "source_correspondence_code": "063022000"
      },
      "geometry": {
        "type": "Polygon",
        "coordinates": [
          [
            [
              122.57251687400003,
              10.729218505000063
            ],
            [
              122.56589559000008,
              10.720911856000043
            ],
            [
              122.5656236000001,
              10.72187027800004
            ],
            [
              122.56468324700006,
              10.728144945000054
            ],
            [
              122.56095386700008,
              10.735729024000022
            ],
            [
              122.56425599600004,
              10.735186984000052
            ],
            [
              122.57251687400003,
              10.729218505000063
            ]
          ]
        ]
      }
    },
    {
      "type": "Feature",
      "properties": {
        "geo_id": "geo_ph_0059",
        "name": "Iloilo City",
        "psgc": "0631000000",
        "boundary_level": "huc",
        "component": "Danao",
        "source_correspondence_code": "063022000"
      },
      "geometry": {
        "type": "Polygon",
        "coordinates": [
          [
            [
              122.56899666100003,
              10.69780740400006
            ],
            [
              122.5665485080001,
              10.697849462000022
            ],
            [
              122.56538698500003,
              10.704387962000055
            ],
            [
              122.56757472400011,
              10.705790050000076
            ],
            [
              122.56899666100003,
              10.69780740400006
            ]
          ]
        ]
      }
    },
    {
      "type": "Feature",
      "properties": {
        "geo_id": "geo_ph_0059",
        "name": "Iloilo City",
        "psgc": "0631000000",
        "boundary_level": "huc",
        "component": "Mabolo-Delgado",
        "source_correspondence_code": "063022000"
      },
      "geometry": {
        "type": "Polygon",
        "coordinates": [
          [
            [
              122.55885849200001,
              10.696951609000052
            ],
            [
              122.55761363700003,
              10.695680540000069
            ],
            [
              122.55636157600009,
              10.696721668000066
            ],
            [
              122.5586770760001,
              10.698469297000031
            ],
            [
              122.55885849200001,
              10.696951609000052
            ]
          ]
        ]
      }
    },
    {
      "type": "Feature",
      "properties": {
        "geo_id": "geo_ph_0059",
        "name": "Iloilo City",
        "psgc": "0631000000",
        "boundary_level": "huc",
        "component": "Democracia",
        "source_correspondence_code": "063022000"
      },
      "geometry": {
        "type": "Polygon",
        "coordinates": [
          [
            [
              122.55864227200004,
              10.729025655000044
            ],
            [
              122.55700812100008,
              10.725550807000047
            ],
            [
              122.55551469800002,
              10.727546870000026
            ],
            [
              122.55682126800002,
              10.72888247800006
            ],
            [
              122.55848530500009,
              10.729393595000033
            ],
            [
              122.55864227200004,
              10.729025655000044
            ]
          ]
        ]
      }
    },
    {
      "type": "Feature",
      "properties": {
        "geo_id": "geo_ph_0059",
        "name": "Iloilo City",
        "psgc": "0631000000",
        "boundary_level": "huc",
        "component": "Desamparados",
        "source_correspondence_code": "063022000"
      },
      "geometry": {
        "type": "Polygon",
        "coordinates": [
          [
            [
              122.55552742600003,
              10.721805103000065
            ],
            [
              122.5551662790001,
              10.721034125000074
            ],
            [
              122.55437060200006,
              10.720785112000044
            ],
            [
              122.55325948000007,
              10.720703788000037
            ],
            [
              122.55358087400009,
              10.721148369000048
            ],
            [
              122.55461748000005,
              10.72253353700006
            ],
            [
              122.55552742600003,
              10.721805103000065
            ]
          ]
        ]
      }
    },
    {
      "type": "Feature",
      "properties": {
        "geo_id": "geo_ph_0059",
        "name": "Iloilo City",
        "psgc": "0631000000",
        "boundary_level": "huc",
        "component": "Divinagracia",
        "source_correspondence_code": "063022000"
      },
      "geometry": {
        "type": "Polygon",
        "coordinates": [
          [
            [
              122.57436626900005,
              10.708426004000046
            ],
            [
              122.57355129900009,
              10.707634904000031
            ],
            [
              122.57146341700002,
              10.70713226600003
            ],
            [
              122.57028903900004,
              10.710474284000043
            ],
            [
              122.57180500900006,
              10.711590268000066
            ],
            [
              122.57183140300003,
              10.71161042700004
            ],
            [
              122.57436626900005,
              10.708426004000046
            ]
          ]
        ]
      }
    },
    {
      "type": "Feature",
      "properties": {
        "geo_id": "geo_ph_0059",
        "name": "Iloilo City",
        "psgc": "0631000000",
        "boundary_level": "huc",
        "component": "Don Esteban-Lapuz",
        "source_correspondence_code": "063022000"
      },
      "geometry": {
        "type": "Polygon",
        "coordinates": [
          [
            [
              122.57808313100008,
              10.709619703000044
            ],
            [
              122.58006837800008,
              10.70372121500003
            ],
            [
              122.57705612300003,
              10.702605475000041
            ],
            [
              122.57538354400003,
              10.703995167000073
            ],
            [
              122.57603072400002,
              10.705018899000038
            ],
            [
              122.57643507000012,
              10.708466265000027
            ],
            [
              122.57759718400007,
              10.710018294000065
            ],
            [
              122.57808313100008,
              10.709619703000044
            ]
          ]
        ]
      }
    },
    {
      "type": "Feature",
      "properties": {
        "geo_id": "geo_ph_0059",
        "name": "Iloilo City",
        "psgc": "0631000000",
        "boundary_level": "huc",
        "component": "Dungon",
        "source_correspondence_code": "063022000"
      },
      "geometry": {
        "type": "Polygon",
        "coordinates": [
          [
            [
              122.53626634500006,
              10.732843740000021
            ],
            [
              122.54315539800007,
              10.728676431000054
            ],
            [
              122.54217618400003,
              10.726922625000043
            ],
            [
              122.53961289000006,
              10.72386423200004
            ],
            [
              122.53638426000009,
              10.726414980000072
            ],
            [
              122.53169017100004,
              10.72985329100004
            ],
            [
              122.531429634,
              10.738380808000045
            ],
            [
              122.53626634500006,
              10.732843740000021
            ]
          ]
        ]
      }
    },
    {
      "type": "Feature",
      "properties": {
        "geo_id": "geo_ph_0059",
        "name": "Iloilo City",
        "psgc": "0631000000",
        "boundary_level": "huc",
        "component": "Dungon A",
        "source_correspondence_code": "063022000"
      },
      "geometry": {
        "type": "Polygon",
        "coordinates": [
          [
            [
              122.55124440500003,
              10.729147843000021
            ],
            [
              122.5517855920001,
              10.728200911000044
            ],
            [
              122.55168155900003,
              10.72804545400004
            ],
            [
              122.5480739080001,
              10.725132330000065
            ],
            [
              122.54589095300003,
              10.726936300000034
            ],
            [
              122.54706427400004,
              10.73071242800006
            ],
            [
              122.55124440500003,
              10.729147843000021
            ]
          ]
        ]
      }
    },
    {
      "type": "Feature",
      "properties": {
        "geo_id": "geo_ph_0059",
        "name": "Iloilo City",
        "psgc": "0631000000",
        "boundary_level": "huc",
        "component": "Dungon B",
        "source_correspondence_code": "063022000"
      },
      "geometry": {
        "type": "Polygon",
        "coordinates": [
          [
            [
              122.54197849500008,
              10.734740745000067
            ],
            [
              122.54706427400004,
              10.73071242800006
            ],
            [
              122.54589095300003,
              10.726936300000034
            ],
            [
              122.54315539800007,
              10.728676431000054
            ],
            [
              122.53626634500006,
              10.732843740000021
            ],
            [
              122.54197849500008,
              10.734740745000067
            ]
          ]
        ]
      }
    },
    {
      "type": "Feature",
      "properties": {
        "geo_id": "geo_ph_0059",
        "name": "Iloilo City",
        "psgc": "0631000000",
        "boundary_level": "huc",
        "component": "East Baluarte",
        "source_correspondence_code": "063022000"
      },
      "geometry": {
        "type": "Polygon",
        "coordinates": [
          [
            [
              122.55175013900009,
              10.69229966000006
            ],
            [
              122.55103182800008,
              10.69228858100007
            ],
            [
              122.54925427300009,
              10.692028415000038
            ],
            [
              122.54802313400012,
              10.692251055000042
            ],
            [
              122.54742500200007,
              10.692662668000025
            ],
            [
              122.54893307100008,
              10.69419566700003
            ],
            [
              122.55108382000003,
              10.694853198000033
            ],
            [
              122.55175013900009,
              10.69229966000006
            ]
          ]
        ]
      }
    },
    {
      "type": "Feature",
      "properties": {
        "geo_id": "geo_ph_0059",
        "name": "Iloilo City",
        "psgc": "0631000000",
        "boundary_level": "huc",
        "component": "East Timawa",
        "source_correspondence_code": "063022000"
      },
      "geometry": {
        "type": "Polygon",
        "coordinates": [
          [
            [
              122.55508076500007,
              10.697354569000026
            ],
            [
              122.55512964600007,
              10.696592137000039
            ],
            [
              122.5547190630001,
              10.696546516000069
            ],
            [
              122.54820230100006,
              10.695892653000044
            ],
            [
              122.54807673700009,
              10.696196507000025
            ],
            [
              122.55508076500007,
              10.697354569000026
            ]
          ]
        ]
      }
    },
    {
      "type": "Feature",
      "properties": {
        "geo_id": "geo_ph_0059",
        "name": "Iloilo City",
        "psgc": "0631000000",
        "boundary_level": "huc",
        "component": "Edganzon",
        "source_correspondence_code": "063022000"
      },
      "geometry": {
        "type": "Polygon",
        "coordinates": [
          [
            [
              122.56899666100003,
              10.69780740400006
            ],
            [
              122.56901482400008,
              10.696540379000055
            ],
            [
              122.56772191100004,
              10.696106838000048
            ],
            [
              122.56625771100005,
              10.695630391000066
            ],
            [
              122.56470054500005,
              10.695153945000072
            ],
            [
              122.56470374300011,
              10.697676706000038
            ],
            [
              122.5665485080001,
              10.697849462000022
            ],
            [
              122.56899666100003,
              10.69780740400006
            ]
          ]
        ]
      }
    },
    {
      "type": "Feature",
      "properties": {
        "geo_id": "geo_ph_0059",
        "name": "Iloilo City",
        "psgc": "0631000000",
        "boundary_level": "huc",
        "component": "Tanza-Esperanza",
        "source_correspondence_code": "063022000"
      },
      "geometry": {
        "type": "Polygon",
        "coordinates": [
          [
            [
              122.55989612000008,
              10.69638607500002
            ],
            [
              122.55883778500004,
              10.693326376000073
            ],
            [
              122.55861974700008,
              10.693258667000066
            ],
            [
              122.55785652000009,
              10.693432018000067
            ],
            [
              122.55685767000011,
              10.693650152000032
            ],
            [
              122.55751214700001,
              10.694903379000039
            ],
            [
              122.55989612000008,
              10.69638607500002
            ]
          ]
        ]
      }
    },
    {
      "type": "Feature",
      "properties": {
        "geo_id": "geo_ph_0059",
        "name": "Iloilo City",
        "psgc": "0631000000",
        "boundary_level": "huc",
        "component": "Fajardo",
        "source_correspondence_code": "063022000"
      },
      "geometry": {
        "type": "Polygon",
        "coordinates": [
          [
            [
              122.55494301300007,
              10.726458593000075
            ],
            [
              122.55419686100004,
              10.724474391000058
            ],
            [
              122.55168155900003,
              10.72804545400004
            ],
            [
              122.5517855920001,
              10.728200911000044
            ],
            [
              122.55494301300007,
              10.726458593000075
            ]
          ]
        ]
      }
    },
    {
      "type": "Feature",
      "properties": {
        "geo_id": "geo_ph_0059",
        "name": "Iloilo City",
        "psgc": "0631000000",
        "boundary_level": "huc",
        "component": "Flores",
        "source_correspondence_code": "063022000"
      },
      "geometry": {
        "type": "Polygon",
        "coordinates": [
          [
            [
              122.56464640000002,
              10.691864443000043
            ],
            [
              122.56307975600009,
              10.692184730000065
            ],
            [
              122.56159666500002,
              10.69254498500004
            ],
            [
              122.56160618500007,
              10.693206692000047
            ],
            [
              122.56316688100003,
              10.693202368000073
            ],
            [
              122.56464342100003,
              10.693323467000027
            ],
            [
              122.56464640000002,
              10.691864443000043
            ]
          ]
        ]
      }
    },
    {
      "type": "Feature",
      "properties": {
        "geo_id": "geo_ph_0059",
        "name": "Iloilo City",
        "psgc": "0631000000",
        "boundary_level": "huc",
        "component": "Gloria",
        "source_correspondence_code": "063022000"
      },
      "geometry": {
        "type": "Polygon",
        "coordinates": [
          [
            [
              122.56316688100003,
              10.693202368000073
            ],
            [
              122.56160618500007,
              10.693206692000047
            ],
            [
              122.56160618500007,
              10.694211152000037
            ],
            [
              122.56315499900006,
              10.694700741000077
            ],
            [
              122.56316688100003,
              10.693202368000073
            ]
          ]
        ]
      }
    },
    {
      "type": "Feature",
      "properties": {
        "geo_id": "geo_ph_0059",
        "name": "Iloilo City",
        "psgc": "0631000000",
        "boundary_level": "huc",
        "component": "Gustilo",
        "source_correspondence_code": "063022000"
      },
      "geometry": {
        "type": "Polygon",
        "coordinates": [
          [
            [
              122.5726337530001,
              10.716686603000028
            ],
            [
              122.57265476200007,
              10.716266446000077
            ],
            [
              122.57065018900005,
              10.713194302000034
            ],
            [
              122.56925571700003,
              10.715177027000038
            ],
            [
              122.57117364300007,
              10.717790308000076
            ],
            [
              122.5726337530001,
              10.716686603000028
            ]
          ]
        ]
      }
    },
    {
      "type": "Feature",
      "properties": {
        "geo_id": "geo_ph_0059",
        "name": "Iloilo City",
        "psgc": "0631000000",
        "boundary_level": "huc",
        "component": "Guzman-Jesena",
        "source_correspondence_code": "063022000"
      },
      "geometry": {
        "type": "Polygon",
        "coordinates": [
          [
            [
              122.53638426000009,
              10.726414980000072
            ],
            [
              122.53579496300006,
              10.717787050000027
            ],
            [
              122.53065540600005,
              10.717228459000069
            ],
            [
              122.52654073200006,
              10.722539590000054
            ],
            [
              122.53169017100004,
              10.72985329100004
            ],
            [
              122.53638426000009,
              10.726414980000072
            ]
          ]
        ]
      }
    },
    {
      "type": "Feature",
      "properties": {
        "geo_id": "geo_ph_0059",
        "name": "Iloilo City",
        "psgc": "0631000000",
        "boundary_level": "huc",
        "component": "Habog-habog Salvacion",
        "source_correspondence_code": "063022000"
      },
      "geometry": {
        "type": "Polygon",
        "coordinates": [
          [
            [
              122.54742500200007,
              10.692662668000025
            ],
            [
              122.54802313400012,
              10.692251055000042
            ],
            [
              122.5455369120001,
              10.690649260000043
            ],
            [
              122.54338054000004,
              10.690138003000072
            ],
            [
              122.54292788400005,
              10.69095750300005
            ],
            [
              122.5455300650001,
              10.694473390000041
            ],
            [
              122.54742500200007,
              10.692662668000025
            ]
          ]
        ]
      }
    },
    {
      "type": "Feature",
      "properties": {
        "geo_id": "geo_ph_0059",
        "name": "Iloilo City",
        "psgc": "0631000000",
        "boundary_level": "huc",
        "component": "Hibao-an Sur",
        "source_correspondence_code": "063022000"
      },
      "geometry": {
        "type": "Polygon",
        "coordinates": [
          [
            [
              122.531429634,
              10.738380808000045
            ],
            [
              122.53169017100004,
              10.72985329100004
            ],
            [
              122.52654073200006,
              10.722539590000054
            ],
            [
              122.52064000400003,
              10.720329352000022
            ],
            [
              122.5159503860001,
              10.73268480300004
            ],
            [
              122.52435625200008,
              10.736228179000022
            ],
            [
              122.52276764800001,
              10.74207681400003
            ],
            [
              122.531429634,
              10.738380808000045
            ]
          ]
        ]
      }
    },
    {
      "type": "Feature",
      "properties": {
        "geo_id": "geo_ph_0059",
        "name": "Iloilo City",
        "psgc": "0631000000",
        "boundary_level": "huc",
        "component": "Hinactacan",
        "source_correspondence_code": "063022000"
      },
      "geometry": {
        "type": "Polygon",
        "coordinates": [
          [
            [
              122.58864761000007,
              10.743549195000071
            ],
            [
              122.59810965200006,
              10.736416576000067
            ],
            [
              122.58861932100001,
              10.728165644000057
            ],
            [
              122.582544331,
              10.728781624000021
            ],
            [
              122.57941077900011,
              10.732675576000076
            ],
            [
              122.5860777260001,
              10.745283971000049
            ],
            [
              122.58864761000007,
              10.743549195000071
            ]
          ]
        ]
      }
    },
    {
      "type": "Feature",
      "properties": {
        "geo_id": "geo_ph_0059",
        "name": "Iloilo City",
        "psgc": "0631000000",
        "boundary_level": "huc",
        "component": "Hipodromo",
        "source_correspondence_code": "063022000"
      },
      "geometry": {
        "type": "Polygon",
        "coordinates": [
          [
            [
              122.56315499900006,
              10.694700741000077
            ],
            [
              122.56160618500007,
              10.694211152000037
            ],
            [
              122.5616289190001,
              10.695565274000046
            ],
            [
              122.56165381400001,
              10.697239139000033
            ],
            [
              122.56317557600005,
              10.697457463000035
            ],
            [
              122.56315499900006,
              10.694700741000077
            ]
          ]
        ]
      }
    },
    {
      "type": "Feature",
      "properties": {
        "geo_id": "geo_ph_0059",
        "name": "Iloilo City",
        "psgc": "0631000000",
        "boundary_level": "huc",
        "component": "Inday",
        "source_correspondence_code": "063022000"
      },
      "geometry": {
        "type": "Polygon",
        "coordinates": [
          [
            [
              122.56164879200003,
              10.701626136000073
            ],
            [
              122.56169648600007,
              10.700660711000069
            ],
            [
              122.5583168820001,
              10.700212511000075
            ],
            [
              122.55485595700009,
              10.699882949000028
            ],
            [
              122.55435561100012,
              10.701829161000035
            ],
            [
              122.56164879200003,
              10.701626136000073
            ]
          ]
        ]
      }
    },
    {
      "type": "Feature",
      "properties": {
        "geo_id": "geo_ph_0059",
        "name": "Iloilo City",
        "psgc": "0631000000",
        "boundary_level": "huc",
        "component": "Infante",
        "source_correspondence_code": "063022000"
      },
      "geometry": {
        "type": "Polygon",
        "coordinates": [
          [
            [
              122.55554815800008,
              10.69543109700004
            ],
            [
              122.55546312900003,
              10.692961740000044
            ],
            [
              122.55218822200004,
              10.692330921000064
            ],
            [
              122.55404295100004,
              10.694861262000074
            ],
            [
              122.5547190630001,
              10.696546516000069
            ],
            [
              122.55512964600007,
              10.696592137000039
            ],
            [
              122.55562596200002,
              10.696647436000035
            ],
            [
              122.55554815800008,
              10.69543109700004
            ]
          ]
        ]
      }
    },
    {
      "type": "Feature",
      "properties": {
        "geo_id": "geo_ph_0059",
        "name": "Iloilo City",
        "psgc": "0631000000",
        "boundary_level": "huc",
        "component": "Ingore",
        "source_correspondence_code": "063022000"
      },
      "geometry": {
        "type": "Polygon",
        "coordinates": [
          [
            [
              122.59055489500008,
              10.710164964000057
            ],
            [
              122.58410763400002,
              10.713624272000061
            ],
            [
              122.58467470500011,
              10.715681544000063
            ],
            [
              122.5843355940001,
              10.725517959000058
            ],
            [
              122.58245977400009,
              10.725804169000071
            ],
            [
              122.582544331,
              10.728781624000021
            ],
            [
              122.58861932100001,
              10.728165644000057
            ],
            [
              122.59810965200006,
              10.736416576000067
            ],
            [
              122.60023864100003,
              10.727565817000027
            ],
            [
              122.59055489500008,
              10.710164964000057
            ]
          ]
        ]
      }
    },
    {
      "type": "Feature",
      "properties": {
        "geo_id": "geo_ph_0059",
        "name": "Iloilo City",
        "psgc": "0631000000",
        "boundary_level": "huc",
        "component": "Jalandoni Estate-Lapuz",
        "source_correspondence_code": "063022000"
      },
      "geometry": {
        "type": "Polygon",
        "coordinates": [
          [
            [
              122.57538354400003,
              10.703995167000073
            ],
            [
              122.57705612300003,
              10.702605475000041
            ],
            [
              122.57767123300005,
              10.700629969000033
            ],
            [
              122.57596706900006,
              10.699963682000032
            ],
            [
              122.57448368500002,
              10.701831136000067
            ],
            [
              122.57398708000005,
              10.701835568000035
            ],
            [
              122.57324767300008,
              10.70483435400007
            ],
            [
              122.57538354400003,
              10.703995167000073
            ]
          ]
        ]
      }
    },
    {
      "type": "Feature",
      "properties": {
        "geo_id": "geo_ph_0059",
        "name": "Iloilo City",
        "psgc": "0631000000",
        "boundary_level": "huc",
        "component": "Jalandoni-Wilson",
        "source_correspondence_code": "063022000"
      },
      "geometry": {
        "type": "Polygon",
        "coordinates": [
          [
            [
              122.5616289190001,
              10.695565274000046
            ],
            [
              122.56160618500007,
              10.694211152000037
            ],
            [
              122.55883778500004,
              10.693326376000073
            ],
            [
              122.55989612000008,
              10.69638607500002
            ],
            [
              122.5616289190001,
              10.695565274000046
            ]
          ]
        ]
      }
    },
    {
      "type": "Feature",
      "properties": {
        "geo_id": "geo_ph_0059",
        "name": "Iloilo City",
        "psgc": "0631000000",
        "boundary_level": "huc",
        "component": "Delgado-Jalandoni-Bagumbayan",
        "source_correspondence_code": "063022000"
      },
      "geometry": {
        "type": "Polygon",
        "coordinates": [
          [
            [
              122.5616289190001,
              10.695565274000046
            ],
            [
              122.55989612000008,
              10.69638607500002
            ],
            [
              122.56021193400011,
              10.697076214000049
            ],
            [
              122.56165381400001,
              10.697239139000033
            ],
            [
              122.5616289190001,
              10.695565274000046
            ]
          ]
        ]
      }
    },
    {
      "type": "Feature",
      "properties": {
        "geo_id": "geo_ph_0059",
        "name": "Iloilo City",
        "psgc": "0631000000",
        "boundary_level": "huc",
        "component": "Javellana",
        "source_correspondence_code": "063022000"
      },
      "geometry": {
        "type": "Polygon",
        "coordinates": [
          [
            [
              122.56423238800005,
              10.718979650000051
            ],
            [
              122.56489521500009,
              10.717403655000055
            ],
            [
              122.56469920600011,
              10.71765275100006
            ],
            [
              122.56208893100006,
              10.716465992000053
            ],
            [
              122.56176346600012,
              10.71696825400005
            ],
            [
              122.56423238800005,
              10.718979650000051
            ]
          ]
        ]
      }
    },
    {
      "type": "Feature",
      "properties": {
        "geo_id": "geo_ph_0059",
        "name": "Iloilo City",
        "psgc": "0631000000",
        "boundary_level": "huc",
        "component": "Jereos",
        "source_correspondence_code": "063022000"
      },
      "geometry": {
        "type": "Polygon",
        "coordinates": [
          [
            [
              122.57117364300007,
              10.717790308000076
            ],
            [
              122.56925571700003,
              10.715177027000038
            ],
            [
              122.5663290550001,
              10.718749672000058
            ],
            [
              122.56686682800012,
              10.720261343000061
            ],
            [
              122.57117364300007,
              10.717790308000076
            ]
          ]
        ]
      }
    },
    {
      "type": "Feature",
      "properties": {
        "geo_id": "geo_ph_0059",
        "name": "Iloilo City",
        "psgc": "0631000000",
        "boundary_level": "huc",
        "component": "Calubihan",
        "source_correspondence_code": "063022000"
      },
      "geometry": {
        "type": "Polygon",
        "coordinates": [
          [
            [
              122.55358087400009,
              10.721148369000048
            ],
            [
              122.55325948000007,
              10.720703788000037
            ],
            [
              122.55028450300006,
              10.721351003000052
            ],
            [
              122.55152758400004,
              10.722240380000073
            ],
            [
              122.55358087400009,
              10.721148369000048
            ]
          ]
        ]
      }
    },
    {
      "type": "Feature",
      "properties": {
        "geo_id": "geo_ph_0059",
        "name": "Iloilo City",
        "psgc": "0631000000",
        "boundary_level": "huc",
        "component": "Kasingkasing",
        "source_correspondence_code": "063022000"
      },
      "geometry": {
        "type": "Polygon",
        "coordinates": [
          [
            [
              122.54893307100008,
              10.69419566700003
            ],
            [
              122.54742500200007,
              10.692662668000025
            ],
            [
              122.5455300650001,
              10.694473390000041
            ],
            [
              122.54820230100006,
              10.695892653000044
            ],
            [
              122.54893307100008,
              10.69419566700003
            ]
          ]
        ]
      }
    },
    {
      "type": "Feature",
      "properties": {
        "geo_id": "geo_ph_0059",
        "name": "Iloilo City",
        "psgc": "0631000000",
        "boundary_level": "huc",
        "component": "Katilingban",
        "source_correspondence_code": "063022000"
      },
      "geometry": {
        "type": "Polygon",
        "coordinates": [
          [
            [
              122.54480802600006,
              10.696292452000023
            ],
            [
              122.54476679000004,
              10.695322583000063
            ],
            [
              122.54203691300006,
              10.695591400000069
            ],
            [
              122.54332238300003,
              10.697361841000031
            ],
            [
              122.54406887200003,
              10.697761617000026
            ],
            [
              122.54480802600006,
              10.696292452000023
            ]
          ]
        ]
      }
    },
    {
      "type": "Feature",
      "properties": {
        "geo_id": "geo_ph_0059",
        "name": "Iloilo City",
        "psgc": "0631000000",
        "boundary_level": "huc",
        "component": "Kauswagan",
        "source_correspondence_code": "063022000"
      },
      "geometry": {
        "type": "Polygon",
        "coordinates": [
          [
            [
              122.56780687700007,
              10.693566021000038
            ],
            [
              122.56624560700004,
              10.693443881000064
            ],
            [
              122.56625771100005,
              10.695630391000066
            ],
            [
              122.56772191100004,
              10.696106838000048
            ],
            [
              122.56780687700007,
              10.693566021000038
            ]
          ]
        ]
      }
    },
    {
      "type": "Feature",
      "properties": {
        "geo_id": "geo_ph_0059",
        "name": "Iloilo City",
        "psgc": "0631000000",
        "boundary_level": "huc",
        "component": "Our Lady Of Fatima",
        "source_correspondence_code": "063022000"
      },
      "geometry": {
        "type": "Polygon",
        "coordinates": [
          [
            [
              122.56471317000012,
              10.720605707000061
            ],
            [
              122.56423238800005,
              10.718979650000051
            ],
            [
              122.56176346600012,
              10.71696825400005
            ],
            [
              122.5615551300001,
              10.71731184500004
            ],
            [
              122.55967274600005,
              10.720189927000035
            ],
            [
              122.55904336600008,
              10.721144794000054
            ],
            [
              122.560113279,
              10.721963646000063
            ],
            [
              122.56119416500007,
              10.723190356000032
            ],
            [
              122.56471317000012,
              10.720605707000061
            ]
          ]
        ]
      }
    },
    {
      "type": "Feature",
      "properties": {
        "geo_id": "geo_ph_0059",
        "name": "Iloilo City",
        "psgc": "0631000000",
        "boundary_level": "huc",
        "component": "Laguda",
        "source_correspondence_code": "063022000"
      },
      "geometry": {
        "type": "Polygon",
        "coordinates": [
          [
            [
              122.5677251620001,
              10.708423122000056
            ],
            [
              122.56886183600011,
              10.70594989600005
            ],
            [
              122.56757472400011,
              10.705790050000076
            ],
            [
              122.56659045300012,
              10.709142962000044
            ],
            [
              122.56652391700004,
              10.70939244300007
            ],
            [
              122.5677251620001,
              10.708423122000056
            ]
          ]
        ]
      }
    },
    {
      "type": "Feature",
      "properties": {
        "geo_id": "geo_ph_0059",
        "name": "Iloilo City",
        "psgc": "0631000000",
        "boundary_level": "huc",
        "component": "Lanit",
        "source_correspondence_code": "063022000"
      },
      "geometry": {
        "type": "Polygon",
        "coordinates": [
          [
            [
              122.57595897700003,
              10.778009998000073
            ],
            [
              122.573194295,
              10.773159715000077
            ],
            [
              122.5711004640001,
              10.764446478000025
            ],
            [
              122.56413776000011,
              10.759250958000052
            ],
            [
              122.56206207900004,
              10.759944836000045
            ],
            [
              122.55893537700001,
              10.76043244400006
            ],
            [
              122.56614833200001,
              10.783204043000069
            ],
            [
              122.57595897700003,
              10.778009998000073
            ]
          ]
        ]
      }
    },
    {
      "type": "Feature",
      "properties": {
        "geo_id": "geo_ph_0059",
        "name": "Iloilo City",
        "psgc": "0631000000",
        "boundary_level": "huc",
        "component": "Lapuz Norte",
        "source_correspondence_code": "063022000"
      },
      "geometry": {
        "type": "Polygon",
        "coordinates": [
          [
            [
              122.58006837800008,
              10.70372121500003
            ],
            [
              122.58213576300011,
              10.699750375000065
            ],
            [
              122.58216138000012,
              10.698311262000061
            ],
            [
              122.58571680600005,
              10.694348685000023
            ],
            [
              122.58456057100011,
              10.692854668000052
            ],
            [
              122.5799477810001,
              10.696777944000075
            ],
            [
              122.5791368570001,
              10.698770258000025
            ],
            [
              122.57767123300005,
              10.700629969000033
            ],
            [
              122.57705612300003,
              10.702605475000041
            ],
            [
              122.58006837800008,
              10.70372121500003
            ]
          ]
        ]
      }
    },
    {
      "type": "Feature",
      "properties": {
        "geo_id": "geo_ph_0059",
        "name": "Iloilo City",
        "psgc": "0631000000",
        "boundary_level": "huc",
        "component": "Lapuz Sur",
        "source_correspondence_code": "063022000"
      },
      "geometry": {
        "type": "Polygon",
        "coordinates": [
          [
            [
              122.57228998900007,
              10.705243385000074
            ],
            [
              122.57250604400008,
              10.705094417000055
            ],
            [
              122.57243981800002,
              10.701822673000038
            ],
            [
              122.57076132000009,
              10.700530750000041
            ],
            [
              122.56962461100011,
              10.705365221000022
            ],
            [
              122.57107945500002,
              10.706462380000062
            ],
            [
              122.57228998900007,
              10.705243385000074
            ]
          ]
        ]
      }
    },
    {
      "type": "Feature",
      "properties": {
        "geo_id": "geo_ph_0059",
        "name": "Iloilo City",
        "psgc": "0631000000",
        "boundary_level": "huc",
        "component": "Legaspi dela Rama",
        "source_correspondence_code": "063022000"
      },
      "geometry": {
        "type": "Polygon",
        "coordinates": [
          [
            [
              122.57767123300005,
              10.700629969000033
            ],
            [
              122.5791368570001,
              10.698770258000025
            ],
            [
              122.57714768700009,
              10.696936354000059
            ],
            [
              122.5751692550001,
              10.697434601000054
            ],
            [
              122.57579833000011,
              10.699428816000022
            ],
            [
              122.57596706900006,
              10.699963682000032
            ],
            [
              122.57767123300005,
              10.700629969000033
            ]
          ]
        ]
      }
    },
    {
      "type": "Feature",
      "properties": {
        "geo_id": "geo_ph_0059",
        "name": "Iloilo City",
        "psgc": "0631000000",
        "boundary_level": "huc",
        "component": "Liberation",
        "source_correspondence_code": "063022000"
      },
      "geometry": {
        "type": "Polygon",
        "coordinates": [
          [
            [
              122.56470054500005,
              10.695153945000072
            ],
            [
              122.56315499900006,
              10.694700741000077
            ],
            [
              122.56317557600005,
              10.697457463000035
            ],
            [
              122.56470374300011,
              10.697676706000038
            ],
            [
              122.56470054500005,
              10.695153945000072
            ]
          ]
        ]
      }
    },
    {
      "type": "Feature",
      "properties": {
        "geo_id": "geo_ph_0059",
        "name": "Iloilo City",
        "psgc": "0631000000",
        "boundary_level": "huc",
        "component": "Libertad, Santa Isabel",
        "source_correspondence_code": "063022000"
      },
      "geometry": {
        "type": "Polygon",
        "coordinates": [
          [
            [
              122.55647465200002,
              10.725035296000044
            ],
            [
              122.55615844300007,
              10.724599118000071
            ],
            [
              122.55546181200009,
              10.723601024000061
            ],
            [
              122.55419686100004,
              10.724474391000058
            ],
            [
              122.55494301300007,
              10.726458593000075
            ],
            [
              122.55647465200002,
              10.725035296000044
            ]
          ]
        ]
      }
    },
    {
      "type": "Feature",
      "properties": {
        "geo_id": "geo_ph_0059",
        "name": "Iloilo City",
        "psgc": "0631000000",
        "boundary_level": "huc",
        "component": "Libertad-Lapuz",
        "source_correspondence_code": "063022000"
      },
      "geometry": {
        "type": "Polygon",
        "coordinates": [
          [
            [
              122.57596706900006,
              10.699963682000032
            ],
            [
              122.57579833000011,
              10.699428816000022
            ],
            [
              122.57448368500002,
              10.701831136000067
            ],
            [
              122.57596706900006,
              10.699963682000032
            ]
          ]
        ]
      }
    },
    {
      "type": "Feature",
      "properties": {
        "geo_id": "geo_ph_0059",
        "name": "Iloilo City",
        "psgc": "0631000000",
        "boundary_level": "huc",
        "component": "Lopez Jaena (Jaro)",
        "source_correspondence_code": "063022000"
      },
      "geometry": {
        "type": "Polygon",
        "coordinates": [
          [
            [
              122.5532158310001,
              10.732055880000075
            ],
            [
              122.55403414700004,
              10.729957461000026
            ],
            [
              122.5535642640001,
              10.729447924000056
            ],
            [
              122.55114870700004,
              10.729904
            ],
            [
              122.55250884300006,
              10.732350972000063
            ],
            [
              122.5532158310001,
              10.732055880000075
            ]
          ]
        ]
      }
    },
    {
      "type": "Feature",
      "properties": {
        "geo_id": "geo_ph_0059",
        "name": "Iloilo City",
        "psgc": "0631000000",
        "boundary_level": "huc",
        "component": "Loboc-Lapuz",
        "source_correspondence_code": "063022000"
      },
      "geometry": {
        "type": "Polygon",
        "coordinates": [
          [
            [
              122.58410763400002,
              10.713624272000061
            ],
            [
              122.59055489500008,
              10.710164964000057
            ],
            [
              122.58808936900004,
              10.701986098000077
            ],
            [
              122.58786377600006,
              10.701871555000025
            ],
            [
              122.58213576300011,
              10.699750375000065
            ],
            [
              122.58006837800008,
              10.70372121500003
            ],
            [
              122.57808313100008,
              10.709619703000044
            ],
            [
              122.58410763400002,
              10.713624272000061
            ]
          ]
        ]
      }
    },
    {
      "type": "Feature",
      "properties": {
        "geo_id": "geo_ph_0059",
        "name": "Iloilo City",
        "psgc": "0631000000",
        "boundary_level": "huc",
        "component": "Lopez Jaena Norte",
        "source_correspondence_code": "063022000"
      },
      "geometry": {
        "type": "Polygon",
        "coordinates": [
          [
            [
              122.57541032300003,
              10.714325489000032
            ],
            [
              122.57183140300003,
              10.71161042700004
            ],
            [
              122.57180500900006,
              10.711590268000066
            ],
            [
              122.57065018900005,
              10.713194302000034
            ],
            [
              122.57265476200007,
              10.716266446000077
            ],
            [
              122.57541032300003,
              10.714325489000032
            ]
          ]
        ]
      }
    },
    {
      "type": "Feature",
      "properties": {
        "geo_id": "geo_ph_0059",
        "name": "Iloilo City",
        "psgc": "0631000000",
        "boundary_level": "huc",
        "component": "Lopez Jaena Sur",
        "source_correspondence_code": "063022000"
      },
      "geometry": {
        "type": "Polygon",
        "coordinates": [
          [
            [
              122.57759718400007,
              10.710018294000065
            ],
            [
              122.57643507000012,
              10.708466265000027
            ],
            [
              122.57436626900005,
              10.708426004000046
            ],
            [
              122.57183140300003,
              10.71161042700004
            ],
            [
              122.57541032300003,
              10.714325489000032
            ],
            [
              122.57759718400007,
              10.710018294000065
            ]
          ]
        ]
      }
    },
    {
      "type": "Feature",
      "properties": {
        "geo_id": "geo_ph_0059",
        "name": "Iloilo City",
        "psgc": "0631000000",
        "boundary_level": "huc",
        "component": "Luna (Jaro)",
        "source_correspondence_code": "063022000"
      },
      "geometry": {
        "type": "Polygon",
        "coordinates": [
          [
            [
              122.560113279,
              10.721963646000063
            ],
            [
              122.55904336600008,
              10.721144794000054
            ],
            [
              122.55757824700004,
              10.72319893100007
            ],
            [
              122.55752603300004,
              10.723268731000076
            ],
            [
              122.560113279,
              10.721963646000063
            ]
          ]
        ]
      }
    },
    {
      "type": "Feature",
      "properties": {
        "geo_id": "geo_ph_0059",
        "name": "Iloilo City",
        "psgc": "0631000000",
        "boundary_level": "huc",
        "component": "M. V. Hechanova",
        "source_correspondence_code": "063022000"
      },
      "geometry": {
        "type": "Polygon",
        "coordinates": [
          [
            [
              122.56974129100001,
              10.74391587100007
            ],
            [
              122.56809577700005,
              10.741462421000051
            ],
            [
              122.55842650000011,
              10.74740014200006
            ],
            [
              122.55913115900012,
              10.75361288800002
            ],
            [
              122.56974129100001,
              10.74391587100007
            ]
          ]
        ]
      }
    },
    {
      "type": "Feature",
      "properties": {
        "geo_id": "geo_ph_0059",
        "name": "Iloilo City",
        "psgc": "0631000000",
        "boundary_level": "huc",
        "component": "Burgos-Mabini-Plaza",
        "source_correspondence_code": "063022000"
      },
      "geometry": {
        "type": "Polygon",
        "coordinates": [
          [
            [
              122.56925571700003,
              10.715177027000038
            ],
            [
              122.57065018900005,
              10.713194302000034
            ],
            [
              122.57180500900006,
              10.711590268000066
            ],
            [
              122.57028903900004,
              10.710474284000043
            ],
            [
              122.56944673300006,
              10.70980177000007
            ],
            [
              122.56754559600006,
              10.712156312000047
            ],
            [
              122.56500440200011,
              10.717442851000044
            ],
            [
              122.5663290550001,
              10.718749672000058
            ],
            [
              122.56925571700003,
              10.715177027000038
            ]
          ]
        ]
      }
    },
    {
      "type": "Feature",
      "properties": {
        "geo_id": "geo_ph_0059",
        "name": "Iloilo City",
        "psgc": "0631000000",
        "boundary_level": "huc",
        "component": "Macarthur",
        "source_correspondence_code": "063022000"
      },
      "geometry": {
        "type": "Polygon",
        "coordinates": [
          [
            [
              122.57146341700002,
              10.70713226600003
            ],
            [
              122.56878735600003,
              10.709286389000056
            ],
            [
              122.56944673300006,
              10.70980177000007
            ],
            [
              122.57028903900004,
              10.710474284000043
            ],
            [
              122.57146341700002,
              10.70713226600003
            ]
          ]
        ]
      }
    },
    {
      "type": "Feature",
      "properties": {
        "geo_id": "geo_ph_0059",
        "name": "Iloilo City",
        "psgc": "0631000000",
        "boundary_level": "huc",
        "component": "Magdalo",
        "source_correspondence_code": "063022000"
      },
      "geometry": {
        "type": "Polygon",
        "coordinates": [
          [
            [
              122.56754559600006,
              10.712156312000047
            ],
            [
              122.56705095200005,
              10.710750534000056
            ],
            [
              122.56490957300002,
              10.717367891000038
            ],
            [
              122.56500440200011,
              10.717442851000044
            ],
            [
              122.56754559600006,
              10.712156312000047
            ]
          ]
        ]
      }
    },
    {
      "type": "Feature",
      "properties": {
        "geo_id": "geo_ph_0059",
        "name": "Iloilo City",
        "psgc": "0631000000",
        "boundary_level": "huc",
        "component": "Magsaysay",
        "source_correspondence_code": "063022000"
      },
      "geometry": {
        "type": "Polygon",
        "coordinates": [
          [
            [
              122.569562087,
              10.695921017000046
            ],
            [
              122.5704373850001,
              10.694799811000053
            ],
            [
              122.56780687700007,
              10.693566021000038
            ],
            [
              122.56772191100004,
              10.696106838000048
            ],
            [
              122.56901482400008,
              10.696540379000055
            ],
            [
              122.569562087,
              10.695921017000046
            ]
          ]
        ]
      }
    },
    {
      "type": "Feature",
      "properties": {
        "geo_id": "geo_ph_0059",
        "name": "Iloilo City",
        "psgc": "0631000000",
        "boundary_level": "huc",
        "component": "Magsaysay Village",
        "source_correspondence_code": "063022000"
      },
      "geometry": {
        "type": "Polygon",
        "coordinates": [
          [
            [
              122.56524325100008,
              10.711424372000067
            ],
            [
              122.56216373000007,
              10.708831323000027
            ],
            [
              122.55925023300006,
              10.710339758000032
            ],
            [
              122.55912458000012,
              10.712161184000024
            ],
            [
              122.56275362200006,
              10.715404242000034
            ],
            [
              122.56524325100008,
              10.711424372000067
            ]
          ]
        ]
      }
    },
    {
      "type": "Feature",
      "properties": {
        "geo_id": "geo_ph_0059",
        "name": "Iloilo City",
        "psgc": "0631000000",
        "boundary_level": "huc",
        "component": "Malipayon-Delgado",
        "source_correspondence_code": "063022000"
      },
      "geometry": {
        "type": "Polygon",
        "coordinates": [
          [
            [
              122.55989612000008,
              10.69638607500002
            ],
            [
              122.55751214700001,
              10.694903379000039
            ],
            [
              122.55761363700003,
              10.695680540000069
            ],
            [
              122.55885849200001,
              10.696951609000052
            ],
            [
              122.56021193400011,
              10.697076214000049
            ],
            [
              122.55989612000008,
              10.69638607500002
            ]
          ]
        ]
      }
    },
    {
      "type": "Feature",
      "properties": {
        "geo_id": "geo_ph_0059",
        "name": "Iloilo City",
        "psgc": "0631000000",
        "boundary_level": "huc",
        "component": "Mansaya-Lapuz",
        "source_correspondence_code": "063022000"
      },
      "geometry": {
        "type": "Polygon",
        "coordinates": [
          [
            [
              122.58786377600006,
              10.701871555000025
            ],
            [
              122.58216138000012,
              10.698311262000061
            ],
            [
              122.58213576300011,
              10.699750375000065
            ],
            [
              122.58786377600006,
              10.701871555000025
            ]
          ]
        ]
      }
    },
    {
      "type": "Feature",
      "properties": {
        "geo_id": "geo_ph_0059",
        "name": "Iloilo City",
        "psgc": "0631000000",
        "boundary_level": "huc",
        "component": "Marcelo H. del Pilar",
        "source_correspondence_code": "063022000"
      },
      "geometry": {
        "type": "Polygon",
        "coordinates": [
          [
            [
              122.5656236000001,
              10.72187027800004
            ],
            [
              122.56471317000012,
              10.720605707000061
            ],
            [
              122.56119416500007,
              10.723190356000032
            ],
            [
              122.56204940600003,
              10.724264634000065
            ],
            [
              122.56468324700006,
              10.728144945000054
            ],
            [
              122.5656236000001,
              10.72187027800004
            ]
          ]
        ]
      }
    },
    {
      "type": "Feature",
      "properties": {
        "geo_id": "geo_ph_0059",
        "name": "Iloilo City",
        "psgc": "0631000000",
        "boundary_level": "huc",
        "component": "Maria Clara",
        "source_correspondence_code": "063022000"
      },
      "geometry": {
        "type": "Polygon",
        "coordinates": [
          [
            [
              122.571595752,
              10.693529343000023
            ],
            [
              122.5704419220001,
              10.69047715000005
            ],
            [
              122.56790796900009,
              10.690945260000035
            ],
            [
              122.56809991700004,
              10.691944225000043
            ],
            [
              122.5709698600001,
              10.693931035000048
            ],
            [
              122.571595752,
              10.693529343000023
            ]
          ]
        ]
      }
    },
    {
      "type": "Feature",
      "properties": {
        "geo_id": "geo_ph_0059",
        "name": "Iloilo City",
        "psgc": "0631000000",
        "boundary_level": "huc",
        "component": "Maria Cristina",
        "source_correspondence_code": "063022000"
      },
      "geometry": {
        "type": "Polygon",
        "coordinates": [
          [
            [
              122.55682126800002,
              10.72888247800006
            ],
            [
              122.55551469800002,
              10.727546870000026
            ],
            [
              122.5535642640001,
              10.729447924000056
            ],
            [
              122.55403414700004,
              10.729957461000026
            ],
            [
              122.55537158700008,
              10.730502045000037
            ],
            [
              122.55682126800002,
              10.72888247800006
            ]
          ]
        ]
      }
    },
    {
      "type": "Feature",
      "properties": {
        "geo_id": "geo_ph_0059",
        "name": "Iloilo City",
        "psgc": "0631000000",
        "boundary_level": "huc",
        "component": "Mohon",
        "source_correspondence_code": "063022000"
      },
      "geometry": {
        "type": "Polygon",
        "coordinates": [
          [
            [
              122.50274055600005,
              10.693461568000032
            ],
            [
              122.50240749500006,
              10.691525494000075
            ],
            [
              122.49834135200001,
              10.690985111000032
            ],
            [
              122.50274055600005,
              10.693461568000032
            ]
          ]
        ]
      }
    },
    {
      "type": "Feature",
      "properties": {
        "geo_id": "geo_ph_0059",
        "name": "Iloilo City",
        "psgc": "0631000000",
        "boundary_level": "huc",
        "component": "Montinola",
        "source_correspondence_code": "063022000"
      },
      "geometry": {
        "type": "Polygon",
        "coordinates": [
          [
            [
              122.56176346600012,
              10.71696825400005
            ],
            [
              122.56208893100006,
              10.716465992000053
            ],
            [
              122.56264744700002,
              10.715565938000054
            ],
            [
              122.56275362200006,
              10.715404242000034
            ],
            [
              122.55912458000012,
              10.712161184000024
            ],
            [
              122.55734554900005,
              10.712873276000039
            ],
            [
              122.5615551300001,
              10.71731184500004
            ],
            [
              122.56176346600012,
              10.71696825400005
            ]
          ]
        ]
      }
    },
    {
      "type": "Feature",
      "properties": {
        "geo_id": "geo_ph_0059",
        "name": "Iloilo City",
        "psgc": "0631000000",
        "boundary_level": "huc",
        "component": "Muelle Loney-Montes",
        "source_correspondence_code": "063022000"
      },
      "geometry": {
        "type": "Polygon",
        "coordinates": [
          [
            [
              122.57714768700009,
              10.696936354000059
            ],
            [
              122.57655108900008,
              10.696336948000067
            ],
            [
              122.57282885200004,
              10.692707276000021
            ],
            [
              122.5719694180001,
              10.69331448500003
            ],
            [
              122.57295872500003,
              10.694957229000067
            ],
            [
              122.5751692550001,
              10.697434601000054
            ],
            [
              122.57714768700009,
              10.696936354000059
            ]
          ]
        ]
      }
    },
    {
      "type": "Feature",
      "properties": {
        "geo_id": "geo_ph_0059",
        "name": "Iloilo City",
        "psgc": "0631000000",
        "boundary_level": "huc",
        "component": "Nabitasan",
        "source_correspondence_code": "063022000"
      },
      "geometry": {
        "type": "Polygon",
        "coordinates": [
          [
            [
              122.55925023300006,
              10.710339758000032
            ],
            [
              122.56216373000007,
              10.708831323000027
            ],
            [
              122.56394387000012,
              10.70669876200003
            ],
            [
              122.56538698500003,
              10.704387962000055
            ],
            [
              122.56429758400009,
              10.70362486700003
            ],
            [
              122.56164879200003,
              10.701626136000073
            ],
            [
              122.55435561100012,
              10.701829161000035
            ],
            [
              122.55629328100008,
              10.709953127000063
            ],
            [
              122.55925023300006,
              10.710339758000032
            ]
          ]
        ]
      }
    },
    {
      "type": "Feature",
      "properties": {
        "geo_id": "geo_ph_0059",
        "name": "Iloilo City",
        "psgc": "0631000000",
        "boundary_level": "huc",
        "component": "Navais",
        "source_correspondence_code": "063022000"
      },
      "geometry": {
        "type": "Polygon",
        "coordinates": [
          [
            [
              122.54078401200002,
              10.703386580000029
            ],
            [
              122.54066289900004,
              10.700451900000076
            ],
            [
              122.53900549100001,
              10.700550725000028
            ],
            [
              122.53459544300006,
              10.69980077200006
            ],
            [
              122.52938913700007,
              10.698235325000041
            ],
            [
              122.52750836700011,
              10.704856143000029
            ],
            [
              122.53352837300008,
              10.711138763000065
            ],
            [
              122.53646551600002,
              10.712262095000028
            ],
            [
              122.54078401200002,
              10.703386580000029
            ]
          ]
        ]
      }
    },
    {
      "type": "Feature",
      "properties": {
        "geo_id": "geo_ph_0059",
        "name": "Iloilo City",
        "psgc": "0631000000",
        "boundary_level": "huc",
        "component": "Nonoy",
        "source_correspondence_code": "063022000"
      },
      "geometry": {
        "type": "Polygon",
        "coordinates": [
          [
            [
              122.5709698600001,
              10.693931035000048
            ],
            [
              122.56809991700004,
              10.691944225000043
            ],
            [
              122.56624163800006,
              10.692186350000043
            ],
            [
              122.56624560700004,
              10.693443881000064
            ],
            [
              122.56780687700007,
              10.693566021000038
            ],
            [
              122.5704373850001,
              10.694799811000053
            ],
            [
              122.5709698600001,
              10.693931035000048
            ]
          ]
        ]
      }
    },
    {
      "type": "Feature",
      "properties": {
        "geo_id": "geo_ph_0059",
        "name": "Iloilo City",
        "psgc": "0631000000",
        "boundary_level": "huc",
        "component": "North Fundidor",
        "source_correspondence_code": "063022000"
      },
      "geometry": {
        "type": "Polygon",
        "coordinates": [
          [
            [
              122.53868954100005,
              10.69461087700006
            ],
            [
              122.5390140510001,
              10.694076512000038
            ],
            [
              122.53955788200005,
              10.69117073600006
            ],
            [
              122.53500165500009,
              10.688764802000037
            ],
            [
              122.52938913700007,
              10.698235325000041
            ],
            [
              122.53459544300006,
              10.69980077200006
            ],
            [
              122.53868954100005,
              10.69461087700006
            ]
          ]
        ]
      }
    },
    {
      "type": "Feature",
      "properties": {
        "geo_id": "geo_ph_0059",
        "name": "Iloilo City",
        "psgc": "0631000000",
        "boundary_level": "huc",
        "component": "North Baluarte",
        "source_correspondence_code": "063022000"
      },
      "geometry": {
        "type": "Polygon",
        "coordinates": [
          [
            [
              122.55398731900004,
              10.68931970400007
            ],
            [
              122.5530729080001,
              10.689318397000022
            ],
            [
              122.55103182800008,
              10.69228858100007
            ],
            [
              122.55175013900009,
              10.69229966000006
            ],
            [
              122.55218822200004,
              10.692330921000064
            ],
            [
              122.55546312900003,
              10.692961740000044
            ],
            [
              122.55398731900004,
              10.68931970400007
            ]
          ]
        ]
      }
    },
    {
      "type": "Feature",
      "properties": {
        "geo_id": "geo_ph_0059",
        "name": "Iloilo City",
        "psgc": "0631000000",
        "boundary_level": "huc",
        "component": "North San Jose",
        "source_correspondence_code": "063022000"
      },
      "geometry": {
        "type": "Polygon",
        "coordinates": [
          [
            [
              122.54066289900004,
              10.700451900000076
            ],
            [
              122.54237144400008,
              10.700158977000058
            ],
            [
              122.54303461800009,
              10.697850912000035
            ],
            [
              122.54045690700002,
              10.696409495000069
            ],
            [
              122.53900549100001,
              10.700550725000028
            ],
            [
              122.54066289900004,
              10.700451900000076
            ]
          ]
        ]
      }
    },
    {
      "type": "Feature",
      "properties": {
        "geo_id": "geo_ph_0059",
        "name": "Iloilo City",
        "psgc": "0631000000",
        "boundary_level": "huc",
        "component": "Oñate de Leon",
        "source_correspondence_code": "063022000"
      },
      "geometry": {
        "type": "Polygon",
        "coordinates": [
          [
            [
              122.53579496300006,
              10.717787050000027
            ],
            [
              122.53744913700007,
              10.717547943000056
            ],
            [
              122.53888799300012,
              10.715905491000058
            ],
            [
              122.53646551600002,
              10.712262095000028
            ],
            [
              122.53352837300008,
              10.711138763000065
            ],
            [
              122.53065540600005,
              10.717228459000069
            ],
            [
              122.53579496300006,
              10.717787050000027
            ]
          ]
        ]
      }
    },
    {
      "type": "Feature",
      "properties": {
        "geo_id": "geo_ph_0059",
        "name": "Iloilo City",
        "psgc": "0631000000",
        "boundary_level": "huc",
        "component": "Obrero-Lapuz",
        "source_correspondence_code": "063022000"
      },
      "geometry": {
        "type": "Polygon",
        "coordinates": [
          [
            [
              122.58571680600005,
              10.694348685000023
            ],
            [
              122.58216138000012,
              10.698311262000061
            ],
            [
              122.58786377600006,
              10.701871555000025
            ],
            [
              122.58808936900004,
              10.701986098000077
            ],
            [
              122.58571680600005,
              10.694348685000023
            ]
          ]
        ]
      }
    },
    {
      "type": "Feature",
      "properties": {
        "geo_id": "geo_ph_0059",
        "name": "Iloilo City",
        "psgc": "0631000000",
        "boundary_level": "huc",
        "component": "Osmeña",
        "source_correspondence_code": "063022000"
      },
      "geometry": {
        "type": "Polygon",
        "coordinates": [
          [
            [
              122.56624163800006,
              10.692186350000043
            ],
            [
              122.56624031100012,
              10.691761488000054
            ],
            [
              122.5653430100001,
              10.691742590000047
            ],
            [
              122.56464640000002,
              10.691864443000043
            ],
            [
              122.56464342100003,
              10.693323467000027
            ],
            [
              122.56624560700004,
              10.693443881000064
            ],
            [
              122.56624163800006,
              10.692186350000043
            ]
          ]
        ]
      }
    },
    {
      "type": "Feature",
      "properties": {
        "geo_id": "geo_ph_0059",
        "name": "Iloilo City",
        "psgc": "0631000000",
        "boundary_level": "huc",
        "component": "Our Lady Of Lourdes",
        "source_correspondence_code": "063022000"
      },
      "geometry": {
        "type": "Polygon",
        "coordinates": [
          [
            [
              122.5615551300001,
              10.71731184500004
            ],
            [
              122.55734554900005,
              10.712873276000039
            ],
            [
              122.55550452600005,
              10.715284436000047
            ],
            [
              122.55672279900011,
              10.716717161000076
            ],
            [
              122.55967274600005,
              10.720189927000035
            ],
            [
              122.5615551300001,
              10.71731184500004
            ]
          ]
        ]
      }
    },
    {
      "type": "Feature",
      "properties": {
        "geo_id": "geo_ph_0059",
        "name": "Iloilo City",
        "psgc": "0631000000",
        "boundary_level": "huc",
        "component": "Rizal Palapala I",
        "source_correspondence_code": "063022000"
      },
      "geometry": {
        "type": "Polygon",
        "coordinates": [
          [
            [
              122.56289574300001,
              10.691217326000071
            ],
            [
              122.56141974600007,
              10.69135366100005
            ],
            [
              122.56155740500003,
              10.69255441100006
            ],
            [
              122.56159666500002,
              10.69254498500004
            ],
            [
              122.56307975600009,
              10.692184730000065
            ],
            [
              122.56289574300001,
              10.691217326000071
            ]
          ]
        ]
      }
    },
    {
      "type": "Feature",
      "properties": {
        "geo_id": "geo_ph_0059",
        "name": "Iloilo City",
        "psgc": "0631000000",
        "boundary_level": "huc",
        "component": "Rizal Palapala II",
        "source_correspondence_code": "063022000"
      },
      "geometry": {
        "type": "Polygon",
        "coordinates": [
          [
            [
              122.56464640000002,
              10.691864443000043
            ],
            [
              122.5653430100001,
              10.691742590000047
            ],
            [
              122.56529743100009,
              10.690744213000073
            ],
            [
              122.56295625200005,
              10.691134782000063
            ],
            [
              122.56292850000011,
              10.691145061000043
            ],
            [
              122.56289574300001,
              10.691217326000071
            ],
            [
              122.56307975600009,
              10.692184730000065
            ],
            [
              122.56464640000002,
              10.691864443000043
            ]
          ]
        ]
      }
    },
    {
      "type": "Feature",
      "properties": {
        "geo_id": "geo_ph_0059",
        "name": "Iloilo City",
        "psgc": "0631000000",
        "boundary_level": "huc",
        "component": "PHHC Block 17",
        "source_correspondence_code": "063022000"
      },
      "geometry": {
        "type": "Polygon",
        "coordinates": [
          [
            [
              122.54328830200006,
              10.725231007000048
            ],
            [
              122.538035938,
              10.72019096200006
            ],
            [
              122.53961289000006,
              10.72386423200004
            ],
            [
              122.54217618400003,
              10.726922625000043
            ],
            [
              122.54328830200006,
              10.725231007000048
            ]
          ]
        ]
      }
    },
    {
      "type": "Feature",
      "properties": {
        "geo_id": "geo_ph_0059",
        "name": "Iloilo City",
        "psgc": "0631000000",
        "boundary_level": "huc",
        "component": "PHHC Block 22 NHA",
        "source_correspondence_code": "063022000"
      },
      "geometry": {
        "type": "Polygon",
        "coordinates": [
          [
            [
              122.54440388700004,
              10.721969577000038
            ],
            [
              122.53851357100007,
              10.719858849000047
            ],
            [
              122.538035938,
              10.72019096200006
            ],
            [
              122.54328830200006,
              10.725231007000048
            ],
            [
              122.54440388700004,
              10.721969577000038
            ]
          ]
        ]
      }
    },
    {
      "type": "Feature",
      "properties": {
        "geo_id": "geo_ph_0059",
        "name": "Iloilo City",
        "psgc": "0631000000",
        "boundary_level": "huc",
        "component": "Poblacion Molo",
        "source_correspondence_code": "063022000"
      },
      "geometry": {
        "type": "Polygon",
        "coordinates": [
          [
            [
              122.54807673700009,
              10.696196507000025
            ],
            [
              122.54820230100006,
              10.695892653000044
            ],
            [
              122.5455300650001,
              10.694473390000041
            ],
            [
              122.54476679000004,
              10.695322583000063
            ],
            [
              122.54480802600006,
              10.696292452000023
            ],
            [
              122.54717658900006,
              10.697670836000043
            ],
            [
              122.54807673700009,
              10.696196507000025
            ]
          ]
        ]
      }
    },
    {
      "type": "Feature",
      "properties": {
        "geo_id": "geo_ph_0059",
        "name": "Iloilo City",
        "psgc": "0631000000",
        "boundary_level": "huc",
        "component": "President Roxas",
        "source_correspondence_code": "063022000"
      },
      "geometry": {
        "type": "Polygon",
        "coordinates": [
          [
            [
              122.56886183600011,
              10.70594989600005
            ],
            [
              122.56962461100011,
              10.705365221000022
            ],
            [
              122.57076132000009,
              10.700530750000041
            ],
            [
              122.57130906900011,
              10.69803151700006
            ],
            [
              122.56899666100003,
              10.69780740400006
            ],
            [
              122.56757472400011,
              10.705790050000076
            ],
            [
              122.56886183600011,
              10.70594989600005
            ]
          ]
        ]
      }
    },
    {
      "type": "Feature",
      "properties": {
        "geo_id": "geo_ph_0059",
        "name": "Iloilo City",
        "psgc": "0631000000",
        "boundary_level": "huc",
        "component": "Progreso-Lapuz",
        "source_correspondence_code": "063022000"
      },
      "geometry": {
        "type": "Polygon",
        "coordinates": [
          [
            [
              122.57398708000005,
              10.701835568000035
            ],
            [
              122.57448368500002,
              10.701831136000067
            ],
            [
              122.57579833000011,
              10.699428816000022
            ],
            [
              122.5751692550001,
              10.697434601000054
            ],
            [
              122.57295872500003,
              10.694957229000067
            ],
            [
              122.57147402700002,
              10.697316786000044
            ],
            [
              122.57130906900011,
              10.69803151700006
            ],
            [
              122.57076132000009,
              10.700530750000041
            ],
            [
              122.57243981800002,
              10.701822673000038
            ],
            [
              122.57398708000005,
              10.701835568000035
            ]
          ]
        ]
      }
    },
    {
      "type": "Feature",
      "properties": {
        "geo_id": "geo_ph_0059",
        "name": "Iloilo City",
        "psgc": "0631000000",
        "boundary_level": "huc",
        "component": "Punong-Lapuz",
        "source_correspondence_code": "063022000"
      },
      "geometry": {
        "type": "Polygon",
        "coordinates": [
          [
            [
              122.57324767300008,
              10.70483435400007
            ],
            [
              122.57398708000005,
              10.701835568000035
            ],
            [
              122.57243981800002,
              10.701822673000038
            ],
            [
              122.57250604400008,
              10.705094417000055
            ],
            [
              122.57324767300008,
              10.70483435400007
            ]
          ]
        ]
      }
    },
    {
      "type": "Feature",
      "properties": {
        "geo_id": "geo_ph_0059",
        "name": "Iloilo City",
        "psgc": "0631000000",
        "boundary_level": "huc",
        "component": "Quezon",
        "source_correspondence_code": "063022000"
      },
      "geometry": {
        "type": "Polygon",
        "coordinates": [
          [
            [
              122.52216567200003,
              10.685075271000073
            ],
            [
              122.51671610300002,
              10.68615412500003
            ],
            [
              122.51647197200009,
              10.687652542000023
            ],
            [
              122.52140388400005,
              10.688108722000038
            ],
            [
              122.52216567200003,
              10.685075271000073
            ]
          ]
        ]
      }
    },
    {
      "type": "Feature",
      "properties": {
        "geo_id": "geo_ph_0059",
        "name": "Iloilo City",
        "psgc": "0631000000",
        "boundary_level": "huc",
        "component": "Quintin Salas",
        "source_correspondence_code": "063022000"
      },
      "geometry": {
        "type": "Polygon",
        "coordinates": [
          [
            [
              122.56809577700005,
              10.741462421000051
            ],
            [
              122.56425599600004,
              10.735186984000052
            ],
            [
              122.56095386700008,
              10.735729024000022
            ],
            [
              122.55704959000002,
              10.74124846500007
            ],
            [
              122.55842650000011,
              10.74740014200006
            ],
            [
              122.56809577700005,
              10.741462421000051
            ]
          ]
        ]
      }
    },
    {
      "type": "Feature",
      "properties": {
        "geo_id": "geo_ph_0059",
        "name": "Iloilo City",
        "psgc": "0631000000",
        "boundary_level": "huc",
        "component": "Rizal Estanzuela",
        "source_correspondence_code": "063022000"
      },
      "geometry": {
        "type": "Polygon",
        "coordinates": [
          [
            [
              122.56155740500003,
              10.69255441100006
            ],
            [
              122.56141974600007,
              10.69135366100005
            ],
            [
              122.56107547700003,
              10.691272764000075
            ],
            [
              122.56107362600005,
              10.691261849000057
            ],
            [
              122.56108351800003,
              10.691133241000045
            ],
            [
              122.56108733300005,
              10.691083646000038
            ],
            [
              122.56105904600008,
              10.691069668000068
            ],
            [
              122.55953368500002,
              10.691380895000066
            ],
            [
              122.55959095500009,
              10.69302566600004
            ],
            [
              122.56155740500003,
              10.69255441100006
            ]
          ]
        ]
      }
    },
    {
      "type": "Feature",
      "properties": {
        "geo_id": "geo_ph_0059",
        "name": "Iloilo City",
        "psgc": "0631000000",
        "boundary_level": "huc",
        "component": "Rizal Ibarra",
        "source_correspondence_code": "063022000"
      },
      "geometry": {
        "type": "Polygon",
        "coordinates": [
          [
            [
              122.56809991700004,
              10.691944225000043
            ],
            [
              122.56790796900009,
              10.690945260000035
            ],
            [
              122.5663852780001,
              10.69095629700007
            ],
            [
              122.56624031100012,
              10.691761488000054
            ],
            [
              122.56624163800006,
              10.692186350000043
            ],
            [
              122.56809991700004,
              10.691944225000043
            ]
          ]
        ]
      }
    },
    {
      "type": "Feature",
      "properties": {
        "geo_id": "geo_ph_0059",
        "name": "Iloilo City",
        "psgc": "0631000000",
        "boundary_level": "huc",
        "component": "Railway",
        "source_correspondence_code": "063022000"
      },
      "geometry": {
        "type": "Polygon",
        "coordinates": [
          [
            [
              122.56944673300006,
              10.70980177000007
            ],
            [
              122.56878735600003,
              10.709286389000056
            ],
            [
              122.5677251620001,
              10.708423122000056
            ],
            [
              122.56652391700004,
              10.70939244300007
            ],
            [
              122.56705095200005,
              10.710750534000056
            ],
            [
              122.56754559600006,
              10.712156312000047
            ],
            [
              122.56944673300006,
              10.70980177000007
            ]
          ]
        ]
      }
    },
    {
      "type": "Feature",
      "properties": {
        "geo_id": "geo_ph_0059",
        "name": "Iloilo City",
        "psgc": "0631000000",
        "boundary_level": "huc",
        "component": "Roxas Village",
        "source_correspondence_code": "063022000"
      },
      "geometry": {
        "type": "Polygon",
        "coordinates": [
          [
            [
              122.56624560700004,
              10.693443881000064
            ],
            [
              122.56464342100003,
              10.693323467000027
            ],
            [
              122.56470054500005,
              10.695153945000072
            ],
            [
              122.56625771100005,
              10.695630391000066
            ],
            [
              122.56624560700004,
              10.693443881000064
            ]
          ]
        ]
      }
    },
    {
      "type": "Feature",
      "properties": {
        "geo_id": "geo_ph_0059",
        "name": "Iloilo City",
        "psgc": "0631000000",
        "boundary_level": "huc",
        "component": "Sambag",
        "source_correspondence_code": "063022000"
      },
      "geometry": {
        "type": "Polygon",
        "coordinates": [
          [
            [
              122.54233069700001,
              10.743673712000032
            ],
            [
              122.54197849500008,
              10.734740745000067
            ],
            [
              122.53626634500006,
              10.732843740000021
            ],
            [
              122.531429634,
              10.738380808000045
            ],
            [
              122.53189964400008,
              10.743959766000046
            ],
            [
              122.54233069700001,
              10.743673712000032
            ]
          ]
        ]
      }
    },
    {
      "type": "Feature",
      "properties": {
        "geo_id": "geo_ph_0059",
        "name": "Iloilo City",
        "psgc": "0631000000",
        "boundary_level": "huc",
        "component": "Sampaguita",
        "source_correspondence_code": "063022000"
      },
      "geometry": {
        "type": "Polygon",
        "coordinates": [
          [
            [
              122.5665485080001,
              10.697849462000022
            ],
            [
              122.56470374300011,
              10.697676706000038
            ],
            [
              122.56429758400009,
              10.70362486700003
            ],
            [
              122.56538698500003,
              10.704387962000055
            ],
            [
              122.5665485080001,
              10.697849462000022
            ]
          ]
        ]
      }
    },
    {
      "type": "Feature",
      "properties": {
        "geo_id": "geo_ph_0059",
        "name": "Iloilo City",
        "psgc": "0631000000",
        "boundary_level": "huc",
        "component": "San Agustin",
        "source_correspondence_code": "063022000"
      },
      "geometry": {
        "type": "Polygon",
        "coordinates": [
          [
            [
              122.56470374300011,
              10.697676706000038
            ],
            [
              122.56317557600005,
              10.697457463000035
            ],
            [
              122.56165381400001,
              10.697239139000033
            ],
            [
              122.56169648600007,
              10.700660711000069
            ],
            [
              122.56164879200003,
              10.701626136000073
            ],
            [
              122.56429758400009,
              10.70362486700003
            ],
            [
              122.56470374300011,
              10.697676706000038
            ]
          ]
        ]
      }
    },
    {
      "type": "Feature",
      "properties": {
        "geo_id": "geo_ph_0059",
        "name": "Iloilo City",
        "psgc": "0631000000",
        "boundary_level": "huc",
        "component": "San Antonio",
        "source_correspondence_code": "063022000"
      },
      "geometry": {
        "type": "Polygon",
        "coordinates": [
          [
            [
              122.54476679000004,
              10.695322583000063
            ],
            [
              122.5455300650001,
              10.694473390000041
            ],
            [
              122.54292788400005,
              10.69095750300005
            ],
            [
              122.53955788200005,
              10.69117073600006
            ],
            [
              122.5390140510001,
              10.694076512000038
            ],
            [
              122.54203691300006,
              10.695591400000069
            ],
            [
              122.54476679000004,
              10.695322583000063
            ]
          ]
        ]
      }
    },
    {
      "type": "Feature",
      "properties": {
        "geo_id": "geo_ph_0059",
        "name": "Iloilo City",
        "psgc": "0631000000",
        "boundary_level": "huc",
        "component": "San Felix",
        "source_correspondence_code": "063022000"
      },
      "geometry": {
        "type": "Polygon",
        "coordinates": [
          [
            [
              122.5586770760001,
              10.698469297000031
            ],
            [
              122.55636157600009,
              10.696721668000066
            ],
            [
              122.55562596200002,
              10.696647436000035
            ],
            [
              122.55512964600007,
              10.696592137000039
            ],
            [
              122.55508076500007,
              10.697354569000026
            ],
            [
              122.55485595700009,
              10.699882949000028
            ],
            [
              122.5583168820001,
              10.700212511000075
            ],
            [
              122.5586770760001,
              10.698469297000031
            ]
          ]
        ]
      }
    },
    {
      "type": "Feature",
      "properties": {
        "geo_id": "geo_ph_0059",
        "name": "Iloilo City",
        "psgc": "0631000000",
        "boundary_level": "huc",
        "component": "San Isidro (Jaro)",
        "source_correspondence_code": "063022000"
      },
      "geometry": {
        "type": "Polygon",
        "coordinates": [
          [
            [
              122.55304029100012,
              10.742201220000027
            ],
            [
              122.55250884300006,
              10.732350972000063
            ],
            [
              122.55114870700004,
              10.729904
            ],
            [
              122.55124440500003,
              10.729147843000021
            ],
            [
              122.54706427400004,
              10.73071242800006
            ],
            [
              122.54197849500008,
              10.734740745000067
            ],
            [
              122.54233069700001,
              10.743673712000032
            ],
            [
              122.54447608900011,
              10.746165590000032
            ],
            [
              122.55304029100012,
              10.742201220000027
            ]
          ]
        ]
      }
    },
    {
      "type": "Feature",
      "properties": {
        "geo_id": "geo_ph_0059",
        "name": "Iloilo City",
        "psgc": "0631000000",
        "boundary_level": "huc",
        "component": "Hibao-an Norte",
        "source_correspondence_code": "063022000"
      },
      "geometry": {
        "type": "Polygon",
        "coordinates": [
          [
            [
              122.52276764800001,
              10.74207681400003
            ],
            [
              122.52435625200008,
              10.736228179000022
            ],
            [
              122.5159503860001,
              10.73268480300004
            ],
            [
              122.51327300900005,
              10.739224936000028
            ],
            [
              122.52276764800001,
              10.74207681400003
            ]
          ]
        ]
      }
    },
    {
      "type": "Feature",
      "properties": {
        "geo_id": "geo_ph_0059",
        "name": "Iloilo City",
        "psgc": "0631000000",
        "boundary_level": "huc",
        "component": "San Jose (Jaro)",
        "source_correspondence_code": "063022000"
      },
      "geometry": {
        "type": "Polygon",
        "coordinates": [
          [
            [
              122.56469920600011,
              10.71765275100006
            ],
            [
              122.56264744700002,
              10.715565938000054
            ],
            [
              122.56208893100006,
              10.716465992000053
            ],
            [
              122.56469920600011,
              10.71765275100006
            ]
          ]
        ]
      }
    },
    {
      "type": "Feature",
      "properties": {
        "geo_id": "geo_ph_0059",
        "name": "Iloilo City",
        "psgc": "0631000000",
        "boundary_level": "huc",
        "component": "San Jose (Arevalo)",
        "source_correspondence_code": "063022000"
      },
      "geometry": {
        "type": "Polygon",
        "coordinates": [
          [
            [
              122.52369589600005,
              10.692304985000021
            ],
            [
              122.52140388400005,
              10.688108722000038
            ],
            [
              122.51647197200009,
              10.687652542000023
            ],
            [
              122.51589276700008,
              10.691385528000069
            ],
            [
              122.52369589600005,
              10.692304985000021
            ]
          ]
        ]
      }
    },
    {
      "type": "Feature",
      "properties": {
        "geo_id": "geo_ph_0059",
        "name": "Iloilo City",
        "psgc": "0631000000",
        "boundary_level": "huc",
        "component": "San Nicolas",
        "source_correspondence_code": "063022000"
      },
      "geometry": {
        "type": "Polygon",
        "coordinates": [
          [
            [
              122.56489521500009,
              10.717403655000055
            ],
            [
              122.56490957300002,
              10.717367891000038
            ],
            [
              122.56705095200005,
              10.710750534000056
            ],
            [
              122.56652391700004,
              10.70939244300007
            ],
            [
              122.56524325100008,
              10.711424372000067
            ],
            [
              122.56275362200006,
              10.715404242000034
            ],
            [
              122.56264744700002,
              10.715565938000054
            ],
            [
              122.56469920600011,
              10.71765275100006
            ],
            [
              122.56489521500009,
              10.717403655000055
            ]
          ]
        ]
      }
    },
    {
      "type": "Feature",
      "properties": {
        "geo_id": "geo_ph_0059",
        "name": "Iloilo City",
        "psgc": "0631000000",
        "boundary_level": "huc",
        "component": "San Pedro (Molo)",
        "source_correspondence_code": "063022000"
      },
      "geometry": {
        "type": "Polygon",
        "coordinates": [
          [
            [
              122.54930858300008,
              10.701939925000033
            ],
            [
              122.54717658900006,
              10.697670836000043
            ],
            [
              122.54480802600006,
              10.696292452000023
            ],
            [
              122.54406887200003,
              10.697761617000026
            ],
            [
              122.54466770600004,
              10.700685837000037
            ],
            [
              122.54728249100003,
              10.701770363000037
            ],
            [
              122.54930858300008,
              10.701939925000033
            ]
          ]
        ]
      }
    },
    {
      "type": "Feature",
      "properties": {
        "geo_id": "geo_ph_0059",
        "name": "Iloilo City",
        "psgc": "0631000000",
        "boundary_level": "huc",
        "component": "San Pedro (Jaro)",
        "source_correspondence_code": "063022000"
      },
      "geometry": {
        "type": "Polygon",
        "coordinates": [
          [
            [
              122.56589559000008,
              10.720911856000043
            ],
            [
              122.56686682800012,
              10.720261343000061
            ],
            [
              122.5663290550001,
              10.718749672000058
            ],
            [
              122.56500440200011,
              10.717442851000044
            ],
            [
              122.56490957300002,
              10.717367891000038
            ],
            [
              122.56489521500009,
              10.717403655000055
            ],
            [
              122.56423238800005,
              10.718979650000051
            ],
            [
              122.56471317000012,
              10.720605707000061
            ],
            [
              122.5656236000001,
              10.72187027800004
            ],
            [
              122.56589559000008,
              10.720911856000043
            ]
          ]
        ]
      }
    },
    {
      "type": "Feature",
      "properties": {
        "geo_id": "geo_ph_0059",
        "name": "Iloilo City",
        "psgc": "0631000000",
        "boundary_level": "huc",
        "component": "San Rafael",
        "source_correspondence_code": "063022000"
      },
      "geometry": {
        "type": "Polygon",
        "coordinates": [
          [
            [
              122.55125059300008,
              10.71637722500003
            ],
            [
              122.55629328100008,
              10.709953127000063
            ],
            [
              122.55435561100012,
              10.701829161000035
            ],
            [
              122.54930858300008,
              10.701939925000033
            ],
            [
              122.54728249100003,
              10.701770363000037
            ],
            [
              122.54260255500003,
              10.70703824100002
            ],
            [
              122.54585161200009,
              10.714920304000032
            ],
            [
              122.54613746600012,
              10.714973904000033
            ],
            [
              122.55125059300008,
              10.71637722500003
            ]
          ]
        ]
      }
    },
    {
      "type": "Feature",
      "properties": {
        "geo_id": "geo_ph_0059",
        "name": "Iloilo City",
        "psgc": "0631000000",
        "boundary_level": "huc",
        "component": "San Roque",
        "source_correspondence_code": "063022000"
      },
      "geometry": {
        "type": "Polygon",
        "coordinates": [
          [
            [
              122.5561197720001,
              10.731405511000048
            ],
            [
              122.55537158700008,
              10.730502045000037
            ],
            [
              122.55403414700004,
              10.729957461000026
            ],
            [
              122.5532158310001,
              10.732055880000075
            ],
            [
              122.5561197720001,
              10.731405511000048
            ]
          ]
        ]
      }
    },
    {
      "type": "Feature",
      "properties": {
        "geo_id": "geo_ph_0059",
        "name": "Iloilo City",
        "psgc": "0631000000",
        "boundary_level": "huc",
        "component": "San Vicente",
        "source_correspondence_code": "063022000"
      },
      "geometry": {
        "type": "Polygon",
        "coordinates": [
          [
            [
              122.55904336600008,
              10.721144794000054
            ],
            [
              122.55967274600005,
              10.720189927000035
            ],
            [
              122.55672279900011,
              10.716717161000076
            ],
            [
              122.55598835100011,
              10.720921998000051
            ],
            [
              122.55757824700004,
              10.72319893100007
            ],
            [
              122.55904336600008,
              10.721144794000054
            ]
          ]
        ]
      }
    },
    {
      "type": "Feature",
      "properties": {
        "geo_id": "geo_ph_0059",
        "name": "Iloilo City",
        "psgc": "0631000000",
        "boundary_level": "huc",
        "component": "Santa Filomena",
        "source_correspondence_code": "063022000"
      },
      "geometry": {
        "type": "Polygon",
        "coordinates": [
          [
            [
              122.51589276700008,
              10.691385528000069
            ],
            [
              122.51647197200009,
              10.687652542000023
            ],
            [
              122.51671610300002,
              10.68615412500003
            ],
            [
              122.51140612600011,
              10.685424242000067
            ],
            [
              122.51127219800003,
              10.688592623000034
            ],
            [
              122.51118122900004,
              10.691150261000075
            ],
            [
              122.51272338400008,
              10.691681940000024
            ],
            [
              122.51589276700008,
              10.691385528000069
            ]
          ]
        ]
      }
    },
    {
      "type": "Feature",
      "properties": {
        "geo_id": "geo_ph_0059",
        "name": "Iloilo City",
        "psgc": "0631000000",
        "boundary_level": "huc",
        "component": "Santa Rosa",
        "source_correspondence_code": "063022000"
      },
      "geometry": {
        "type": "Polygon",
        "coordinates": [
          [
            [
              122.54589095300003,
              10.726936300000034
            ],
            [
              122.5480739080001,
              10.725132330000065
            ],
            [
              122.54949018700006,
              10.722504591000074
            ],
            [
              122.5480237270001,
              10.719180025000071
            ],
            [
              122.54440388700004,
              10.721969577000038
            ],
            [
              122.54328830200006,
              10.725231007000048
            ],
            [
              122.54217618400003,
              10.726922625000043
            ],
            [
              122.54315539800007,
              10.728676431000054
            ],
            [
              122.54589095300003,
              10.726936300000034
            ]
          ]
        ]
      }
    },
    {
      "type": "Feature",
      "properties": {
        "geo_id": "geo_ph_0059",
        "name": "Iloilo City",
        "psgc": "0631000000",
        "boundary_level": "huc",
        "component": "Santo Domingo",
        "source_correspondence_code": "063022000"
      },
      "geometry": {
        "type": "Polygon",
        "coordinates": [
          [
            [
              122.51118122900004,
              10.691150261000075
            ],
            [
              122.51127219800003,
              10.688592623000034
            ],
            [
              122.50579416500011,
              10.689161098000056
            ],
            [
              122.50240749500006,
              10.691525494000075
            ],
            [
              122.50274055600005,
              10.693461568000032
            ],
            [
              122.51118122900004,
              10.691150261000075
            ]
          ]
        ]
      }
    },
    {
      "type": "Feature",
      "properties": {
        "geo_id": "geo_ph_0059",
        "name": "Iloilo City",
        "psgc": "0631000000",
        "boundary_level": "huc",
        "component": "Santo Rosario-Duran",
        "source_correspondence_code": "063022000"
      },
      "geometry": {
        "type": "Polygon",
        "coordinates": [
          [
            [
              122.57773568100004,
              10.691707377000057
            ],
            [
              122.57830511200007,
              10.688577871000064
            ],
            [
              122.57785611300005,
              10.688788102000046
            ],
            [
              122.57412827900009,
              10.69220090500005
            ],
            [
              122.57773568100004,
              10.691707377000057
            ]
          ]
        ]
      }
    },
    {
      "type": "Feature",
      "properties": {
        "geo_id": "geo_ph_0059",
        "name": "Iloilo City",
        "psgc": "0631000000",
        "boundary_level": "huc",
        "component": "Simon Ledesma",
        "source_correspondence_code": "063022000"
      },
      "geometry": {
        "type": "Polygon",
        "coordinates": [
          [
            [
              122.55848530500009,
              10.729393595000033
            ],
            [
              122.55682126800002,
              10.72888247800006
            ],
            [
              122.55537158700008,
              10.730502045000037
            ],
            [
              122.5561197720001,
              10.731405511000048
            ],
            [
              122.55848530500009,
              10.729393595000033
            ]
          ]
        ]
      }
    },
    {
      "type": "Feature",
      "properties": {
        "geo_id": "geo_ph_0059",
        "name": "Iloilo City",
        "psgc": "0631000000",
        "boundary_level": "huc",
        "component": "So-oc",
        "source_correspondence_code": "063022000"
      },
      "geometry": {
        "type": "Polygon",
        "coordinates": [
          [
            [
              122.52750836700011,
              10.704856143000029
            ],
            [
              122.52938913700007,
              10.698235325000041
            ],
            [
              122.52634306400012,
              10.69334832100003
            ],
            [
              122.52369589600005,
              10.692304985000021
            ],
            [
              122.51589276700008,
              10.691385528000069
            ],
            [
              122.51272338400008,
              10.691681940000024
            ],
            [
              122.51083063500005,
              10.697683236000046
            ],
            [
              122.51994709300004,
              10.708676292000064
            ],
            [
              122.52750836700011,
              10.704856143000029
            ]
          ]
        ]
      }
    },
    {
      "type": "Feature",
      "properties": {
        "geo_id": "geo_ph_0059",
        "name": "Iloilo City",
        "psgc": "0631000000",
        "boundary_level": "huc",
        "component": "South Baluarte",
        "source_correspondence_code": "063022000"
      },
      "geometry": {
        "type": "Polygon",
        "coordinates": [
          [
            [
              122.55103182800008,
              10.69228858100007
            ],
            [
              122.5530729080001,
              10.689318397000022
            ],
            [
              122.5490951160001,
              10.690936029000056
            ],
            [
              122.54925427300009,
              10.692028415000038
            ],
            [
              122.55103182800008,
              10.69228858100007
            ]
          ]
        ]
      }
    },
    {
      "type": "Feature",
      "properties": {
        "geo_id": "geo_ph_0059",
        "name": "Iloilo City",
        "psgc": "0631000000",
        "boundary_level": "huc",
        "component": "South San Jose",
        "source_correspondence_code": "063022000"
      },
      "geometry": {
        "type": "Polygon",
        "coordinates": [
          [
            [
              122.54045690700002,
              10.696409495000069
            ],
            [
              122.53868954100005,
              10.69461087700006
            ],
            [
              122.53459544300006,
              10.69980077200006
            ],
            [
              122.53900549100001,
              10.700550725000028
            ],
            [
              122.54045690700002,
              10.696409495000069
            ]
          ]
        ]
      }
    },
    {
      "type": "Feature",
      "properties": {
        "geo_id": "geo_ph_0059",
        "name": "Iloilo City",
        "psgc": "0631000000",
        "boundary_level": "huc",
        "component": "Taal",
        "source_correspondence_code": "063022000"
      },
      "geometry": {
        "type": "Polygon",
        "coordinates": [
          [
            [
              122.55435561100012,
              10.701829161000035
            ],
            [
              122.55485595700009,
              10.699882949000028
            ],
            [
              122.55508076500007,
              10.697354569000026
            ],
            [
              122.54807673700009,
              10.696196507000025
            ],
            [
              122.54717658900006,
              10.697670836000043
            ],
            [
              122.54930858300008,
              10.701939925000033
            ],
            [
              122.55435561100012,
              10.701829161000035
            ]
          ]
        ]
      }
    },
    {
      "type": "Feature",
      "properties": {
        "geo_id": "geo_ph_0059",
        "name": "Iloilo City",
        "psgc": "0631000000",
        "boundary_level": "huc",
        "component": "Tabuc Suba (Jaro)",
        "source_correspondence_code": "063022000"
      },
      "geometry": {
        "type": "Polygon",
        "coordinates": [
          [
            [
              122.55704959000002,
              10.74124846500007
            ],
            [
              122.56095386700008,
              10.735729024000022
            ],
            [
              122.56468324700006,
              10.728144945000054
            ],
            [
              122.56204940600003,
              10.724264634000065
            ],
            [
              122.55864227200004,
              10.729025655000044
            ],
            [
              122.55848530500009,
              10.729393595000033
            ],
            [
              122.5561197720001,
              10.731405511000048
            ],
            [
              122.5532158310001,
              10.732055880000075
            ],
            [
              122.55250884300006,
              10.732350972000063
            ],
            [
              122.55304029100012,
              10.742201220000027
            ],
            [
              122.55704959000002,
              10.74124846500007
            ]
          ]
        ]
      }
    },
    {
      "type": "Feature",
      "properties": {
        "geo_id": "geo_ph_0059",
        "name": "Iloilo City",
        "psgc": "0631000000",
        "boundary_level": "huc",
        "component": "Tabucan",
        "source_correspondence_code": "063022000"
      },
      "geometry": {
        "type": "Polygon",
        "coordinates": [
          [
            [
              122.54728249100003,
              10.701770363000037
            ],
            [
              122.54466770600004,
              10.700685837000037
            ],
            [
              122.54237144400008,
              10.700158977000058
            ],
            [
              122.54066289900004,
              10.700451900000076
            ],
            [
              122.54078401200002,
              10.703386580000029
            ],
            [
              122.54260255500003,
              10.70703824100002
            ],
            [
              122.54728249100003,
              10.701770363000037
            ]
          ]
        ]
      }
    },
    {
      "type": "Feature",
      "properties": {
        "geo_id": "geo_ph_0059",
        "name": "Iloilo City",
        "psgc": "0631000000",
        "boundary_level": "huc",
        "component": "Tacas",
        "source_correspondence_code": "063022000"
      },
      "geometry": {
        "type": "Polygon",
        "coordinates": [
          [
            [
              122.55893537700001,
              10.76043244400006
            ],
            [
              122.56206207900004,
              10.759944836000045
            ],
            [
              122.56115494000005,
              10.758051194000075
            ],
            [
              122.55913115900012,
              10.75361288800002
            ],
            [
              122.55842650000011,
              10.74740014200006
            ],
            [
              122.55704959000002,
              10.74124846500007
            ],
            [
              122.55304029100012,
              10.742201220000027
            ],
            [
              122.54447608900011,
              10.746165590000032
            ],
            [
              122.54075649700007,
              10.750646365000023
            ],
            [
              122.55125618800002,
              10.763814273000037
            ],
            [
              122.55893537700001,
              10.76043244400006
            ]
          ]
        ]
      }
    },
    {
      "type": "Feature",
      "properties": {
        "geo_id": "geo_ph_0059",
        "name": "Iloilo City",
        "psgc": "0631000000",
        "boundary_level": "huc",
        "component": "Abeto Mirasol Taft South (Quirino Abeto)",
        "source_correspondence_code": "063022000"
      },
      "geometry": {
        "type": "Polygon",
        "coordinates": [
          [
            [
              122.5480237270001,
              10.719180025000071
            ],
            [
              122.54613746600012,
              10.714973904000033
            ],
            [
              122.54585161200009,
              10.714920304000032
            ],
            [
              122.53888799300012,
              10.715905491000058
            ],
            [
              122.53744913700007,
              10.717547943000056
            ],
            [
              122.53851357100007,
              10.719858849000047
            ],
            [
              122.54440388700004,
              10.721969577000038
            ],
            [
              122.5480237270001,
              10.719180025000071
            ]
          ]
        ]
      }
    },
    {
      "type": "Feature",
      "properties": {
        "geo_id": "geo_ph_0059",
        "name": "Iloilo City",
        "psgc": "0631000000",
        "boundary_level": "huc",
        "component": "Tagbac",
        "source_correspondence_code": "063022000"
      },
      "geometry": {
        "type": "Polygon",
        "coordinates": [
          [
            [
              122.58748730900004,
              10.761170704000051
            ],
            [
              122.58513816700008,
              10.758726290000027
            ],
            [
              122.5711004640001,
              10.764446478000025
            ],
            [
              122.573194295,
              10.773159715000077
            ],
            [
              122.58748730900004,
              10.761170704000051
            ]
          ]
        ]
      }
    },
    {
      "type": "Feature",
      "properties": {
        "geo_id": "geo_ph_0059",
        "name": "Iloilo City",
        "psgc": "0631000000",
        "boundary_level": "huc",
        "component": "Tap-oc",
        "source_correspondence_code": "063022000"
      },
      "geometry": {
        "type": "Polygon",
        "coordinates": [
          [
            [
              122.54406887200003,
              10.697761617000026
            ],
            [
              122.54332238300003,
              10.697361841000031
            ],
            [
              122.54303461800009,
              10.697850912000035
            ],
            [
              122.54237144400008,
              10.700158977000058
            ],
            [
              122.54466770600004,
              10.700685837000037
            ],
            [
              122.54406887200003,
              10.697761617000026
            ]
          ]
        ]
      }
    },
    {
      "type": "Feature",
      "properties": {
        "geo_id": "geo_ph_0059",
        "name": "Iloilo City",
        "psgc": "0631000000",
        "boundary_level": "huc",
        "component": "Taytay Zone II",
        "source_correspondence_code": "063022000"
      },
      "geometry": {
        "type": "Polygon",
        "coordinates": [
          [
            [
              122.55486642900007,
              10.722849162000045
            ],
            [
              122.55461748000005,
              10.72253353700006
            ],
            [
              122.55358087400009,
              10.721148369000048
            ],
            [
              122.55152758400004,
              10.722240380000073
            ],
            [
              122.55486642900007,
              10.722849162000045
            ]
          ]
        ]
      }
    },
    {
      "type": "Feature",
      "properties": {
        "geo_id": "geo_ph_0059",
        "name": "Iloilo City",
        "psgc": "0631000000",
        "boundary_level": "huc",
        "component": "Ticud (La Paz)",
        "source_correspondence_code": "063022000"
      },
      "geometry": {
        "type": "Polygon",
        "coordinates": [
          [
            [
              122.58467470500011,
              10.715681544000063
            ],
            [
              122.57688276800002,
              10.715050869000038
            ],
            [
              122.57521912200002,
              10.721047143000021
            ],
            [
              122.57654963700008,
              10.724585954000077
            ],
            [
              122.5843355940001,
              10.725517959000058
            ],
            [
              122.58467470500011,
              10.715681544000063
            ]
          ]
        ]
      }
    },
    {
      "type": "Feature",
      "properties": {
        "geo_id": "geo_ph_0059",
        "name": "Iloilo City",
        "psgc": "0631000000",
        "boundary_level": "huc",
        "component": "Timawa Tanza I",
        "source_correspondence_code": "063022000"
      },
      "geometry": {
        "type": "Polygon",
        "coordinates": [
          [
            [
              122.55643112500002,
              10.693743277000067
            ],
            [
              122.55546312900003,
              10.692961740000044
            ],
            [
              122.55554815800008,
              10.69543109700004
            ],
            [
              122.55643112500002,
              10.693743277000067
            ]
          ]
        ]
      }
    },
    {
      "type": "Feature",
      "properties": {
        "geo_id": "geo_ph_0059",
        "name": "Iloilo City",
        "psgc": "0631000000",
        "boundary_level": "huc",
        "component": "Timawa Tanza II",
        "source_correspondence_code": "063022000"
      },
      "geometry": {
        "type": "Polygon",
        "coordinates": [
          [
            [
              122.55761363700003,
              10.695680540000069
            ],
            [
              122.55751214700001,
              10.694903379000039
            ],
            [
              122.55685767000011,
              10.693650152000032
            ],
            [
              122.55643112500002,
              10.693743277000067
            ],
            [
              122.55554815800008,
              10.69543109700004
            ],
            [
              122.55562596200002,
              10.696647436000035
            ],
            [
              122.55636157600009,
              10.696721668000066
            ],
            [
              122.55761363700003,
              10.695680540000069
            ]
          ]
        ]
      }
    },
    {
      "type": "Feature",
      "properties": {
        "geo_id": "geo_ph_0059",
        "name": "Iloilo City",
        "psgc": "0631000000",
        "boundary_level": "huc",
        "component": "Ungka",
        "source_correspondence_code": "063022000"
      },
      "geometry": {
        "type": "Polygon",
        "coordinates": [
          [
            [
              122.54447608900011,
              10.746165590000032
            ],
            [
              122.54233069700001,
              10.743673712000032
            ],
            [
              122.53189964400008,
              10.743959766000046
            ],
            [
              122.54075649700007,
              10.750646365000023
            ],
            [
              122.54447608900011,
              10.746165590000032
            ]
          ]
        ]
      }
    },
    {
      "type": "Feature",
      "properties": {
        "geo_id": "geo_ph_0059",
        "name": "Iloilo City",
        "psgc": "0631000000",
        "boundary_level": "huc",
        "component": "Villa Anita",
        "source_correspondence_code": "063022000"
      },
      "geometry": {
        "type": "Polygon",
        "coordinates": [
          [
            [
              122.56165381400001,
              10.697239139000033
            ],
            [
              122.56021193400011,
              10.697076214000049
            ],
            [
              122.55885849200001,
              10.696951609000052
            ],
            [
              122.5586770760001,
              10.698469297000031
            ],
            [
              122.5583168820001,
              10.700212511000075
            ],
            [
              122.56169648600007,
              10.700660711000069
            ],
            [
              122.56165381400001,
              10.697239139000033
            ]
          ]
        ]
      }
    },
    {
      "type": "Feature",
      "properties": {
        "geo_id": "geo_ph_0059",
        "name": "Iloilo City",
        "psgc": "0631000000",
        "boundary_level": "huc",
        "component": "West Habog-habog",
        "source_correspondence_code": "063022000"
      },
      "geometry": {
        "type": "Polygon",
        "coordinates": [
          [
            [
              122.54925427300009,
              10.692028415000038
            ],
            [
              122.5490951160001,
              10.690936029000056
            ],
            [
              122.54634089800004,
              10.689350172000047
            ],
            [
              122.5455369120001,
              10.690649260000043
            ],
            [
              122.54802313400012,
              10.692251055000042
            ],
            [
              122.54925427300009,
              10.692028415000038
            ]
          ]
        ]
      }
    },
    {
      "type": "Feature",
      "properties": {
        "geo_id": "geo_ph_0059",
        "name": "Iloilo City",
        "psgc": "0631000000",
        "boundary_level": "huc",
        "component": "West Timawa",
        "source_correspondence_code": "063022000"
      },
      "geometry": {
        "type": "Polygon",
        "coordinates": [
          [
            [
              122.55404295100004,
              10.694861262000074
            ],
            [
              122.55108382000003,
              10.694853198000033
            ],
            [
              122.54893307100008,
              10.69419566700003
            ],
            [
              122.54820230100006,
              10.695892653000044
            ],
            [
              122.5547190630001,
              10.696546516000069
            ],
            [
              122.55404295100004,
              10.694861262000074
            ]
          ]
        ]
      }
    },
    {
      "type": "Feature",
      "properties": {
        "geo_id": "geo_ph_0059",
        "name": "Iloilo City",
        "psgc": "0631000000",
        "boundary_level": "huc",
        "component": "Yulo-Arroyo",
        "source_correspondence_code": "063022000"
      },
      "geometry": {
        "type": "Polygon",
        "coordinates": [
          [
            [
              122.57147402700002,
              10.697316786000044
            ],
            [
              122.569562087,
              10.695921017000046
            ],
            [
              122.56901482400008,
              10.696540379000055
            ],
            [
              122.56899666100003,
              10.69780740400006
            ],
            [
              122.57130906900011,
              10.69803151700006
            ],
            [
              122.57147402700002,
              10.697316786000044
            ]
          ]
        ]
      }
    },
    {
      "type": "Feature",
      "properties": {
        "geo_id": "geo_ph_0059",
        "name": "Iloilo City",
        "psgc": "0631000000",
        "boundary_level": "huc",
        "component": "Zamora-Melliza",
        "source_correspondence_code": "063022000"
      },
      "geometry": {
        "type": "Polygon",
        "coordinates": [
          [
            [
              122.57772134200002,
              10.695405752000056
            ],
            [
              122.57865801100002,
              10.69296134900003
            ],
            [
              122.57773568100004,
              10.691707377000057
            ],
            [
              122.57412827900009,
              10.69220090500005
            ],
            [
              122.57374433600012,
              10.691829159000065
            ],
            [
              122.57282885200004,
              10.692707276000021
            ],
            [
              122.57655108900008,
              10.696336948000067
            ],
            [
              122.57772134200002,
              10.695405752000056
            ]
          ]
        ]
      }
    },
    {
      "type": "Feature",
      "properties": {
        "geo_id": "geo_ph_0059",
        "name": "Iloilo City",
        "psgc": "0631000000",
        "boundary_level": "huc",
        "component": "Pale Benedicto Rizal (Mandurriao)",
        "source_correspondence_code": "063022000"
      },
      "geometry": {
        "type": "Polygon",
        "coordinates": [
          [
            [
              122.53961289000006,
              10.72386423200004
            ],
            [
              122.538035938,
              10.72019096200006
            ],
            [
              122.53851357100007,
              10.719858849000047
            ],
            [
              122.53744913700007,
              10.717547943000056
            ],
            [
              122.53579496300006,
              10.717787050000027
            ],
            [
              122.53638426000009,
              10.726414980000072
            ],
            [
              122.53961289000006,
              10.72386423200004
            ]
          ]
        ]
      }
    },
    {
      "type": "Feature",
      "properties": {
        "geo_id": "geo_ph_0059",
        "name": "Iloilo City",
        "psgc": "0631000000",
        "boundary_level": "huc",
        "component": "Kahirupan",
        "source_correspondence_code": "063022000"
      },
      "geometry": {
        "type": "Polygon",
        "coordinates": [
          [
            [
              122.56160618500007,
              10.693206692000047
            ],
            [
              122.56159666500002,
              10.69254498500004
            ],
            [
              122.56155740500003,
              10.69255441100006
            ],
            [
              122.55959095500009,
              10.69302566600004
            ],
            [
              122.55861974700008,
              10.693258667000066
            ],
            [
              122.55883778500004,
              10.693326376000073
            ],
            [
              122.56160618500007,
              10.694211152000037
            ],
            [
              122.56160618500007,
              10.693206692000047
            ]
          ]
        ]
      }
    },
    {
      "type": "Feature",
      "properties": {
        "geo_id": "geo_ph_0059",
        "name": "Iloilo City",
        "psgc": "0631000000",
        "boundary_level": "huc",
        "component": "Luna (La Paz)",
        "source_correspondence_code": "063022000"
      },
      "geometry": {
        "type": "Polygon",
        "coordinates": [
          [
            [
              122.56757472400011,
              10.705790050000076
            ],
            [
              122.56538698500003,
              10.704387962000055
            ],
            [
              122.56394387000012,
              10.70669876200003
            ],
            [
              122.56659045300012,
              10.709142962000044
            ],
            [
              122.56757472400011,
              10.705790050000076
            ]
          ]
        ]
      }
    },
    {
      "type": "Feature",
      "properties": {
        "geo_id": "geo_ph_0059",
        "name": "Iloilo City",
        "psgc": "0631000000",
        "boundary_level": "huc",
        "component": "San Isidro (La Paz)",
        "source_correspondence_code": "063022000"
      },
      "geometry": {
        "type": "Polygon",
        "coordinates": [
          [
            [
              122.58245977400009,
              10.725804169000071
            ],
            [
              122.5843355940001,
              10.725517959000058
            ],
            [
              122.57654963700008,
              10.724585954000077
            ],
            [
              122.57669512200005,
              10.725860133000026
            ],
            [
              122.58245977400009,
              10.725804169000071
            ]
          ]
        ]
      }
    },
    {
      "type": "Feature",
      "properties": {
        "geo_id": "geo_ph_0059",
        "name": "Iloilo City",
        "psgc": "0631000000",
        "boundary_level": "huc",
        "component": "San Jose (City Proper)",
        "source_correspondence_code": "063022000"
      },
      "geometry": {
        "type": "Polygon",
        "coordinates": [
          [
            [
              122.56464342100003,
              10.693323467000027
            ],
            [
              122.56316688100003,
              10.693202368000073
            ],
            [
              122.56315499900006,
              10.694700741000077
            ],
            [
              122.56470054500005,
              10.695153945000072
            ],
            [
              122.56464342100003,
              10.693323467000027
            ]
          ]
        ]
      }
    },
    {
      "type": "Feature",
      "properties": {
        "geo_id": "geo_ph_0059",
        "name": "Iloilo City",
        "psgc": "0631000000",
        "boundary_level": "huc",
        "component": "Tabuc Suba (La Paz)",
        "source_correspondence_code": "063022000"
      },
      "geometry": {
        "type": "Polygon",
        "coordinates": [
          [
            [
              122.57669512200005,
              10.725860133000026
            ],
            [
              122.57654963700008,
              10.724585954000077
            ],
            [
              122.57521912200002,
              10.721047143000021
            ],
            [
              122.5726337530001,
              10.716686603000028
            ],
            [
              122.57117364300007,
              10.717790308000076
            ],
            [
              122.56686682800012,
              10.720261343000061
            ],
            [
              122.56589559000008,
              10.720911856000043
            ],
            [
              122.57251687400003,
              10.729218505000063
            ],
            [
              122.57440743100005,
              10.73189575200007
            ],
            [
              122.57669512200005,
              10.725860133000026
            ]
          ]
        ]
      }
    },
    {
      "type": "Feature",
      "properties": {
        "geo_id": "geo_ph_0059",
        "name": "Iloilo City",
        "psgc": "0631000000",
        "boundary_level": "huc",
        "component": "Rizal (La Paz)",
        "source_correspondence_code": "063022000"
      },
      "geometry": {
        "type": "Polygon",
        "coordinates": [
          [
            [
              122.57146341700002,
              10.70713226600003
            ],
            [
              122.57107945500002,
              10.706462380000062
            ],
            [
              122.56962461100011,
              10.705365221000022
            ],
            [
              122.56886183600011,
              10.70594989600005
            ],
            [
              122.5677251620001,
              10.708423122000056
            ],
            [
              122.56878735600003,
              10.709286389000056
            ],
            [
              122.57146341700002,
              10.70713226600003
            ]
          ]
        ]
      }
    },
    {
      "type": "Feature",
      "properties": {
        "geo_id": "geo_ph_0059",
        "name": "Iloilo City",
        "psgc": "0631000000",
        "boundary_level": "huc",
        "component": "Santa Cruz",
        "source_correspondence_code": "063022000"
      },
      "geometry": {
        "type": "Polygon",
        "coordinates": [
          [
            [
              122.50240749500006,
              10.691525494000075
            ],
            [
              122.50579416500011,
              10.689161098000056
            ],
            [
              122.50530407600002,
              10.683748811000044
            ],
            [
              122.4969138990001,
              10.686426847000064
            ],
            [
              122.49834135200001,
              10.690985111000032
            ],
            [
              122.50240749500006,
              10.691525494000075
            ]
          ]
        ]
      }
    },
    {
      "type": "Feature",
      "properties": {
        "geo_id": "geo_ph_0059",
        "name": "Iloilo City",
        "psgc": "0631000000",
        "boundary_level": "huc",
        "component": "Bonifacio (Arevalo)",
        "source_correspondence_code": "063022000"
      },
      "geometry": {
        "type": "Polygon",
        "coordinates": [
          [
            [
              122.51127219800003,
              10.688592623000034
            ],
            [
              122.51140612600011,
              10.685424242000067
            ],
            [
              122.51032856200004,
              10.682778681000059
            ],
            [
              122.50530407600002,
              10.683748811000044
            ],
            [
              122.50579416500011,
              10.689161098000056
            ],
            [
              122.51127219800003,
              10.688592623000034
            ]
          ]
        ]
      }
    },
    {
      "type": "Feature",
      "properties": {
        "geo_id": "geo_ph_0059",
        "name": "Iloilo City",
        "psgc": "0631000000",
        "boundary_level": "huc",
        "component": "Calumpang",
        "source_correspondence_code": "063022000"
      },
      "geometry": {
        "type": "Polygon",
        "coordinates": [
          [
            [
              122.54398002300002,
              10.683858374000067
            ],
            [
              122.53210103900005,
              10.679520377000074
            ],
            [
              122.5300102860001,
              10.68413963200004
            ],
            [
              122.53661341700001,
              10.687076915000034
            ],
            [
              122.54079568500003,
              10.689177522000023
            ],
            [
              122.54398002300002,
              10.683858374000067
            ]
          ]
        ]
      }
    },
    {
      "type": "Feature",
      "properties": {
        "geo_id": "geo_ph_0059",
        "name": "Iloilo City",
        "psgc": "0631000000",
        "boundary_level": "huc",
        "component": "Dulonan",
        "source_correspondence_code": "063022000"
      },
      "geometry": {
        "type": "Polygon",
        "coordinates": [
          [
            [
              122.5300102860001,
              10.68413963200004
            ],
            [
              122.5241715090001,
              10.682162191000032
            ],
            [
              122.52277347100005,
              10.682283334000033
            ],
            [
              122.52216567200003,
              10.685075271000073
            ],
            [
              122.52140388400005,
              10.688108722000038
            ],
            [
              122.52369589600005,
              10.692304985000021
            ],
            [
              122.52634306400012,
              10.69334832100003
            ],
            [
              122.5300102860001,
              10.68413963200004
            ]
          ]
        ]
      }
    },
    {
      "type": "Feature",
      "properties": {
        "geo_id": "geo_ph_0059",
        "name": "Iloilo City",
        "psgc": "0631000000",
        "boundary_level": "huc",
        "component": "South Fundidor",
        "source_correspondence_code": "063022000"
      },
      "geometry": {
        "type": "Polygon",
        "coordinates": [
          [
            [
              122.53500165500009,
              10.688764802000037
            ],
            [
              122.53661341700001,
              10.687076915000034
            ],
            [
              122.5300102860001,
              10.68413963200004
            ],
            [
              122.52634306400012,
              10.69334832100003
            ],
            [
              122.52938913700007,
              10.698235325000041
            ],
            [
              122.53500165500009,
              10.688764802000037
            ]
          ]
        ]
      }
    },
    {
      "type": "Feature",
      "properties": {
        "geo_id": "geo_ph_0059",
        "name": "Iloilo City",
        "psgc": "0631000000",
        "boundary_level": "huc",
        "component": "San Juan",
        "source_correspondence_code": "063022000"
      },
      "geometry": {
        "type": "Polygon",
        "coordinates": [
          [
            [
              122.54634089800004,
              10.689350172000047
            ],
            [
              122.54788015300005,
              10.68600101900006
            ],
            [
              122.54398002300002,
              10.683858374000067
            ],
            [
              122.54079568500003,
              10.689177522000023
            ],
            [
              122.54338054000004,
              10.690138003000072
            ],
            [
              122.5455369120001,
              10.690649260000043
            ],
            [
              122.54634089800004,
              10.689350172000047
            ]
          ]
        ]
      }
    },
    {
      "type": "Feature",
      "properties": {
        "geo_id": "geo_ph_0059",
        "name": "Iloilo City",
        "psgc": "0631000000",
        "boundary_level": "huc",
        "component": "Santo Niño Sur",
        "source_correspondence_code": "063022000"
      },
      "geometry": {
        "type": "Polygon",
        "coordinates": [
          [
            [
              122.51032856200004,
              10.682778681000059
            ],
            [
              122.51725153900009,
              10.681215749000046
            ],
            [
              122.51739362700005,
              10.67969639100005
            ],
            [
              122.49980636400005,
              10.679965891000052
            ],
            [
              122.4969138990001,
              10.686426847000064
            ],
            [
              122.50530407600002,
              10.683748811000044
            ],
            [
              122.51032856200004,
              10.682778681000059
            ]
          ]
        ]
      }
    },
    {
      "type": "Feature",
      "properties": {
        "geo_id": "geo_ph_0059",
        "name": "Iloilo City",
        "psgc": "0631000000",
        "boundary_level": "huc",
        "component": "Yulo Drive",
        "source_correspondence_code": "063022000"
      },
      "geometry": {
        "type": "Polygon",
        "coordinates": [
          [
            [
              122.51671610300002,
              10.68615412500003
            ],
            [
              122.52216567200003,
              10.685075271000073
            ],
            [
              122.52277347100005,
              10.682283334000033
            ],
            [
              122.51725153900009,
              10.681215749000046
            ],
            [
              122.51032856200004,
              10.682778681000059
            ],
            [
              122.51140612600011,
              10.685424242000067
            ],
            [
              122.51671610300002,
              10.68615412500003
            ]
          ]
        ]
      }
    },
    {
      "type": "Feature",
      "properties": {
        "geo_id": "geo_ph_0059",
        "name": "Iloilo City",
        "psgc": "0631000000",
        "boundary_level": "huc",
        "component": "Baybay Tanza",
        "source_correspondence_code": "063022000"
      },
      "geometry": {
        "type": "Polygon",
        "coordinates": [
          [
            [
              122.55953368500002,
              10.691380895000066
            ],
            [
              122.56105904600008,
              10.691069668000068
            ],
            [
              122.55383261500003,
              10.687532142000066
            ],
            [
              122.55398731900004,
              10.68931970400007
            ],
            [
              122.55546312900003,
              10.692961740000044
            ],
            [
              122.55643112500002,
              10.693743277000067
            ],
            [
              122.55685767000011,
              10.693650152000032
            ],
            [
              122.55785652000009,
              10.693432018000067
            ],
            [
              122.55953368500002,
              10.691380895000066
            ]
          ]
        ]
      }
    },
    {
      "type": "Feature",
      "properties": {
        "geo_id": "geo_ph_0059",
        "name": "Iloilo City",
        "psgc": "0631000000",
        "boundary_level": "huc",
        "component": "General Hughes-Montes",
        "source_correspondence_code": "063022000"
      },
      "geometry": {
        "type": "Polygon",
        "coordinates": [
          [
            [
              122.57785611300005,
              10.688788102000046
            ],
            [
              122.57761966200007,
              10.688870351000048
            ],
            [
              122.577589181,
              10.688816195000072
            ],
            [
              122.57280984400006,
              10.689878430000022
            ],
            [
              122.57374433600012,
              10.691829159000065
            ],
            [
              122.57412827900009,
              10.69220090500005
            ],
            [
              122.57785611300005,
              10.688788102000046
            ]
          ]
        ]
      }
    },
    {
      "type": "Feature",
      "properties": {
        "geo_id": "geo_ph_0059",
        "name": "Iloilo City",
        "psgc": "0631000000",
        "boundary_level": "huc",
        "component": "Molo Boulevard",
        "source_correspondence_code": "063022000"
      },
      "geometry": {
        "type": "Polygon",
        "coordinates": [
          [
            [
              122.5490951160001,
              10.690936029000056
            ],
            [
              122.5530729080001,
              10.689318397000022
            ],
            [
              122.55398731900004,
              10.68931970400007
            ],
            [
              122.55383261500003,
              10.687532142000066
            ],
            [
              122.54788015300005,
              10.68600101900006
            ],
            [
              122.54634089800004,
              10.689350172000047
            ],
            [
              122.5490951160001,
              10.690936029000056
            ]
          ]
        ]
      }
    },
    {
      "type": "Feature",
      "properties": {
        "geo_id": "geo_ph_0059",
        "name": "Iloilo City",
        "psgc": "0631000000",
        "boundary_level": "huc",
        "component": "Ortiz",
        "source_correspondence_code": "063022000"
      },
      "geometry": {
        "type": "Polygon",
        "coordinates": [
          [
            [
              122.5728115600001,
              10.68984729300007
            ],
            [
              122.57284952000009,
              10.689687810000066
            ],
            [
              122.5704419220001,
              10.69047715000005
            ],
            [
              122.571595752,
              10.693529343000023
            ],
            [
              122.5719694180001,
              10.69331448500003
            ],
            [
              122.57282885200004,
              10.692707276000021
            ],
            [
              122.57374433600012,
              10.691829159000065
            ],
            [
              122.57280984400006,
              10.689878430000022
            ],
            [
              122.5728115600001,
              10.68984729300007
            ]
          ]
        ]
      }
    },
    {
      "type": "Feature",
      "properties": {
        "geo_id": "geo_ph_0059",
        "name": "Iloilo City",
        "psgc": "0631000000",
        "boundary_level": "huc",
        "component": "Rima-Rizal",
        "source_correspondence_code": "063022000"
      },
      "geometry": {
        "type": "Polygon",
        "coordinates": [
          [
            [
              122.56624031100012,
              10.691761488000054
            ],
            [
              122.5663852780001,
              10.69095629700007
            ],
            [
              122.56529743100009,
              10.690744213000073
            ],
            [
              122.5653430100001,
              10.691742590000047
            ],
            [
              122.56624031100012,
              10.691761488000054
            ]
          ]
        ]
      }
    },
    {
      "type": "Feature",
      "properties": {
        "geo_id": "geo_ph_0059",
        "name": "Iloilo City",
        "psgc": "0631000000",
        "boundary_level": "huc",
        "component": "Veterans Village",
        "source_correspondence_code": "063022000"
      },
      "geometry": {
        "type": "Polygon",
        "coordinates": [
          [
            [
              122.58345710600008,
              10.691092364000042
            ],
            [
              122.57830511200007,
              10.688577871000064
            ],
            [
              122.57773568100004,
              10.691707377000057
            ],
            [
              122.57865801100002,
              10.69296134900003
            ],
            [
              122.58345710600008,
              10.691092364000042
            ]
          ]
        ]
      }
    }
  ]
}
