{
  "type": "FeatureCollection",
  "features": [
    {
      "type": "Feature",
      "properties": {
        "geo_id": "geo_ph_0043",
        "name": "Samar Island expedition",
        "component": "Eastern Samar",
        "source_psgc": "0802600000",
        "source_boundary_level": "province"
      },
      "geometry": {
        "type": "MultiPolygon",
        "coordinates": [
          [
            [
              [
                125.32313117600008,
                12.28218463400003
              ],
              [
                125.30736256500006,
                12.281189457000037
              ],
              [
                125.29665704600006,
                12.27602028000007
              ],
              [
                125.2973949970001,
                12.270467058000065
              ],
              [
                125.27682743700007,
                12.266380463000075
              ],
              [
                125.27426833100002,
                12.273242662000028
              ],
              [
                125.27484419300004,
                12.29001494100004
              ],
              [
                125.25197261900007,
                12.326799179000034
              ],
              [
                125.24429816900012,
                12.328873455000066
              ],
              [
                125.22332809400007,
                12.349578051000037
              ],
              [
                125.21125053700007,
                12.347840308000057
              ],
              [
                125.20077071300013,
                12.328511285000047
              ],
              [
                125.17902764100005,
                12.30139639300006
              ],
              [
                125.17549145400007,
                12.300438468000038
              ],
              [
                125.16829145700002,
                12.282900013000074
              ],
              [
                125.155553,
                12.206284656000035
              ],
              [
                125.1274242920001,
                12.17881031200005
              ],
              [
                125.12540541200008,
                12.075039856000048
              ],
              [
                125.14155645500013,
                12.009628130000065
              ],
              [
                125.19247005000013,
                12.00366525800007
              ],
              [
                125.22550176000004,
                11.937736278000044
              ],
              [
                125.2339716670001,
                11.918785394000054
              ],
              [
                125.24062638200006,
                11.895869560000051
              ],
              [
                125.25328902000001,
                11.87214929500004
              ],
              [
                125.2688080260001,
                11.827750626000066
              ],
              [
                125.27049977100013,
                11.757305849000032
              ],
              [
                125.27900492300012,
                11.714472447000045
              ],
              [
                125.28287505800004,
                11.675657267000075
              ],
              [
                125.25419052700009,
                11.657900176000053
              ],
              [
                125.23009378200004,
                11.639759928000046
              ],
              [
                125.21763722000003,
                11.627072688000055
              ],
              [
                125.18022646500002,
                11.63843292000007
              ],
              [
                125.17756998200002,
                11.603603475000057
              ],
              [
                125.1716666860001,
                11.583237104000034
              ],
              [
                125.16104075300008,
                11.564051392000067
              ],
              [
                125.21038826200002,
                11.550841041000067
              ],
              [
                125.21642020100013,
                11.52838463300003
              ],
              [
                125.22234098300011,
                11.516194788000062
              ],
              [
                125.22197650200008,
                11.486198664000026
              ],
              [
                125.21329426300008,
                11.471111887000063
              ],
              [
                125.22074837000004,
                11.446147317000056
              ],
              [
                125.24267355900007,
                11.433261028000059
              ],
              [
                125.28565771500006,
                11.422534495000038
              ],
              [
                125.30911645700007,
                11.396150008000062
              ],
              [
                125.28066316600007,
                11.361909573000046
              ],
              [
                125.246335917,
                11.311455266000051
              ],
              [
                125.24690071700003,
                11.21118228000006
              ],
              [
                125.24516387200003,
                11.17380995900004
              ],
              [
                125.24661632000006,
                11.158922365000022
              ],
              [
                125.24096438700009,
                11.151653059000068
              ],
              [
                125.2466330740001,
                11.122447398000071
              ],
              [
                125.25150709100002,
                11.117599257000052
              ],
              [
                125.25776989100005,
                11.12063239100007
              ],
              [
                125.26405105200001,
                11.134720003000039
              ],
              [
                125.27389173400002,
                11.137939692000032
              ],
              [
                125.28767352500007,
                11.138813564000031
              ],
              [
                125.29735602500013,
                11.142885988000044
              ],
              [
                125.30242526100004,
                11.132094180000022
              ],
              [
                125.31017422000002,
                11.124544971000034
              ],
              [
                125.3169441760001,
                11.125769143000072
              ],
              [
                125.31841344100009,
                11.116691794000076
              ],
              [
                125.32911847800005,
                11.117975725000067
              ],
              [
                125.33835181300003,
                11.123041545000033
              ],
              [
                125.34299560500004,
                11.120575776000068
              ],
              [
                125.36035029200004,
                11.119490821000053
              ],
              [
                125.36974582200003,
                11.102731521000065
              ],
              [
                125.37928510000006,
                11.10562452600004
              ],
              [
                125.39321285400001,
                11.105192300000054
              ],
              [
                125.40647951200002,
                11.099428738000027
              ],
              [
                125.4013274580001,
                11.092731713000033
              ],
              [
                125.407395242,
                11.081845043000044
              ],
              [
                125.41570631700006,
                11.088127640000037
              ],
              [
                125.42883537900002,
                11.08980569800008
              ],
              [
                125.43480289800004,
                11.096386397000057
              ],
              [
                125.43636279300007,
                11.105403786000066
              ],
              [
                125.44528009200009,
                11.100058814000022
              ],
              [
                125.45677112500003,
                11.102155131000076
              ],
              [
                125.44888327800004,
                11.117846805000054
              ],
              [
                125.45648049500006,
                11.118364156000043
              ],
              [
                125.46462236400009,
                11.123379175000023
              ],
              [
                125.46723741900006,
                11.11712428900006
              ],
              [
                125.47647972500012,
                11.114856123000038
              ],
              [
                125.48120108800005,
                11.106950451000046
              ],
              [
                125.50133059300003,
                11.09291869100002
              ],
              [
                125.50084950700011,
                11.08669592500007
              ],
              [
                125.51132550100012,
                11.081446698000034
              ],
              [
                125.5168868070001,
                11.088375984000038
              ],
              [
                125.51350611600004,
                11.100464224000065
              ],
              [
                125.51904926100009,
                11.107223754000074
              ],
              [
                125.51642718900008,
                11.123790547000054
              ],
              [
                125.5250401740001,
                11.132933481000064
              ],
              [
                125.53165674900004,
                11.134321213000021
              ],
              [
                125.5287901690001,
                11.147341344000042
              ],
              [
                125.54356507800003,
                11.151413916000022
              ],
              [
                125.55445644300006,
                11.14895613500005
              ],
              [
                125.55941298200004,
                11.151315037000074
              ],
              [
                125.57155047800006,
                11.147778666000022
              ],
              [
                125.56272466100006,
                11.12843418600005
              ],
              [
                125.567892453,
                11.127501367000036
              ],
              [
                125.57547608800007,
                11.11714743300007
              ],
              [
                125.57556963300011,
                11.107547688000066
              ],
              [
                125.59870426100007,
                11.116252442000073
              ],
              [
                125.64305843300008,
                11.138861061000059
              ],
              [
                125.66049789800002,
                11.142383989000054
              ],
              [
                125.66597043000002,
                11.137632175000023
              ],
              [
                125.6617868310001,
                11.13002220000004
              ],
              [
                125.66535091800007,
                11.116722250000064
              ],
              [
                125.69874766900011,
                11.108474343000069
              ],
              [
                125.68794575200003,
                11.09313758700006
              ],
              [
                125.68311719400002,
                11.093890707000073
              ],
              [
                125.67264854200006,
                11.087787452000043
              ],
              [
                125.67926276800007,
                11.077582294000024
              ],
              [
                125.68752582100002,
                11.071242369000059
              ],
              [
                125.70229368900004,
                11.067117259000042
              ],
              [
                125.70533955500004,
                11.056401798000023
              ],
              [
                125.71456472500006,
                11.045695797000063
              ],
              [
                125.71196037100003,
                11.041382779000058
              ],
              [
                125.72264403600002,
                11.027938356000048
              ],
              [
                125.73806584400005,
                11.01604804200002
              ],
              [
                125.75047712000003,
                11.015765819000023
              ],
              [
                125.7545162560001,
                11.011022082000068
              ],
              [
                125.7609067630001,
                11.023981341000022
              ],
              [
                125.76171517900002,
                11.033986907000044
              ],
              [
                125.75887149900008,
                11.047817487000032
              ],
              [
                125.750111,
                11.060052393000031
              ],
              [
                125.7503244400001,
                11.065143495000031
              ],
              [
                125.71883118300003,
                11.107516691000056
              ],
              [
                125.70236638300004,
                11.12157571700004
              ],
              [
                125.68873174600003,
                11.143654638000047
              ],
              [
                125.68508412500012,
                11.161861953000027
              ],
              [
                125.67440176700006,
                11.184783920000028
              ],
              [
                125.66513117700003,
                11.198199569000051
              ],
              [
                125.65195106400006,
                11.206738962000028
              ],
              [
                125.63523124300002,
                11.211161801000062
              ],
              [
                125.62704918000009,
                11.215797107000071
              ],
              [
                125.61134561400003,
                11.228612946000053
              ],
              [
                125.60023217900005,
                11.23241749500005
              ],
              [
                125.59094290200005,
                11.22862950700005
              ],
              [
                125.59219616400004,
                11.221383254000047
              ],
              [
                125.62118732700004,
                11.201790682000022
              ],
              [
                125.60934603500006,
                11.190702835000023
              ],
              [
                125.58769696800006,
                11.187185228000033
              ],
              [
                125.59016471600012,
                11.18039544900006
              ],
              [
                125.55955202200006,
                11.187554557000055
              ],
              [
                125.55681272100003,
                11.18174889900007
              ],
              [
                125.54581005400007,
                11.192841454000074
              ],
              [
                125.53501771600008,
                11.194043630000067
              ],
              [
                125.53899508600011,
                11.21522319100006
              ],
              [
                125.53408223500003,
                11.220229017000065
              ],
              [
                125.54076778,
                11.24593792300004
              ],
              [
                125.54794909100008,
                11.260548266000058
              ],
              [
                125.5674561410001,
                11.271612178000055
              ],
              [
                125.57262983500004,
                11.285631952000072
              ],
              [
                125.59484762300008,
                11.292993573000043
              ],
              [
                125.60655223900007,
                11.30201502400007
              ],
              [
                125.61077525200007,
                11.31266110300004
              ],
              [
                125.62200364800003,
                11.324718399000062
              ],
              [
                125.62232836800001,
                11.334418128000037
              ],
              [
                125.6324447720001,
                11.337010986000053
              ],
              [
                125.63184896100007,
                11.35788122200006
              ],
              [
                125.6226523680001,
                11.368120532000034
              ],
              [
                125.6140827260001,
                11.369847185000026
              ],
              [
                125.60498880900002,
                11.367716402000042
              ],
              [
                125.60129151700005,
                11.378371444000036
              ],
              [
                125.58821225100007,
                11.38680633800004
              ],
              [
                125.5845178290001,
                11.398050213000031
              ],
              [
                125.57916403500008,
                11.399013312000022
              ],
              [
                125.56942172500008,
                11.392598060000067
              ],
              [
                125.5616205870001,
                11.398136381000029
              ],
              [
                125.54881881700011,
                11.412092387000028
              ],
              [
                125.55051345700008,
                11.419661550000056
              ],
              [
                125.54200949100004,
                11.42519502300007
              ],
              [
                125.53921686000001,
                11.435924011000054
              ],
              [
                125.52918336000005,
                11.440060918000029
              ],
              [
                125.52891732700004,
                11.446659994000072
              ],
              [
                125.52233826800011,
                11.453815347000047
              ],
              [
                125.50436316900004,
                11.451297801000065
              ],
              [
                125.49601955500009,
                11.455873766000025
              ],
              [
                125.5080987780001,
                11.46216744000003
              ],
              [
                125.50935349900008,
                11.467194874000025
              ],
              [
                125.51915902500004,
                11.473461306000045
              ],
              [
                125.51403630900006,
                11.479270263000046
              ],
              [
                125.51565122600005,
                11.490110153000042
              ],
              [
                125.505918531,
                11.504357885000047
              ],
              [
                125.5013045160001,
                11.502329649000046
              ],
              [
                125.491751238,
                11.520129561000035
              ],
              [
                125.47922423200008,
                11.52926658100006
              ],
              [
                125.47368277200007,
                11.542242679000024
              ],
              [
                125.467367576,
                11.568959761000032
              ],
              [
                125.46864040000004,
                11.579686156000037
              ],
              [
                125.47482051200008,
                11.590928149000032
              ],
              [
                125.45961797500003,
                11.592971675000056
              ],
              [
                125.4542847460001,
                11.587544561000072
              ],
              [
                125.44305389600004,
                11.595295450000036
              ],
              [
                125.43970095100009,
                11.619645211000032
              ],
              [
                125.45735329100012,
                11.629104170000058
              ],
              [
                125.46262622400002,
                11.646162465000033
              ],
              [
                125.44890231000011,
                11.653687390000071
              ],
              [
                125.4518961780001,
                11.668891123000035
              ],
              [
                125.46143809400007,
                11.668368121000071
              ],
              [
                125.46579046100011,
                11.673735399000067
              ],
              [
                125.47731509200004,
                11.666212153000057
              ],
              [
                125.49248659600006,
                11.671231051000063
              ],
              [
                125.48437965100005,
                11.681775144000026
              ],
              [
                125.48079929800006,
                11.69874248900004
              ],
              [
                125.47448688600002,
                11.698689018000039
              ],
              [
                125.47171403600011,
                11.708291400000062
              ],
              [
                125.47458562200005,
                11.716111151000064
              ],
              [
                125.47016140700009,
                11.723249218000033
              ],
              [
                125.47023152200006,
                11.735521268000067
              ],
              [
                125.45662889300002,
                11.75931962800007
              ],
              [
                125.44296231300005,
                11.74572704400003
              ],
              [
                125.43730736200007,
                11.744788371000027
              ],
              [
                125.41433892700003,
                11.754957175000072
              ],
              [
                125.41453113600005,
                11.76328830500006
              ],
              [
                125.4341228820001,
                11.769853018000047
              ],
              [
                125.44393152300006,
                11.777110867000033
              ],
              [
                125.44849266400003,
                11.771456405000034
              ],
              [
                125.46241363700005,
                11.772270384000025
              ],
              [
                125.47140851300004,
                11.782453098000076
              ],
              [
                125.473214116,
                11.798288542000023
              ],
              [
                125.4644779350001,
                11.80601126500005
              ],
              [
                125.4646562060001,
                11.816381837000051
              ],
              [
                125.45748874100003,
                11.819883659000022
              ],
              [
                125.45161329300005,
                11.815781824000052
              ],
              [
                125.43906087500011,
                11.821000812000023
              ],
              [
                125.43526090800003,
                11.827984284000024
              ],
              [
                125.43897233300004,
                11.839933680000058
              ],
              [
                125.43521015700004,
                11.85766466700005
              ],
              [
                125.44377039000005,
                11.869236217000038
              ],
              [
                125.43442869300009,
                11.869043024000064
              ],
              [
                125.42829543200003,
                11.875452022000045
              ],
              [
                125.42069441100011,
                11.89722218800006
              ],
              [
                125.42530093000003,
                11.914297698000043
              ],
              [
                125.4225547650001,
                11.92998461500002
              ],
              [
                125.43332496400002,
                11.935477713000068
              ],
              [
                125.42863838000005,
                11.942475313000045
              ],
              [
                125.439368499,
                11.967173015000071
              ],
              [
                125.44692973800011,
                11.969212155000037
              ],
              [
                125.44809414100007,
                11.978367983000053
              ],
              [
                125.45442095700002,
                11.996001608000029
              ],
              [
                125.4606929910001,
                11.998860371000035
              ],
              [
                125.47003603900009,
                12.01455062800005
              ],
              [
                125.48077567500003,
                12.029186812000034
              ],
              [
                125.48002286200006,
                12.03495724600003
              ],
              [
                125.49205486600012,
                12.034065033000049
              ],
              [
                125.49192294400008,
                12.040826022000033
              ],
              [
                125.50206461200004,
                12.05202369500006
              ],
              [
                125.51507633000006,
                12.058635835000073
              ],
              [
                125.50788579200004,
                12.06450549300007
              ],
              [
                125.49845733100005,
                12.060370979000028
              ],
              [
                125.4963746850001,
                12.071395171000065
              ],
              [
                125.48755410900003,
                12.079692074000034
              ],
              [
                125.48241154400012,
                12.07862982900002
              ],
              [
                125.48001517600005,
                12.096812169000032
              ],
              [
                125.48592632900012,
                12.102415834000057
              ],
              [
                125.47486227700004,
                12.108222533000058
              ],
              [
                125.4691378240001,
                12.102156799000054
              ],
              [
                125.45618508600012,
                12.097844198000075
              ],
              [
                125.44546954500004,
                12.101999663000072
              ],
              [
                125.43881577200011,
                12.111342919000041
              ],
              [
                125.43664438400005,
                12.125331086000074
              ],
              [
                125.43956118500012,
                12.133341290000033
              ],
              [
                125.45735638600001,
                12.142118334000031
              ],
              [
                125.47396505200004,
                12.145274174000065
              ],
              [
                125.47390382400012,
                12.151472020000027
              ],
              [
                125.46620760600001,
                12.155371383000043
              ],
              [
                125.45559352100008,
                12.156567141000039
              ],
              [
                125.45694793900009,
                12.166777741000029
              ],
              [
                125.46700786500004,
                12.164329120000046
              ],
              [
                125.49601167300011,
                12.172652070000026
              ],
              [
                125.50269446500012,
                12.182541101000023
              ],
              [
                125.51164552500006,
                12.17169019200003
              ],
              [
                125.51578671000004,
                12.179757836000023
              ],
              [
                125.51498085200002,
                12.192380454000043
              ],
              [
                125.50591454500011,
                12.20585260300004
              ],
              [
                125.497477268,
                12.207162656000039
              ],
              [
                125.49351265500002,
                12.212650859000064
              ],
              [
                125.48030535400005,
                12.211021908000074
              ],
              [
                125.48507787500012,
                12.222117145000025
              ],
              [
                125.47835184200005,
                12.230652799000039
              ],
              [
                125.46572697700005,
                12.235609673000056
              ],
              [
                125.45433903700007,
                12.257565305000071
              ],
              [
                125.44064636600001,
                12.266190276000028
              ],
              [
                125.43332525800008,
                12.268371036000074
              ],
              [
                125.42511559000002,
                12.277924681000059
              ],
              [
                125.41347223100003,
                12.280515806000041
              ],
              [
                125.4070063680001,
                12.271848113000035
              ],
              [
                125.39783788700004,
                12.280877676000044
              ],
              [
                125.38764955100008,
                12.279829180000036
              ],
              [
                125.38665515000001,
                12.269048250000022
              ],
              [
                125.37526850700011,
                12.264605803000052
              ],
              [
                125.36293184600004,
                12.281782046000043
              ],
              [
                125.36830375300008,
                12.290720924000023
              ],
              [
                125.38026729200011,
                12.288519374000034
              ],
              [
                125.38435919200003,
                12.298683684000025
              ],
              [
                125.37987363800005,
                12.302581649000047
              ],
              [
                125.35400688100003,
                12.300592685000025
              ],
              [
                125.35886706700013,
                12.291922023000039
              ],
              [
                125.3505242560001,
                12.285799399000041
              ],
              [
                125.34594632000005,
                12.274692738000056
              ],
              [
                125.33810784100001,
                12.269327080000037
              ],
              [
                125.32585580500006,
                12.274845673000073
              ],
              [
                125.32313117600008,
                12.28218463400003
              ]
            ]
          ],
          [
            [
              [
                125.55665006900006,
                12.109301455000036
              ],
              [
                125.56299610600001,
                12.098760004000042
              ],
              [
                125.56668964100005,
                12.107656123000027
              ],
              [
                125.55665006900006,
                12.109301455000036
              ]
            ]
          ],
          [
            [
              [
                125.46758266800008,
                11.861965087000042
              ],
              [
                125.46782510100002,
                11.855126451000046
              ],
              [
                125.47417113700008,
                11.85015786500003
              ],
              [
                125.47926222700005,
                11.854428621000068
              ],
              [
                125.47538330100008,
                11.860639243000039
              ],
              [
                125.46758266800008,
                11.861965087000042
              ]
            ]
          ],
          [
            [
              [
                125.66911349700001,
                11.090814979000072
              ],
              [
                125.68436422900004,
                11.09959238600004
              ],
              [
                125.68310537300012,
                11.108448654000028
              ],
              [
                125.678474961,
                11.11171854200006
              ],
              [
                125.66401282200002,
                11.111136515000057
              ],
              [
                125.66473722900004,
                11.101961697000036
              ],
              [
                125.66911349700001,
                11.090814979000072
              ]
            ]
          ],
          [
            [
              [
                125.57777159900002,
                11.093013544000028
              ],
              [
                125.58542049300003,
                11.099516826000068
              ],
              [
                125.57555626300008,
                11.107277198000077
              ],
              [
                125.56882536900002,
                11.100184491000048
              ],
              [
                125.57777159900002,
                11.093013544000028
              ]
            ]
          ],
          [
            [
              [
                125.69118528800004,
                11.032590680000053
              ],
              [
                125.71112909400006,
                11.044008294000035
              ],
              [
                125.69763917800005,
                11.054444533000039
              ],
              [
                125.67942575000006,
                11.059511800000053
              ],
              [
                125.67671992400007,
                11.054275914000069
              ],
              [
                125.69118528800004,
                11.032590680000053
              ]
            ]
          ],
          [
            [
              [
                125.76907984700007,
                11.032569952000074
              ],
              [
                125.76359619800007,
                11.030083786000034
              ],
              [
                125.76319980800008,
                11.014265006000072
              ],
              [
                125.77328948600007,
                11.003896670000074
              ],
              [
                125.79094539400012,
                10.994170737000045
              ],
              [
                125.80598903500005,
                10.971950881000057
              ],
              [
                125.81265886800007,
                10.966652410000052
              ],
              [
                125.81892393400005,
                10.955516067000072
              ],
              [
                125.8247331030001,
                10.93865038200005
              ],
              [
                125.83838542000002,
                10.940516992000026
              ],
              [
                125.83105022700009,
                10.961366223000027
              ],
              [
                125.82600097100011,
                10.96998269000005
              ],
              [
                125.8164518850001,
                10.97476325200006
              ],
              [
                125.80867097100008,
                10.982607081000026
              ],
              [
                125.79594989000009,
                11.005728156000032
              ],
              [
                125.78751548700008,
                11.012316092000049
              ],
              [
                125.784134793,
                11.020531289000074
              ],
              [
                125.77355210100005,
                11.031491273000025
              ],
              [
                125.76907984700007,
                11.032569952000074
              ]
            ]
          ],
          [
            [
              [
                125.64007007700003,
                10.974748445000046
              ],
              [
                125.65286099200013,
                10.981114990000039
              ],
              [
                125.65628726300008,
                10.995631333000059
              ],
              [
                125.65200422200007,
                11.004207413000076
              ],
              [
                125.62328672600006,
                11.005018560000053
              ],
              [
                125.6165827010001,
                11.00137352400003
              ],
              [
                125.61799062700004,
                10.98746650600003
              ],
              [
                125.62380486100004,
                10.982072538000068
              ],
              [
                125.64007007700003,
                10.974748445000046
              ]
            ]
          ],
          [
            [
              [
                125.69156611400001,
                10.822411887000042
              ],
              [
                125.67706516900012,
                10.811231037000026
              ],
              [
                125.66057628000011,
                10.791110677000061
              ],
              [
                125.65886486400008,
                10.780152804000066
              ],
              [
                125.66242691900005,
                10.773748858000033
              ],
              [
                125.66001241300013,
                10.760158747000048
              ],
              [
                125.6704095030001,
                10.746081130000048
              ],
              [
                125.68120440000007,
                10.741874093000034
              ],
              [
                125.69634664800003,
                10.731109736000066
              ],
              [
                125.69750419600007,
                10.724898330000029
              ],
              [
                125.70968339500007,
                10.722877929000049
              ],
              [
                125.72517859400013,
                10.71772929700006
              ],
              [
                125.73782396500008,
                10.703404187000045
              ],
              [
                125.74406258200008,
                10.693769648000059
              ],
              [
                125.75515368000003,
                10.688425591000055
              ],
              [
                125.7658385960001,
                10.688493305000067
              ],
              [
                125.77629915600006,
                10.692923259000052
              ],
              [
                125.80053174100011,
                10.691006480000055
              ],
              [
                125.81078660100002,
                10.696651878000068
              ],
              [
                125.81120431400007,
                10.70291936600006
              ],
              [
                125.81996691600011,
                10.717941875000067
              ],
              [
                125.81286371600004,
                10.729705985000066
              ],
              [
                125.80235087400001,
                10.73411472600003
              ],
              [
                125.78326763800008,
                10.738656174000027
              ],
              [
                125.75933450100001,
                10.73740093500004
              ],
              [
                125.75196508600004,
                10.740156384000045
              ],
              [
                125.73382176200005,
                10.739858433000052
              ],
              [
                125.71856222100008,
                10.746037992000021
              ],
              [
                125.71988639900007,
                10.752229969000043
              ],
              [
                125.71077205000006,
                10.760780663000048
              ],
              [
                125.71362131600004,
                10.777277871000024
              ],
              [
                125.7228046240001,
                10.785056189000041
              ],
              [
                125.72720946100003,
                10.79753137100005
              ],
              [
                125.72215939500006,
                10.807353629000033
              ],
              [
                125.70173063100003,
                10.821116803000052
              ],
              [
                125.69156611400001,
                10.822411887000042
              ]
            ]
          ],
          [
            [
              [
                125.95743532100003,
                10.775903415000071
              ],
              [
                125.94072058200003,
                10.771225068000035
              ],
              [
                125.94822567700011,
                10.764847126000062
              ],
              [
                125.95008260300006,
                10.75732521100002
              ],
              [
                125.96387794100009,
                10.748514774000059
              ],
              [
                125.9690611530001,
                10.750957467000035
              ],
              [
                125.95743532100003,
                10.775903415000071
              ]
            ]
          ]
        ]
      }
    },
    {
      "type": "Feature",
      "properties": {
        "geo_id": "geo_ph_0043",
        "name": "Samar Island expedition",
        "component": "Northern Samar",
        "source_psgc": "0804800000",
        "source_boundary_level": "province"
      },
      "geometry": {
        "type": "MultiPolygon",
        "coordinates": [
          [
            [
              [
                124.3636642780001,
                12.66119393900004
              ],
              [
                124.36605158800012,
                12.654552146000071
              ],
              [
                124.37450452100006,
                12.651442286000075
              ],
              [
                124.38142649800012,
                12.64395757100004
              ],
              [
                124.39138272300012,
                12.643210886000075
              ],
              [
                124.39606744000004,
                12.651066181000031
              ],
              [
                124.3876855100001,
                12.664442749000047
              ],
              [
                124.39169663100004,
                12.67395946400006
              ],
              [
                124.37696406500004,
                12.682844396000064
              ],
              [
                124.36664273200006,
                12.693686820000039
              ],
              [
                124.3543804860001,
                12.69571420500006
              ],
              [
                124.36182253400013,
                12.680924050000046
              ],
              [
                124.3636642780001,
                12.66119393900004
              ]
            ]
          ],
          [
            [
              [
                125.06232414200008,
                12.686053397000023
              ],
              [
                125.04830693100006,
                12.680802854000037
              ],
              [
                125.03756174600005,
                12.68216028100005
              ],
              [
                125.0293902640001,
                12.66765334300004
              ],
              [
                125.02912365700001,
                12.64945585000004
              ],
              [
                125.04758276200005,
                12.646243467000032
              ],
              [
                125.0487324500001,
                12.642049014000065
              ],
              [
                125.05891814900008,
                12.637840927000067
              ],
              [
                125.05306103700003,
                12.622452573000029
              ],
              [
                125.04018964600003,
                12.624820088000037
              ],
              [
                125.03343252200011,
                12.620901038000058
              ],
              [
                125.0397839520001,
                12.614144688000065
              ],
              [
                125.06480601300008,
                12.606287817000066
              ],
              [
                125.08926960600003,
                12.602655877000075
              ],
              [
                125.0872131530001,
                12.609964708000064
              ],
              [
                125.08973033300003,
                12.618153265000048
              ],
              [
                125.07703084000003,
                12.621990157000026
              ],
              [
                125.07365980500003,
                12.627662127000063
              ],
              [
                125.07568376200005,
                12.641923237000071
              ],
              [
                125.06973720400005,
                12.648749513000041
              ],
              [
                125.074226822,
                12.663000968000064
              ],
              [
                125.06232414200008,
                12.686053397000023
              ]
            ]
          ],
          [
            [
              [
                124.39859138500003,
                12.677986656000026
              ],
              [
                124.3953276320001,
                12.674475506000022
              ],
              [
                124.4036723910001,
                12.664151444000026
              ],
              [
                124.42481527600012,
                12.650982122000073
              ],
              [
                124.42720072900009,
                12.658832248000067
              ],
              [
                124.42205854100008,
                12.668945655000067
              ],
              [
                124.41377639500003,
                12.665227768000022
              ],
              [
                124.40915929000005,
                12.674626694000041
              ],
              [
                124.39859138500003,
                12.677986656000026
              ]
            ]
          ],
          [
            [
              [
                124.99908512900005,
                12.66356058100007
              ],
              [
                124.98842615100011,
                12.656541497000031
              ],
              [
                124.99040764700011,
                12.64812639300004
              ],
              [
                125.00044290200005,
                12.642486860000075
              ],
              [
                125.0112742970001,
                12.641600386000048
              ],
              [
                125.0109138580001,
                12.652155183000048
              ],
              [
                125.00541915200007,
                12.663396701000067
              ],
              [
                124.99908512900005,
                12.66356058100007
              ]
            ]
          ],
          [
            [
              [
                124.3639079200001,
                12.64322230400006
              ],
              [
                124.36742623300006,
                12.64643649000004
              ],
              [
                124.36218229000008,
                12.660331236000049
              ],
              [
                124.35575392900013,
                12.65659687900006
              ],
              [
                124.3639079200001,
                12.64322230400006
              ]
            ]
          ],
          [
            [
              [
                124.41735314300001,
                12.627617761000067
              ],
              [
                124.42328719100011,
                12.627484376000043
              ],
              [
                124.43170541500001,
                12.634332466000046
              ],
              [
                124.42861172700009,
                12.644455875000062
              ],
              [
                124.41735314300001,
                12.627617761000067
              ]
            ]
          ],
          [
            [
              [
                125.0596453710001,
                12.584892670000045
              ],
              [
                125.05332869600011,
                12.588682068000024
              ],
              [
                125.03348412500009,
                12.586322615000027
              ],
              [
                125.02555447900012,
                12.590021948000068
              ],
              [
                125.0119313870001,
                12.603722077000045
              ],
              [
                125.01599622200003,
                12.612103330000025
              ],
              [
                125.01101975300003,
                12.625143339000031
              ],
              [
                125.00143475700008,
                12.637981952000072
              ],
              [
                124.98931122300007,
                12.642256875000044
              ],
              [
                124.98970028600003,
                12.630347268000037
              ],
              [
                124.99435659300003,
                12.624848079000058
              ],
              [
                124.99204644300006,
                12.611901210000038
              ],
              [
                125.00098679100007,
                12.606028155000043
              ],
              [
                125.00062676000005,
                12.587259058000027
              ],
              [
                125.00649638900005,
                12.581848669000065
              ],
              [
                125.00309445500011,
                12.576060059000042
              ],
              [
                125.02128413900006,
                12.562024290000064
              ],
              [
                125.02561583100011,
                12.55738730100006
              ],
              [
                125.02828129200009,
                12.557637256000023
              ],
              [
                125.03006492600004,
                12.556045766000068
              ],
              [
                125.03401132500007,
                12.552414078000025
              ],
              [
                125.04484785000012,
                12.555292352000034
              ],
              [
                125.04823827100006,
                12.551609896000059
              ],
              [
                125.05913597800007,
                12.557940625000072
              ],
              [
                125.05986380900003,
                12.564203296000073
              ],
              [
                125.06908984100005,
                12.569103968000034
              ],
              [
                125.0596453710001,
                12.584892670000045
              ]
            ]
          ],
          [
            [
              [
                124.36718993200007,
                12.58977744300006
              ],
              [
                124.37291872200002,
                12.588102877000038
              ],
              [
                124.38194033500008,
                12.592221624000045
              ],
              [
                124.39100765800004,
                12.584680758000047
              ],
              [
                124.39980860400011,
                12.588626264000025
              ],
              [
                124.39061793500002,
                12.606078908000029
              ],
              [
                124.37989283800006,
                12.615738072000058
              ],
              [
                124.37156773200002,
                12.617300324000041
              ],
              [
                124.36529602100006,
                12.62487738400006
              ],
              [
                124.35418786400008,
                12.623694164000026
              ],
              [
                124.35832398000002,
                12.595093141000063
              ],
              [
                124.36718993200007,
                12.58977744300006
              ]
            ]
          ],
          [
            [
              [
                124.4385722920001,
                12.623913268000022
              ],
              [
                124.42982535800002,
                12.619196986000075
              ],
              [
                124.43786120900006,
                12.610416509000059
              ],
              [
                124.44692700900009,
                12.616547996000065
              ],
              [
                124.4385722920001,
                12.623913268000022
              ]
            ]
          ],
          [
            [
              [
                125.14325907700005,
                12.601889530000049
              ],
              [
                125.13636330700001,
                12.59411416900002
              ],
              [
                125.1397426850001,
                12.58705124100004
              ],
              [
                125.14882252400002,
                12.58939668800002
              ],
              [
                125.14325907700005,
                12.601889530000049
              ]
            ]
          ],
          [
            [
              [
                124.35431713700008,
                12.585202917000057
              ],
              [
                124.36224364100008,
                12.563555389000042
              ],
              [
                124.36889030800012,
                12.562226600000029
              ],
              [
                124.38278177900008,
                12.568314488000055
              ],
              [
                124.38543460800008,
                12.580812125000023
              ],
              [
                124.37403211500009,
                12.581459309000024
              ],
              [
                124.36506881000001,
                12.589335211000044
              ],
              [
                124.35431713700008,
                12.585202917000057
              ]
            ]
          ],
          [
            [
              [
                124.48600973400005,
                12.586446556000052
              ],
              [
                124.47451738400004,
                12.578706981000039
              ],
              [
                124.48962622500007,
                12.570194834000063
              ],
              [
                124.49508288900006,
                12.54809838800003
              ],
              [
                124.51276428700011,
                12.542512205000037
              ],
              [
                124.52109550300008,
                12.543710887000033
              ],
              [
                124.51599380000006,
                12.554349342000021
              ],
              [
                124.49786890900009,
                12.57616229800004
              ],
              [
                124.48600973400005,
                12.586446556000052
              ]
            ]
          ],
          [
            [
              [
                125.32313117600008,
                12.28218463400003
              ],
              [
                125.32933853600002,
                12.281112351000045
              ],
              [
                125.33628368200006,
                12.273899536000044
              ],
              [
                125.3421671980001,
                12.290615924000065
              ],
              [
                125.33779898100012,
                12.29705993300007
              ],
              [
                125.32942053100011,
                12.297995908000072
              ],
              [
                125.33767179200004,
                12.31644644600004
              ],
              [
                125.32461531700005,
                12.307690554000033
              ],
              [
                125.31855576200006,
                12.29896013800004
              ],
              [
                125.30963674500003,
                12.298951042000054
              ],
              [
                125.2932114140001,
                12.290056774000051
              ],
              [
                125.28762865900002,
                12.299475276000067
              ],
              [
                125.29159908500003,
                12.307428649000029
              ],
              [
                125.29725138200003,
                12.303884558000048
              ],
              [
                125.30398927500006,
                12.31399628100007
              ],
              [
                125.30192816200008,
                12.317868639000041
              ],
              [
                125.31220570100004,
                12.327151465000039
              ],
              [
                125.30624944300007,
                12.333842960000025
              ],
              [
                125.29887736400009,
                12.327613369000064
              ],
              [
                125.29006114700007,
                12.33077896900005
              ],
              [
                125.28630063400011,
                12.33713636200002
              ],
              [
                125.2928353310001,
                12.34383597300007
              ],
              [
                125.28706644200008,
                12.347679414000027
              ],
              [
                125.28632525600007,
                12.356319772000063
              ],
              [
                125.29815975100007,
                12.366941603000043
              ],
              [
                125.2993359520001,
                12.376923260000067
              ],
              [
                125.30540099500001,
                12.388939486000023
              ],
              [
                125.29864947700001,
                12.396826530000054
              ],
              [
                125.30388950100009,
                12.401462861000027
              ],
              [
                125.31095602200003,
                12.397467577000043
              ],
              [
                125.32347282900002,
                12.401261864000046
              ],
              [
                125.3321548450001,
                12.396434877000045
              ],
              [
                125.33451268400006,
                12.408068280000066
              ],
              [
                125.32015774600006,
                12.413308596000034
              ],
              [
                125.30885859400007,
                12.413589602000062
              ],
              [
                125.30094337600009,
                12.421422161000068
              ],
              [
                125.28895284600003,
                12.444972935000061
              ],
              [
                125.29314792800005,
                12.456550411000022
              ],
              [
                125.29126904500004,
                12.467958206000047
              ],
              [
                125.26978541000004,
                12.477484584000022
              ],
              [
                125.26254461600001,
                12.472380481000071
              ],
              [
                125.25641142900008,
                12.47884232200005
              ],
              [
                125.26566721000005,
                12.489096043000071
              ],
              [
                125.25589241000013,
                12.492726716000051
              ],
              [
                125.24021011000004,
                12.512980763000032
              ],
              [
                125.23300320500005,
                12.515103271000042
              ],
              [
                125.22556380100004,
                12.522576336000043
              ],
              [
                125.21425554900007,
                12.523305928000067
              ],
              [
                125.21062768600005,
                12.534127821000029
              ],
              [
                125.19950957800006,
                12.536973283000066
              ],
              [
                125.1819537030001,
                12.55636383800004
              ],
              [
                125.15158693500007,
                12.574036881000039
              ],
              [
                125.14230600100008,
                12.574265173000072
              ],
              [
                125.11011916700011,
                12.563812925000036
              ],
              [
                125.10149665600011,
                12.57009713700006
              ],
              [
                125.10002560700003,
                12.581221317000029
              ],
              [
                125.08697002400004,
                12.582447691000029
              ],
              [
                125.07988137200003,
                12.577354504000025
              ],
              [
                125.07281713600004,
                12.57882228300002
              ],
              [
                125.0720687280001,
                12.569525165000073
              ],
              [
                125.0809043180001,
                12.559726302000058
              ],
              [
                125.07943654900009,
                12.54513500400003
              ],
              [
                125.07534430900012,
                12.536280582000073
              ],
              [
                125.06163141300011,
                12.538091984000062
              ],
              [
                125.05020252100006,
                12.543450563000022
              ],
              [
                125.04061575200002,
                12.535187235000024
              ],
              [
                125.02924289700002,
                12.530364467000025
              ],
              [
                125.02514553000002,
                12.532391332000028
              ],
              [
                125.02333410000006,
                12.536188974000027
              ],
              [
                125.02041360500003,
                12.550065247000072
              ],
              [
                125.01304309400008,
                12.564608789000035
              ],
              [
                125.0069257790001,
                12.565484489000028
              ],
              [
                125.00163740000006,
                12.559327037000061
              ],
              [
                124.98799629300005,
                12.552214401000072
              ],
              [
                124.97355797800003,
                12.551128213000027
              ],
              [
                124.96096178700009,
                12.560211845000026
              ],
              [
                124.96425606700006,
                12.564140697000026
              ],
              [
                124.95934637600011,
                12.575912083000048
              ],
              [
                124.953614764,
                12.578528737000058
              ],
              [
                124.942825608,
                12.571737321000057
              ],
              [
                124.93027073400003,
                12.56687649300005
              ],
              [
                124.90319397200005,
                12.567001280000055
              ],
              [
                124.89250101900005,
                12.571649571000025
              ],
              [
                124.88661714600005,
                12.577939352000042
              ],
              [
                124.874572401,
                12.57498710400006
              ],
              [
                124.8825698160001,
                12.565843461000044
              ],
              [
                124.88018585100009,
                12.55334435200007
              ],
              [
                124.87057650300005,
                12.541521564000048
              ],
              [
                124.85757044200011,
                12.532977747000071
              ],
              [
                124.82955462400004,
                12.529007004000047
              ],
              [
                124.81079559600006,
                12.53165245100007
              ],
              [
                124.80141141800006,
                12.54134916300006
              ],
              [
                124.7736797880001,
                12.527576896000028
              ],
              [
                124.76519844600011,
                12.528250722000053
              ],
              [
                124.76130203200013,
                12.523599052000066
              ],
              [
                124.74718624800006,
                12.516792120000046
              ],
              [
                124.71941034300006,
                12.514489689000072
              ],
              [
                124.71229866900002,
                12.517161690000023
              ],
              [
                124.70494963400007,
                12.512280553000034
              ],
              [
                124.69567765500005,
                12.51490406300007
              ],
              [
                124.67685799100002,
                12.508694542000057
              ],
              [
                124.65534901900004,
                12.515154440000059
              ],
              [
                124.64720124100008,
                12.508350710000057
              ],
              [
                124.6330521650001,
                12.508202337000055
              ],
              [
                124.61618813500002,
                12.512451028000045
              ],
              [
                124.58885044800003,
                12.521211267000067
              ],
              [
                124.56852790300002,
                12.52906555000004
              ],
              [
                124.56168565700011,
                12.534140603000026
              ],
              [
                124.55437550600006,
                12.523960206000025
              ],
              [
                124.5401068010001,
                12.527090220000046
              ],
              [
                124.530923819,
                12.52130021800002
              ],
              [
                124.52215238500004,
                12.522337142000026
              ],
              [
                124.51150664400008,
                12.519423363000044
              ],
              [
                124.49444218300006,
                12.53376894200005
              ],
              [
                124.47730744000013,
                12.536652847000026
              ],
              [
                124.46645204200003,
                12.52141730300002
              ],
              [
                124.45908395700008,
                12.529821291000074
              ],
              [
                124.46652781600005,
                12.534668001000055
              ],
              [
                124.46740765700008,
                12.540693889000067
              ],
              [
                124.45760506800002,
                12.541007076000025
              ],
              [
                124.44952277900006,
                12.533458073000077
              ],
              [
                124.43600342400009,
                12.536117945000058
              ],
              [
                124.42982606800003,
                12.530341640000076
              ],
              [
                124.42341710500011,
                12.53350003200006
              ],
              [
                124.42080686500005,
                12.545164223000025
              ],
              [
                124.41305486500005,
                12.549368284000026
              ],
              [
                124.39996397800009,
                12.549203129000034
              ],
              [
                124.40590023900005,
                12.56114408500002
              ],
              [
                124.38752974800002,
                12.563446945000065
              ],
              [
                124.39234447800004,
                12.551534275000055
              ],
              [
                124.3872419710001,
                12.54499252100004
              ],
              [
                124.3743690990001,
                12.54619973900003
              ],
              [
                124.37231946200008,
                12.55584374500006
              ],
              [
                124.35789548000002,
                12.552043657000066
              ],
              [
                124.357055908,
                12.538127779000034
              ],
              [
                124.35342609900009,
                12.536357371000067
              ],
              [
                124.34531429100004,
                12.545723979000057
              ],
              [
                124.32930396600013,
                12.535263467000048
              ],
              [
                124.31728210300001,
                12.55909335100006
              ],
              [
                124.29856898200002,
                12.56392458700003
              ],
              [
                124.29730190200009,
                12.574786145000072
              ],
              [
                124.28889002400003,
                12.582766732000039
              ],
              [
                124.27993879600001,
                12.58283594000005
              ],
              [
                124.2702690530001,
                12.571358011000028
              ],
              [
                124.27289501200006,
                12.566726861000063
              ],
              [
                124.26620254300008,
                12.559618085000068
              ],
              [
                124.2628046330001,
                12.544582078000074
              ],
              [
                124.26735793100009,
                12.541206622000063
              ],
              [
                124.27301283200006,
                12.525034487000026
              ],
              [
                124.28267527000003,
                12.516196236000042
              ],
              [
                124.28411629400011,
                12.505735053000024
              ],
              [
                124.2811921880001,
                12.496749050000062
              ],
              [
                124.28688020500012,
                12.488141125000025
              ],
              [
                124.28236035700002,
                12.478191225000046
              ],
              [
                124.29042007400004,
                12.460691962000055
              ],
              [
                124.30191652100007,
                12.455078151000063
              ],
              [
                124.31105035800012,
                12.442353222000069
              ],
              [
                124.31073081000012,
                12.437534662000076
              ],
              [
                124.32205359100008,
                12.42726460400007
              ],
              [
                124.32447245000004,
                12.40663980900007
              ],
              [
                124.32291996100004,
                12.402506300000026
              ],
              [
                124.32874112700007,
                12.390058745000033
              ],
              [
                124.34097819100009,
                12.376099299000034
              ],
              [
                124.33516511700007,
                12.36765996300005
              ],
              [
                124.33576018500003,
                12.351510794000035
              ],
              [
                124.333172751,
                12.34802827100003
              ],
              [
                124.3422076610001,
                12.317256145000044
              ],
              [
                124.33837420400005,
                12.31478433700005
              ],
              [
                124.34723297200003,
                12.298890668000071
              ],
              [
                124.345436145,
                12.291979161000029
              ],
              [
                124.35472085400012,
                12.288939591000029
              ],
              [
                124.35739338700012,
                12.281708523000077
              ],
              [
                124.36841836500003,
                12.283196331000052
              ],
              [
                124.42632817000005,
                12.283301340000037
              ],
              [
                124.47708579200001,
                12.34096342300006
              ],
              [
                124.48980371500012,
                12.331030033000046
              ],
              [
                124.51175930900003,
                12.326589778000026
              ],
              [
                124.51666026800001,
                12.315449646000047
              ],
              [
                124.5949738710001,
                12.252414318000033
              ],
              [
                124.59298314000013,
                12.260343319000071
              ],
              [
                124.60154314500004,
                12.264455994000057
              ],
              [
                124.61705272900008,
                12.25293091900005
              ],
              [
                124.60823009600007,
                12.242421338000042
              ],
              [
                124.62653126700002,
                12.228430569000066
              ],
              [
                124.64856456300004,
                12.234697057000062
              ],
              [
                124.64881725600003,
                12.243071856000029
              ],
              [
                124.65744595900004,
                12.241858185000067
              ],
              [
                124.66395427800012,
                12.251582995000035
              ],
              [
                124.67260615600003,
                12.254165949000024
              ],
              [
                124.67746106000004,
                12.245325002000072
              ],
              [
                124.70963361000008,
                12.27783331200004
              ],
              [
                124.75239134100003,
                12.262225584000078
              ],
              [
                124.7922166410001,
                12.240866626000068
              ],
              [
                124.84402041200009,
                12.217657946000033
              ],
              [
                124.83217120800009,
                12.174381966000052
              ],
              [
                124.85798196200005,
                12.137552355000023
              ],
              [
                124.86831908600004,
                12.165273406000038
              ],
              [
                124.9007523780001,
                12.233276589000068
              ],
              [
                124.90726746500002,
                12.252334253000074
              ],
              [
                124.911418421,
                12.245613691000075
              ],
              [
                124.92910333100008,
                12.23562228400004
              ],
              [
                124.9486492640001,
                12.230541531000027
              ],
              [
                124.97507719400005,
                12.227870578000022
              ],
              [
                124.99363217000005,
                12.230696290000026
              ],
              [
                125.0196413990001,
                12.240434260000027
              ],
              [
                125.03602115700004,
                12.24528407500003
              ],
              [
                125.11634618700009,
                12.283582044000068
              ],
              [
                125.15079612000011,
                12.285214755000025
              ],
              [
                125.16829145700002,
                12.282900013000074
              ],
              [
                125.17549145400007,
                12.300438468000038
              ],
              [
                125.17902764100005,
                12.30139639300006
              ],
              [
                125.20077071300013,
                12.328511285000047
              ],
              [
                125.21125053700007,
                12.347840308000057
              ],
              [
                125.22332809400007,
                12.349578051000037
              ],
              [
                125.24429816900012,
                12.328873455000066
              ],
              [
                125.25197261900007,
                12.326799179000034
              ],
              [
                125.27484419300004,
                12.29001494100004
              ],
              [
                125.27426833100002,
                12.273242662000028
              ],
              [
                125.27682743700007,
                12.266380463000075
              ],
              [
                125.2973949970001,
                12.270467058000065
              ],
              [
                125.29665704600006,
                12.27602028000007
              ],
              [
                125.30736256500006,
                12.281189457000037
              ],
              [
                125.32313117600008,
                12.28218463400003
              ]
            ]
          ],
          [
            [
              [
                124.45362067900008,
                12.543853237000063
              ],
              [
                124.4564953260001,
                12.551782198000067
              ],
              [
                124.4532891460001,
                12.559640076000047
              ],
              [
                124.43530908800007,
                12.561323513000046
              ],
              [
                124.43617655000003,
                12.568689568000025
              ],
              [
                124.43106756200005,
                12.573737519000074
              ],
              [
                124.42274232800001,
                12.574914171000044
              ],
              [
                124.41853789700006,
                12.56409716100006
              ],
              [
                124.41305536100005,
                12.55944034500004
              ],
              [
                124.4265944770001,
                12.54482095800006
              ],
              [
                124.43440940900007,
                12.539056253000068
              ],
              [
                124.44730221600003,
                12.53601201900005
              ],
              [
                124.45362067900008,
                12.543853237000063
              ]
            ]
          ],
          [
            [
              [
                125.01888276400007,
                12.560868381000034
              ],
              [
                125.02317363000009,
                12.549309040000027
              ],
              [
                125.02652709600012,
                12.532804367000036
              ],
              [
                125.03239503300004,
                12.536026441000045
              ],
              [
                125.0423378380001,
                12.53814767400007
              ],
              [
                125.03785794500006,
                12.546126513000049
              ],
              [
                125.02888692400008,
                12.549258861000057
              ],
              [
                125.02769040800001,
                12.551539846000027
              ],
              [
                125.02887586200008,
                12.556432492000058
              ],
              [
                125.0243297520001,
                12.557233188000055
              ],
              [
                125.01888276400007,
                12.560868381000034
              ]
            ]
          ],
          [
            [
              [
                124.1504850560001,
                12.409811282000017
              ],
              [
                124.16275247300005,
                12.399152486000046
              ],
              [
                124.17388696300009,
                12.386468756000054
              ],
              [
                124.18261956700009,
                12.381197363000068
              ],
              [
                124.19054209300009,
                12.389173864000039
              ],
              [
                124.19323900200006,
                12.400586897000037
              ],
              [
                124.19243896300009,
                12.412697074000048
              ],
              [
                124.18083835800007,
                12.425376861000075
              ],
              [
                124.16466494500003,
                12.456303332000063
              ],
              [
                124.14184764600009,
                12.48051381000005
              ],
              [
                124.13684691700008,
                12.472384666000037
              ],
              [
                124.13380358800009,
                12.45602694000007
              ],
              [
                124.13912755800004,
                12.442234754000026
              ],
              [
                124.13898042200005,
                12.431874639000057
              ],
              [
                124.14691145600011,
                12.419607955000062
              ],
              [
                124.1504850560001,
                12.409811282000017
              ]
            ]
          ],
          [
            [
              [
                124.24631350200004,
                12.459477827000056
              ],
              [
                124.23989289200006,
                12.452591321000058
              ],
              [
                124.24115417800012,
                12.440466185000048
              ],
              [
                124.24801416300011,
                12.416821708000041
              ],
              [
                124.2485041110001,
                12.408124564000046
              ],
              [
                124.25613679000003,
                12.385827405000041
              ],
              [
                124.26965420300009,
                12.363250756000072
              ],
              [
                124.27739352100002,
                12.363032332000044
              ],
              [
                124.28241900000013,
                12.37143037100003
              ],
              [
                124.28571685100009,
                12.385509228000048
              ],
              [
                124.27889182800006,
                12.408700940000072
              ],
              [
                124.27986469000007,
                12.413625414000023
              ],
              [
                124.2683241310001,
                12.434689139000058
              ],
              [
                124.25237619500002,
                12.45696772800005
              ],
              [
                124.24631350200004,
                12.459477827000056
              ]
            ]
          ],
          [
            [
              [
                124.00464983000008,
                12.378820362000054
              ],
              [
                124.00972705900007,
                12.38050856800004
              ],
              [
                124.02119218100005,
                12.39605782600006
              ],
              [
                124.00533680400008,
                12.394437879000066
              ],
              [
                124.00464983000008,
                12.378820362000054
              ]
            ]
          ],
          [
            [
              [
                124.06434000900003,
                12.37466174600007
              ],
              [
                124.07294634200002,
                12.358680580000055
              ],
              [
                124.07928027700008,
                12.361771687000044
              ],
              [
                124.07828028900006,
                12.37175076400007
              ],
              [
                124.06413310900008,
                12.384897468000075
              ],
              [
                124.05610125300007,
                12.382359001000056
              ],
              [
                124.06434000900003,
                12.37466174600007
              ]
            ]
          ],
          [
            [
              [
                124.03821018400004,
                12.337565077000022
              ],
              [
                124.0451253440001,
                12.341505215000039
              ],
              [
                124.05228061700008,
                12.338604483000042
              ],
              [
                124.06103227700011,
                12.343590530000032
              ],
              [
                124.06091024000011,
                12.352878892000035
              ],
              [
                124.05522463900002,
                12.359355228000029
              ],
              [
                124.04648771400002,
                12.352552727000047
              ],
              [
                124.04563264300009,
                12.345991250000052
              ],
              [
                124.03821018400004,
                12.337565077000022
              ]
            ]
          ],
          [
            [
              [
                124.11090457800005,
                12.28185051500003
              ],
              [
                124.09912142300003,
                12.290655919000072
              ],
              [
                124.08994219900002,
                12.288244286000063
              ],
              [
                124.08555004100002,
                12.278799383000033
              ],
              [
                124.09761728900004,
                12.275706589000034
              ],
              [
                124.09959967000009,
                12.261105976000065
              ],
              [
                124.10971281800006,
                12.261785795000037
              ],
              [
                124.11373956700004,
                12.277194349000068
              ],
              [
                124.11090457800005,
                12.28185051500003
              ]
            ]
          ]
        ]
      }
    },
    {
      "type": "Feature",
      "properties": {
        "geo_id": "geo_ph_0043",
        "name": "Samar Island expedition",
        "component": "Samar",
        "source_psgc": "0806000000",
        "source_boundary_level": "province"
      },
      "geometry": {
        "type": "MultiPolygon",
        "coordinates": [
          [
            [
              [
                125.16829145700002,
                12.282900013000074
              ],
              [
                125.15079612000011,
                12.285214755000025
              ],
              [
                125.11634618700009,
                12.283582044000068
              ],
              [
                125.03602115700004,
                12.24528407500003
              ],
              [
                125.0196413990001,
                12.240434260000027
              ],
              [
                124.99363217000005,
                12.230696290000026
              ],
              [
                124.97507719400005,
                12.227870578000022
              ],
              [
                124.9486492640001,
                12.230541531000027
              ],
              [
                124.92910333100008,
                12.23562228400004
              ],
              [
                124.911418421,
                12.245613691000075
              ],
              [
                124.90726746500002,
                12.252334253000074
              ],
              [
                124.9007523780001,
                12.233276589000068
              ],
              [
                124.86831908600004,
                12.165273406000038
              ],
              [
                124.85798196200005,
                12.137552355000023
              ],
              [
                124.83217120800009,
                12.174381966000052
              ],
              [
                124.84402041200009,
                12.217657946000033
              ],
              [
                124.7922166410001,
                12.240866626000068
              ],
              [
                124.75239134100003,
                12.262225584000078
              ],
              [
                124.70963361000008,
                12.27783331200004
              ],
              [
                124.67746106000004,
                12.245325002000072
              ],
              [
                124.67260615600003,
                12.254165949000024
              ],
              [
                124.66395427800012,
                12.251582995000035
              ],
              [
                124.65744595900004,
                12.241858185000067
              ],
              [
                124.64881725600003,
                12.243071856000029
              ],
              [
                124.64856456300004,
                12.234697057000062
              ],
              [
                124.62653126700002,
                12.228430569000066
              ],
              [
                124.60823009600007,
                12.242421338000042
              ],
              [
                124.61705272900008,
                12.25293091900005
              ],
              [
                124.60154314500004,
                12.264455994000057
              ],
              [
                124.59298314000013,
                12.260343319000071
              ],
              [
                124.5949738710001,
                12.252414318000033
              ],
              [
                124.51666026800001,
                12.315449646000047
              ],
              [
                124.51175930900003,
                12.326589778000026
              ],
              [
                124.48980371500012,
                12.331030033000046
              ],
              [
                124.47708579200001,
                12.34096342300006
              ],
              [
                124.42632817000005,
                12.283301340000037
              ],
              [
                124.36841836500003,
                12.283196331000052
              ],
              [
                124.35739338700012,
                12.281708523000077
              ],
              [
                124.36023033100004,
                12.26670880800003
              ],
              [
                124.3667250090001,
                12.256282593000037
              ],
              [
                124.37026357900005,
                12.243760336000038
              ],
              [
                124.38351597000008,
                12.21778969300004
              ],
              [
                124.39045583900008,
                12.195106796000061
              ],
              [
                124.40226768000002,
                12.189613471000028
              ],
              [
                124.41634454900009,
                12.180249944000021
              ],
              [
                124.42189864300009,
                12.168433981000021
              ],
              [
                124.42651788500007,
                12.169871210000053
              ],
              [
                124.4387726770001,
                12.163596664000067
              ],
              [
                124.45047214500003,
                12.152978216000065
              ],
              [
                124.45453407700006,
                12.142666993000034
              ],
              [
                124.46185805300001,
                12.13715466900004
              ],
              [
                124.47252815500008,
                12.121864829000058
              ],
              [
                124.47383139500006,
                12.112618769000047
              ],
              [
                124.48381957600009,
                12.103002034000042
              ],
              [
                124.49379306100002,
                12.09916891000006
              ],
              [
                124.50390595100008,
                12.090715921000028
              ],
              [
                124.50018923600011,
                12.083190622000073
              ],
              [
                124.51197414,
                12.08271436900003
              ],
              [
                124.5212517760001,
                12.075997147000068
              ],
              [
                124.52789562600005,
                12.06350874100002
              ],
              [
                124.53574273400011,
                12.05826361100003
              ],
              [
                124.54623300700007,
                12.059011906000025
              ],
              [
                124.56638506700006,
                12.066567254000063
              ],
              [
                124.5773886070001,
                12.065143564000039
              ],
              [
                124.59427351600004,
                12.06597374900002
              ],
              [
                124.61658138400003,
                12.056535555000037
              ],
              [
                124.63517852300004,
                12.052539806000029
              ],
              [
                124.64941737800007,
                12.043323365000047
              ],
              [
                124.66462003000004,
                12.027874155000063
              ],
              [
                124.67457875000002,
                12.02108543900005
              ],
              [
                124.67677984800001,
                12.015673761000075
              ],
              [
                124.69023594200006,
                12.003768380000054
              ],
              [
                124.6925987200001,
                11.985363246000073
              ],
              [
                124.68650774900006,
                11.976528758000029
              ],
              [
                124.69145434300003,
                11.96247421000004
              ],
              [
                124.7050822560001,
                11.94501659300005
              ],
              [
                124.71323040700008,
                11.942154814000048
              ],
              [
                124.72086235000008,
                11.944224035000044
              ],
              [
                124.72654023600012,
                11.933695802000043
              ],
              [
                124.74216854300005,
                11.926678170000054
              ],
              [
                124.749164564,
                11.91342814400002
              ],
              [
                124.7449938110001,
                11.896082118000038
              ],
              [
                124.75591930700011,
                11.90269057800003
              ],
              [
                124.78870499300002,
                11.909745275000034
              ],
              [
                124.7940323690001,
                11.912978500000065
              ],
              [
                124.80759241200009,
                11.90105199800007
              ],
              [
                124.80344389200002,
                11.893184877000063
              ],
              [
                124.79719290900005,
                11.904557203000024
              ],
              [
                124.79320790200008,
                11.894640690000072
              ],
              [
                124.79896102200006,
                11.886424188000037
              ],
              [
                124.78071844200007,
                11.881643585000061
              ],
              [
                124.78925355500007,
                11.868978712000056
              ],
              [
                124.78504106600008,
                11.86209458600007
              ],
              [
                124.79791092800009,
                11.858703984000044
              ],
              [
                124.80393758400011,
                11.851580543000068
              ],
              [
                124.80446892100007,
                11.843987959000057
              ],
              [
                124.81882848100008,
                11.845888372000044
              ],
              [
                124.82421033900006,
                11.835869962000062
              ],
              [
                124.83588722600008,
                11.830416181000034
              ],
              [
                124.83934680800007,
                11.817300286000034
              ],
              [
                124.8303160600001,
                11.812242975000062
              ],
              [
                124.83095349300004,
                11.799222003000066
              ],
              [
                124.8399537470001,
                11.802729998000073
              ],
              [
                124.8363928010001,
                11.812405897000072
              ],
              [
                124.84262379400002,
                11.816871213000068
              ],
              [
                124.85000278000007,
                11.812226396000028
              ],
              [
                124.85643458100003,
                11.813658492000059
              ],
              [
                124.86511246600004,
                11.797995806000074
              ],
              [
                124.86364373800008,
                11.786953489000041
              ],
              [
                124.8682619430001,
                11.782089449000066
              ],
              [
                124.87730224400003,
                11.782188537000023
              ],
              [
                124.88515147100007,
                11.762436779000039
              ],
              [
                124.88457887800006,
                11.75670038600003
              ],
              [
                124.89269365200005,
                11.75074333000003
              ],
              [
                124.90097564300005,
                11.754975434000071
              ],
              [
                124.90864400900013,
                11.740830519000042
              ],
              [
                124.91895434100002,
                11.743232873000068
              ],
              [
                124.95131353800002,
                11.76119784900004
              ],
              [
                124.95989328000007,
                11.767300541000054
              ],
              [
                124.97225471700007,
                11.767916462000072
              ],
              [
                124.99475736400008,
                11.777709164000045
              ],
              [
                124.99958910600004,
                11.77540968100004
              ],
              [
                125.01292376900005,
                11.77848712800005
              ],
              [
                125.02238681000006,
                11.76552994900004
              ],
              [
                125.032458098,
                11.765026393000028
              ],
              [
                125.04441908200009,
                11.749525153000034
              ],
              [
                125.0235784340001,
                11.729388201000061
              ],
              [
                125.00967931000002,
                11.702848536000033
              ],
              [
                124.99290998600009,
                11.686142037000023
              ],
              [
                124.981386014,
                11.680819381000049
              ],
              [
                124.97348665900007,
                11.667136438000059
              ],
              [
                124.97712043500009,
                11.654256822000034
              ],
              [
                124.98883159700006,
                11.638584516000035
              ],
              [
                124.98965839800006,
                11.627288400000053
              ],
              [
                124.99469819800005,
                11.619385221000071
              ],
              [
                124.98497889900011,
                11.61696540100007
              ],
              [
                124.97184293000008,
                11.608382609000042
              ],
              [
                124.96683944100005,
                11.600740716000075
              ],
              [
                124.95729883300008,
                11.59638216400003
              ],
              [
                124.960235011,
                11.582479101000049
              ],
              [
                124.94950290700001,
                11.571945298000058
              ],
              [
                124.93727553300005,
                11.573967995000032
              ],
              [
                124.92716582900005,
                11.567218217000061
              ],
              [
                124.91051250500006,
                11.576535902000044
              ],
              [
                124.89622711900006,
                11.573141297000062
              ],
              [
                124.88935916900004,
                11.578650049000032
              ],
              [
                124.88017804800008,
                11.568405244000076
              ],
              [
                124.87771721700005,
                11.560437181000053
              ],
              [
                124.8826903710001,
                11.555411424000058
              ],
              [
                124.89321638700005,
                11.554458979000058
              ],
              [
                124.89602715100013,
                11.547315177000028
              ],
              [
                124.89366355600009,
                11.538729608000038
              ],
              [
                124.88688411900011,
                11.533938273000047
              ],
              [
                124.87190364300011,
                11.533336769000071
              ],
              [
                124.86751052900003,
                11.542323678000061
              ],
              [
                124.86020649500006,
                11.547161321000031
              ],
              [
                124.84879388800006,
                11.541725489000044
              ],
              [
                124.84162823300005,
                11.531532981000057
              ],
              [
                124.83475633400008,
                11.530468032000044
              ],
              [
                124.83257385100002,
                11.512758531000033
              ],
              [
                124.8218520140001,
                11.51084735100005
              ],
              [
                124.83169910500011,
                11.49843926700004
              ],
              [
                124.82972555700009,
                11.490716957000075
              ],
              [
                124.83157768600007,
                11.478183748000049
              ],
              [
                124.83806273300002,
                11.474824350000064
              ],
              [
                124.84029821400009,
                11.465541196000057
              ],
              [
                124.85189658900003,
                11.463243043000038
              ],
              [
                124.87551906300008,
                11.47250600800004
              ],
              [
                124.88632217400003,
                11.47196521500007
              ],
              [
                124.88484799100003,
                11.485543920000055
              ],
              [
                124.89285706100007,
                11.494676183000026
              ],
              [
                124.8941745840001,
                11.507199826000031
              ],
              [
                124.90648552800008,
                11.49704107900004
              ],
              [
                124.89955414300003,
                11.492502149000071
              ],
              [
                124.90290890800009,
                11.481681362000076
              ],
              [
                124.9023363010001,
                11.470665944000073
              ],
              [
                124.91470574100002,
                11.468023571000062
              ],
              [
                124.91929552400008,
                11.459594894000073
              ],
              [
                124.935176092,
                11.454134450000026
              ],
              [
                124.94064937900009,
                11.448705848000031
              ],
              [
                124.94774070800008,
                11.452489806000074
              ],
              [
                124.9597959030001,
                11.454299623000054
              ],
              [
                124.96504928700006,
                11.444560467000032
              ],
              [
                124.9636307500001,
                11.43224096800003
              ],
              [
                124.97773140800008,
                11.430082699000025
              ],
              [
                124.98811453300003,
                11.416668103000061
              ],
              [
                124.98601447600004,
                11.395148807000053
              ],
              [
                124.9900718470001,
                11.387513834000062
              ],
              [
                124.98614517200008,
                11.381542722000063
              ],
              [
                124.993178037,
                11.369885965000037
              ],
              [
                124.993349093,
                11.351249747000054
              ],
              [
                124.98550647900004,
                11.341636641000036
              ],
              [
                124.98201532300006,
                11.33153721900004
              ],
              [
                124.97552797300011,
                11.325835521000043
              ],
              [
                124.97394935600005,
                11.30924058200003
              ],
              [
                124.97961426600011,
                11.296041868000032
              ],
              [
                124.97765472400012,
                11.28469534100003
              ],
              [
                124.98857088600005,
                11.285626787000067
              ],
              [
                125.00499343600006,
                11.267873593000045
              ],
              [
                125.01145685200004,
                11.27622056800004
              ],
              [
                125.01946788500004,
                11.277622990000053
              ],
              [
                125.027832212,
                11.274521514000067
              ],
              [
                125.04480258000001,
                11.281249925000052
              ],
              [
                125.06622868500006,
                11.277869864000024
              ],
              [
                125.07172167900002,
                11.282526439000039
              ],
              [
                125.08581716900005,
                11.279753112000035
              ],
              [
                125.10222233500008,
                11.279791834000035
              ],
              [
                125.12442659700004,
                11.284242653000037
              ],
              [
                125.13821140400012,
                11.282091320000061
              ],
              [
                125.1510497180001,
                11.27535613200007
              ],
              [
                125.16021739500003,
                11.260540803000026
              ],
              [
                125.16731370800005,
                11.256129078000074
              ],
              [
                125.16728346200011,
                11.249212581000052
              ],
              [
                125.1771483550001,
                11.234171503000027
              ],
              [
                125.17471012600004,
                11.229000900000072
              ],
              [
                125.182517888,
                11.212833906000071
              ],
              [
                125.17955675500002,
                11.201993473000073
              ],
              [
                125.1822203260001,
                11.194794860000059
              ],
              [
                125.18956427000012,
                11.191481276000045
              ],
              [
                125.19425552300004,
                11.183798696000052
              ],
              [
                125.19369600600008,
                11.171948326000063
              ],
              [
                125.20027251200007,
                11.146767707000036
              ],
              [
                125.20459173200004,
                11.14264444300005
              ],
              [
                125.20226612400006,
                11.134233295000058
              ],
              [
                125.20863763000013,
                11.125847098000065
              ],
              [
                125.21180161400002,
                11.109337545000074
              ],
              [
                125.20720027600011,
                11.106225783000069
              ],
              [
                125.20929185400007,
                11.098093531000075
              ],
              [
                125.2352902120001,
                11.085927619000074
              ],
              [
                125.24251935400002,
                11.093029469000044
              ],
              [
                125.2466330740001,
                11.122447398000071
              ],
              [
                125.24096438700009,
                11.151653059000068
              ],
              [
                125.24661632000006,
                11.158922365000022
              ],
              [
                125.24516387200003,
                11.17380995900004
              ],
              [
                125.24690071700003,
                11.21118228000006
              ],
              [
                125.246335917,
                11.311455266000051
              ],
              [
                125.28066316600007,
                11.361909573000046
              ],
              [
                125.30911645700007,
                11.396150008000062
              ],
              [
                125.28565771500006,
                11.422534495000038
              ],
              [
                125.24267355900007,
                11.433261028000059
              ],
              [
                125.22074837000004,
                11.446147317000056
              ],
              [
                125.21329426300008,
                11.471111887000063
              ],
              [
                125.22197650200008,
                11.486198664000026
              ],
              [
                125.22234098300011,
                11.516194788000062
              ],
              [
                125.21642020100013,
                11.52838463300003
              ],
              [
                125.21038826200002,
                11.550841041000067
              ],
              [
                125.16104075300008,
                11.564051392000067
              ],
              [
                125.1716666860001,
                11.583237104000034
              ],
              [
                125.17756998200002,
                11.603603475000057
              ],
              [
                125.18022646500002,
                11.63843292000007
              ],
              [
                125.21763722000003,
                11.627072688000055
              ],
              [
                125.23009378200004,
                11.639759928000046
              ],
              [
                125.25419052700009,
                11.657900176000053
              ],
              [
                125.28287505800004,
                11.675657267000075
              ],
              [
                125.27900492300012,
                11.714472447000045
              ],
              [
                125.27049977100013,
                11.757305849000032
              ],
              [
                125.2688080260001,
                11.827750626000066
              ],
              [
                125.25328902000001,
                11.87214929500004
              ],
              [
                125.24062638200006,
                11.895869560000051
              ],
              [
                125.2339716670001,
                11.918785394000054
              ],
              [
                125.22550176000004,
                11.937736278000044
              ],
              [
                125.19247005000013,
                12.00366525800007
              ],
              [
                125.14155645500013,
                12.009628130000065
              ],
              [
                125.12540541200008,
                12.075039856000048
              ],
              [
                125.1274242920001,
                12.17881031200005
              ],
              [
                125.155553,
                12.206284656000035
              ],
              [
                125.16829145700002,
                12.282900013000074
              ]
            ]
          ],
          [
            [
              [
                124.17556782400005,
                12.031037765000065
              ],
              [
                124.1783039940001,
                12.040405675000045
              ],
              [
                124.18987988700007,
                12.047749862000046
              ],
              [
                124.19722620100005,
                12.046239243000057
              ],
              [
                124.20192293500008,
                12.053424118000066
              ],
              [
                124.22631671200008,
                12.063856407000058
              ],
              [
                124.23690060300011,
                12.064651843000037
              ],
              [
                124.23616731700008,
                12.07729511900004
              ],
              [
                124.22269215600012,
                12.083944361000022
              ],
              [
                124.21056198700012,
                12.075555928000028
              ],
              [
                124.20455951500004,
                12.078920196000066
              ],
              [
                124.18841779700007,
                12.077821456000038
              ],
              [
                124.18190233100007,
                12.081075992000024
              ],
              [
                124.17232435300004,
                12.07380132000003
              ],
              [
                124.1681956330001,
                12.076779183000038
              ],
              [
                124.15761520900001,
                12.06262553600004
              ],
              [
                124.15009180900006,
                12.06243082800006
              ],
              [
                124.15163964700001,
                12.053692901000034
              ],
              [
                124.14517634300012,
                12.046776657000066
              ],
              [
                124.14817955200012,
                12.042543183000076
              ],
              [
                124.16031902800013,
                12.042940460000064
              ],
              [
                124.17556782400005,
                12.031037765000065
              ]
            ]
          ],
          [
            [
              [
                124.40902392500003,
                11.960254519000047
              ],
              [
                124.41211987800011,
                11.958373841000023
              ],
              [
                124.42884945100003,
                11.960440536000021
              ],
              [
                124.4338927120001,
                11.966933442000025
              ],
              [
                124.43634386100008,
                11.977470909000033
              ],
              [
                124.4289056880001,
                11.988547323000036
              ],
              [
                124.41517508700008,
                11.990807979000063
              ],
              [
                124.40384412200001,
                11.985694020000036
              ],
              [
                124.4095000100001,
                11.979876814000024
              ],
              [
                124.40354300900005,
                11.966782088000057
              ],
              [
                124.40902392500003,
                11.960254519000047
              ]
            ]
          ],
          [
            [
              [
                124.29563770800007,
                11.894816486000023
              ],
              [
                124.31326339500004,
                11.906963578000044
              ],
              [
                124.31603809700006,
                11.923242497000045
              ],
              [
                124.33451554800003,
                11.93913104400002
              ],
              [
                124.33219224600009,
                11.960211246000027
              ],
              [
                124.29918240300005,
                11.941004848000034
              ],
              [
                124.30106389800005,
                11.936574357000039
              ],
              [
                124.2875932190001,
                11.925287706000063
              ],
              [
                124.27878152100004,
                11.921720942000036
              ],
              [
                124.27793898400013,
                11.908338143000035
              ],
              [
                124.28593624000007,
                11.909912973000075
              ],
              [
                124.28246421300003,
                11.89773826800007
              ],
              [
                124.29253818500001,
                11.899707314000068
              ],
              [
                124.29563770800007,
                11.894816486000023
              ]
            ]
          ],
          [
            [
              [
                124.36536418700007,
                11.95256057000006
              ],
              [
                124.36192452600005,
                11.943790873000069
              ],
              [
                124.36487816500005,
                11.937102695000021
              ],
              [
                124.37271552500012,
                11.939881729000035
              ],
              [
                124.37453233800012,
                11.951013555000031
              ],
              [
                124.36536418700007,
                11.95256057000006
              ]
            ]
          ],
          [
            [
              [
                124.44590735200008,
                11.882599194000022
              ],
              [
                124.45271010500005,
                11.880561495000052
              ],
              [
                124.46697638200011,
                11.890715585000065
              ],
              [
                124.4600192050001,
                11.89849939000004
              ],
              [
                124.4630124800001,
                11.902520759000025
              ],
              [
                124.46067968500006,
                11.916305327000032
              ],
              [
                124.44432787400002,
                11.931851837000067
              ],
              [
                124.42814897000005,
                11.920672123000031
              ],
              [
                124.42337165200001,
                11.921455418000047
              ],
              [
                124.42019947000006,
                11.907146209000075
              ],
              [
                124.4135125460001,
                11.898444562000066
              ],
              [
                124.41658243300004,
                11.89095573700007
              ],
              [
                124.42450703100009,
                11.890579348000076
              ],
              [
                124.43330941500005,
                11.885644883000055
              ],
              [
                124.44590735200008,
                11.882599194000022
              ]
            ]
          ],
          [
            [
              [
                124.64038496100012,
                11.920957904000035
              ],
              [
                124.632219082,
                11.915586898000072
              ],
              [
                124.63718059800011,
                11.902428815000064
              ],
              [
                124.64821046900012,
                11.899286574000028
              ],
              [
                124.65802136200011,
                11.892005549000032
              ],
              [
                124.65877660700006,
                11.90117248100006
              ],
              [
                124.66447313000005,
                11.908622080000042
              ],
              [
                124.64413079500002,
                11.908615474000044
              ],
              [
                124.64038496100012,
                11.920957904000035
              ]
            ]
          ],
          [
            [
              [
                124.69163610000011,
                11.829976971000065
              ],
              [
                124.70779162200006,
                11.82449681400004
              ],
              [
                124.70799025800011,
                11.833953397000068
              ],
              [
                124.69564608000007,
                11.835869647000036
              ],
              [
                124.69163610000011,
                11.829976971000065
              ]
            ]
          ],
          [
            [
              [
                124.67735128800008,
                11.817251006000047
              ],
              [
                124.68609542900005,
                11.81852346200003
              ],
              [
                124.68769533700005,
                11.826944431000072
              ],
              [
                124.67548790100012,
                11.823640524000039
              ],
              [
                124.67735128800008,
                11.817251006000047
              ]
            ]
          ],
          [
            [
              [
                124.76569160500003,
                11.69763829200002
              ],
              [
                124.77440319600008,
                11.707297262000052
              ],
              [
                124.77076350700007,
                11.712200661000054
              ],
              [
                124.77510368800006,
                11.730083851000073
              ],
              [
                124.74943827000006,
                11.723213491000022
              ],
              [
                124.75523547700004,
                11.704221730000025
              ],
              [
                124.76569160500003,
                11.69763829200002
              ]
            ]
          ],
          [
            [
              [
                124.70693311600009,
                11.70721327900003
              ],
              [
                124.71467063700004,
                11.705515845000035
              ],
              [
                124.7247140400001,
                11.695927237000033
              ],
              [
                124.72024177800004,
                11.673059806000024
              ],
              [
                124.73188226700007,
                11.67327113500005
              ],
              [
                124.732341313,
                11.66342705100004
              ],
              [
                124.74105082200003,
                11.650356155000054
              ],
              [
                124.74798574800002,
                11.649947027000055
              ],
              [
                124.74989932800008,
                11.64250320900004
              ],
              [
                124.75591719800002,
                11.640494280000041
              ],
              [
                124.76062805000004,
                11.629519057000039
              ],
              [
                124.7679562720001,
                11.627850348000038
              ],
              [
                124.78221648300006,
                11.609461454000042
              ],
              [
                124.78647379400003,
                11.599727969000071
              ],
              [
                124.7814131670001,
                11.594977289000042
              ],
              [
                124.76621654100006,
                11.605617676000067
              ],
              [
                124.76076943500004,
                11.59914157300005
              ],
              [
                124.7649673750001,
                11.576471034000065
              ],
              [
                124.78098989900003,
                11.567858853000073
              ],
              [
                124.7921727900001,
                11.56960397900002
              ],
              [
                124.80715273600003,
                11.565160964000027
              ],
              [
                124.80207803600001,
                11.557839685000031
              ],
              [
                124.79080085700004,
                11.55973476100007
              ],
              [
                124.78973157200004,
                11.555331566000062
              ],
              [
                124.79470703000004,
                11.543813295000062
              ],
              [
                124.8042320300001,
                11.543275443000029
              ],
              [
                124.81085683000003,
                11.535605456000042
              ],
              [
                124.8235157270001,
                11.530000145000027
              ],
              [
                124.83917322900005,
                11.549467884000023
              ],
              [
                124.83390712000006,
                11.556606217000022
              ],
              [
                124.83653604800008,
                11.590280437000043
              ],
              [
                124.84370491700008,
                11.596663204000038
              ],
              [
                124.84198424400007,
                11.605152477000043
              ],
              [
                124.83258471600004,
                11.603148120000071
              ],
              [
                124.82325073900007,
                11.607321409000063
              ],
              [
                124.81364824700006,
                11.602385730000037
              ],
              [
                124.80883536700003,
                11.609604551000077
              ],
              [
                124.80004543000007,
                11.60885138400005
              ],
              [
                124.8025898730001,
                11.599725966000053
              ],
              [
                124.79503286200008,
                11.600040663000073
              ],
              [
                124.78749341900004,
                11.620823415000077
              ],
              [
                124.79557507900005,
                11.621568758000024
              ],
              [
                124.79153979200011,
                11.63004062500005
              ],
              [
                124.80198546600002,
                11.643540758000027
              ],
              [
                124.79989000000012,
                11.649575877000075
              ],
              [
                124.78780331800012,
                11.656520602000056
              ],
              [
                124.7869394510001,
                11.663130865000028
              ],
              [
                124.77616784800011,
                11.670779433000064
              ],
              [
                124.767767251,
                11.670630452000069
              ],
              [
                124.78233176800008,
                11.68414204100003
              ],
              [
                124.77418179500012,
                11.691271968000024
              ],
              [
                124.76913942200007,
                11.685808878000048
              ],
              [
                124.75413780300006,
                11.68613468900003
              ],
              [
                124.75713116800011,
                11.695021510000059
              ],
              [
                124.7528854630001,
                11.700468302000047
              ],
              [
                124.74060876100009,
                11.70168924400002
              ],
              [
                124.74196286800009,
                11.712752680000053
              ],
              [
                124.73261368900013,
                11.716657705000049
              ],
              [
                124.72681824100006,
                11.729077384000048
              ],
              [
                124.71657821600003,
                11.723853990000068
              ],
              [
                124.72948077300008,
                11.716691846000058
              ],
              [
                124.72218421700008,
                11.708628333000036
              ],
              [
                124.70839987700002,
                11.712657429000046
              ],
              [
                124.70693311600009,
                11.70721327900003
              ]
            ]
          ],
          [
            [
              [
                124.86988436100012,
                11.715034884000032
              ],
              [
                124.87481633700007,
                11.704195275000076
              ],
              [
                124.88028660100008,
                11.707573358000047
              ],
              [
                124.86988436100012,
                11.715034884000032
              ]
            ]
          ],
          [
            [
              [
                124.86118637100003,
                11.619510579000064
              ],
              [
                124.88004233400011,
                11.624553214000061
              ],
              [
                124.87707732400008,
                11.631993672000021
              ],
              [
                124.87871054500012,
                11.63967773400003
              ],
              [
                124.87097897300009,
                11.648236344000054
              ],
              [
                124.8781874340001,
                11.657589402000042
              ],
              [
                124.8899927980001,
                11.665627713000049
              ],
              [
                124.89413986900003,
                11.67187548000004
              ],
              [
                124.8894661920001,
                11.680880025000022
              ],
              [
                124.88152850000007,
                11.680708079000054
              ],
              [
                124.87155055400002,
                11.674323783000032
              ],
              [
                124.86125050700004,
                11.676546492000055
              ],
              [
                124.86520934300006,
                11.68577723100003
              ],
              [
                124.85892404800005,
                11.692711711000074
              ],
              [
                124.84600233800005,
                11.684979849000056
              ],
              [
                124.82864780300008,
                11.698125974000048
              ],
              [
                124.83106111300003,
                11.704745943000036
              ],
              [
                124.82527130200003,
                11.708771148000041
              ],
              [
                124.82609598300007,
                11.678130613000064
              ],
              [
                124.83313376800004,
                11.667194005000054
              ],
              [
                124.83095839300006,
                11.658993480000047
              ],
              [
                124.84169166500011,
                11.640340140000035
              ],
              [
                124.83512901800007,
                11.634371879000069
              ],
              [
                124.84045241400008,
                11.628156615000021
              ],
              [
                124.84560674000012,
                11.635799113000072
              ],
              [
                124.85547363300009,
                11.629227559000071
              ],
              [
                124.86118637100003,
                11.619510579000064
              ]
            ]
          ],
          [
            [
              [
                124.88684540200006,
                11.579787614000054
              ],
              [
                124.89441184100008,
                11.593759842000054
              ],
              [
                124.89218436100008,
                11.608878482000023
              ],
              [
                124.87773953200006,
                11.59128961500005
              ],
              [
                124.88698236900007,
                11.58494172400003
              ],
              [
                124.88684540200006,
                11.579787614000054
              ]
            ]
          ]
        ]
      }
    }
  ]
}
