{
  "type": "FeatureCollection",
  "features": [
    {
      "type": "Feature",
      "properties": {
        "geo_id": "geo_kh_0037",
        "name": "Kratie",
        "boundary_level": "province",
        "osm_type": "relation",
        "osm_id": 2200456,
        "source_checked_at": "2026-10-01"
      },
      "geometry": {
        "type": "Polygon",
        "coordinates": [
          [
            [
              105.58718,
              13.215129
            ],
            [
              105.588337,
              13.208706
            ],
            [
              105.596165,
              13.191544
            ],
            [
              105.599564,
              13.181285
            ],
            [
              105.601349,
              13.172853
            ],
            [
              105.601673,
              13.162086
            ],
            [
              105.604662,
              13.152344
            ],
            [
              105.611421,
              13.14915
            ],
            [
              105.612613,
              13.147359
            ],
            [
              105.613105,
              13.142713
            ],
            [
              105.61391,
              13.141232
            ],
            [
              105.61889,
              13.139304
            ],
            [
              105.623463,
              13.134958
            ],
            [
              105.62926,
              13.13172
            ],
            [
              105.633445,
              13.130986
            ],
            [
              105.635143,
              13.130007
            ],
            [
              105.638284,
              13.125183
            ],
            [
              105.639674,
              13.11885
            ],
            [
              105.646404,
              13.114187
            ],
            [
              105.647453,
              13.111971
            ],
            [
              105.647912,
              13.103772
            ],
            [
              105.64625,
              13.100773
            ],
            [
              105.646442,
              13.097884
            ],
            [
              105.645732,
              13.095719
            ],
            [
              105.640886,
              13.085815
            ],
            [
              105.64027,
              13.0835
            ],
            [
              105.641065,
              13.082776
            ],
            [
              105.640964,
              13.079979
            ],
            [
              105.636983,
              13.073156
            ],
            [
              105.637589,
              13.071916
            ],
            [
              105.635693,
              13.064435
            ],
            [
              105.631865,
              13.062038
            ],
            [
              105.63193,
              13.060398
            ],
            [
              105.630965,
              13.058911
            ],
            [
              105.633765,
              13.05364
            ],
            [
              105.642001,
              13.030114
            ],
            [
              105.645351,
              13.015864
            ],
            [
              105.649463,
              13.006725
            ],
            [
              105.649975,
              13.000059
            ],
            [
              105.642713,
              12.986847
            ],
            [
              105.642282,
              12.983475
            ],
            [
              105.643662,
              12.980376
            ],
            [
              105.649305,
              12.973092
            ],
            [
              105.653922,
              12.971903
            ],
            [
              105.656182,
              12.970026
            ],
            [
              105.662603,
              12.969395
            ],
            [
              105.671046,
              12.959799
            ],
            [
              105.676139,
              12.957236
            ],
            [
              105.677215,
              12.955965
            ],
            [
              105.677815,
              12.951415
            ],
            [
              105.676006,
              12.946591
            ],
            [
              105.672333,
              12.940497
            ],
            [
              105.670397,
              12.933955
            ],
            [
              105.668934,
              12.932322
            ],
            [
              105.662258,
              12.929541
            ],
            [
              105.658908,
              12.926673
            ],
            [
              105.656177,
              12.925487
            ],
            [
              105.655155,
              12.923604
            ],
            [
              105.655203,
              12.919592
            ],
            [
              105.66143,
              12.903506
            ],
            [
              105.662303,
              12.902652
            ],
            [
              105.674763,
              12.89825
            ],
            [
              105.678205,
              12.895845
            ],
            [
              105.685896,
              12.879248
            ],
            [
              105.686705,
              12.873512
            ],
            [
              105.690304,
              12.8655
            ],
            [
              105.685323,
              12.848577
            ],
            [
              105.683244,
              12.844182
            ],
            [
              105.68046,
              12.84034
            ],
            [
              105.672517,
              12.833835
            ],
            [
              105.671389,
              12.831944
            ],
            [
              105.671488,
              12.828113
            ],
            [
              105.675051,
              12.824193
            ],
            [
              105.675666,
              12.820961
            ],
            [
              105.680684,
              12.818329
            ],
            [
              105.684825,
              12.810524
            ],
            [
              105.679304,
              12.806208
            ],
            [
              105.679812,
              12.797728
            ],
            [
              105.680688,
              12.795831
            ],
            [
              105.680061,
              12.790892
            ],
            [
              105.676266,
              12.77978
            ],
            [
              105.679666,
              12.775336
            ],
            [
              105.68586,
              12.773576
            ],
            [
              105.685745,
              12.771344
            ],
            [
              105.687427,
              12.764159
            ],
            [
              105.690341,
              12.75538
            ],
            [
              105.693323,
              12.753442
            ],
            [
              105.697188,
              12.74803
            ],
            [
              105.697087,
              12.745051
            ],
            [
              105.691644,
              12.73389
            ],
            [
              105.691946,
              12.728061
            ],
            [
              105.691149,
              12.721849
            ],
            [
              105.694974,
              12.718674
            ],
            [
              105.696804,
              12.71188
            ],
            [
              105.698708,
              12.708638
            ],
            [
              105.712537,
              12.692651
            ],
            [
              105.711848,
              12.677369
            ],
            [
              105.713121,
              12.673768
            ],
            [
              105.716346,
              12.668849
            ],
            [
              105.718203,
              12.663383
            ],
            [
              105.722638,
              12.638552
            ],
            [
              105.722749,
              12.633306
            ],
            [
              105.721683,
              12.627036
            ],
            [
              105.718889,
              12.621971
            ],
            [
              105.717805,
              12.616743
            ],
            [
              105.717252,
              12.596112
            ],
            [
              105.718865,
              12.588137
            ],
            [
              105.721056,
              12.583681
            ],
            [
              105.722182,
              12.579072
            ],
            [
              105.721902,
              12.570389
            ],
            [
              105.722825,
              12.564391
            ],
            [
              105.729268,
              12.548676
            ],
            [
              105.730764,
              12.538433
            ],
            [
              105.730778,
              12.523153
            ],
            [
              105.733176,
              12.517016
            ],
            [
              105.733404,
              12.505437
            ],
            [
              105.734838,
              12.502054
            ],
            [
              105.733949,
              12.492698
            ],
            [
              105.740309,
              12.47356
            ],
            [
              105.746047,
              12.467351
            ],
            [
              105.749786,
              12.459496
            ],
            [
              105.761803,
              12.423571
            ],
            [
              105.768224,
              12.401484
            ],
            [
              105.77326,
              12.373162
            ],
            [
              105.774932,
              12.358314
            ],
            [
              105.775943,
              12.335327
            ],
            [
              105.771056,
              12.31608
            ],
            [
              105.76629,
              12.313112
            ],
            [
              105.76531,
              12.310879
            ],
            [
              105.763981,
              12.311664
            ],
            [
              105.762544,
              12.310786
            ],
            [
              105.761994,
              12.31252
            ],
            [
              105.761414,
              12.311622
            ],
            [
              105.760755,
              12.31205
            ],
            [
              105.761298,
              12.313537
            ],
            [
              105.760349,
              12.313756
            ],
            [
              105.759273,
              12.313163
            ],
            [
              105.759063,
              12.311627
            ],
            [
              105.75776,
              12.312537
            ],
            [
              105.755525,
              12.310025
            ],
            [
              105.755084,
              12.308113
            ],
            [
              105.753981,
              12.307637
            ],
            [
              105.754002,
              12.306076
            ],
            [
              105.751718,
              12.304345
            ],
            [
              105.749695,
              12.3053
            ],
            [
              105.747849,
              12.303075
            ],
            [
              105.745233,
              12.304742
            ],
            [
              105.744522,
              12.302885
            ],
            [
              105.743058,
              12.302047
            ],
            [
              105.741385,
              12.299317
            ],
            [
              105.745025,
              12.293566
            ],
            [
              105.745023,
              12.286581
            ],
            [
              105.740025,
              12.286711
            ],
            [
              105.736451,
              12.285317
            ],
            [
              105.732156,
              12.281233
            ],
            [
              105.72108,
              12.277985
            ],
            [
              105.721307,
              12.273772
            ],
            [
              105.724627,
              12.26955
            ],
            [
              105.740783,
              12.259911
            ],
            [
              105.745896,
              12.25861
            ],
            [
              105.76341,
              12.257564
            ],
            [
              105.766267,
              12.257907
            ],
            [
              105.771163,
              12.260268
            ],
            [
              105.783144,
              12.258529
            ],
            [
              105.814892,
              12.260103
            ],
            [
              105.830255,
              12.257537
            ],
            [
              105.830964,
              12.255981
            ],
            [
              105.831101,
              12.25119
            ],
            [
              105.830219,
              12.24133
            ],
            [
              105.831575,
              12.23838
            ],
            [
              105.834591,
              12.236182
            ],
            [
              105.834734,
              12.23199
            ],
            [
              105.83757,
              12.23073
            ],
            [
              105.838018,
              12.228508
            ],
            [
              105.837555,
              12.225663
            ],
            [
              105.838079,
              12.221954
            ],
            [
              105.836304,
              12.21958
            ],
            [
              105.838325,
              12.217009
            ],
            [
              105.839955,
              12.21313
            ],
            [
              105.842077,
              12.211486
            ],
            [
              105.841775,
              12.209442
            ],
            [
              105.843014,
              12.205402
            ],
            [
              105.84502,
              12.204224
            ],
            [
              105.849222,
              12.204785
            ],
            [
              105.852341,
              12.202275
            ],
            [
              105.853669,
              12.203456
            ],
            [
              105.854147,
              12.209166
            ],
            [
              105.856207,
              12.208996
            ],
            [
              105.859706,
              12.211658
            ],
            [
              105.858864,
              12.214901
            ],
            [
              105.860379,
              12.218427
            ],
            [
              105.86003,
              12.219936
            ],
            [
              105.860445,
              12.220509
            ],
            [
              105.863442,
              12.220238
            ],
            [
              105.864829,
              12.222683
            ],
            [
              105.865871,
              12.222536
            ],
            [
              105.867238,
              12.218989
            ],
            [
              105.869558,
              12.218888
            ],
            [
              105.868948,
              12.216556
            ],
            [
              105.870584,
              12.215056
            ],
            [
              105.873439,
              12.216618
            ],
            [
              105.874492,
              12.21497
            ],
            [
              105.8754,
              12.216209
            ],
            [
              105.876927,
              12.216361
            ],
            [
              105.87736,
              12.216917
            ],
            [
              105.8762,
              12.218706
            ],
            [
              105.877524,
              12.219377
            ],
            [
              105.879335,
              12.217596
            ],
            [
              105.878972,
              12.216644
            ],
            [
              105.879746,
              12.21501
            ],
            [
              105.88115,
              12.215665
            ],
            [
              105.881723,
              12.215122
            ],
            [
              105.881885,
              12.211546
            ],
            [
              105.883191,
              12.211537
            ],
            [
              105.883338,
              12.214605
            ],
            [
              105.883942,
              12.214899
            ],
            [
              105.885476,
              12.21334
            ],
            [
              105.88832,
              12.21228
            ],
            [
              105.888301,
              12.213189
            ],
            [
              105.890851,
              12.21236
            ],
            [
              105.893858,
              12.210386
            ],
            [
              105.896527,
              12.211352
            ],
            [
              105.896504,
              12.211986
            ],
            [
              105.900038,
              12.212518
            ],
            [
              105.901019,
              12.213694
            ],
            [
              105.903785,
              12.214686
            ],
            [
              105.909684,
              12.213812
            ],
            [
              105.908689,
              12.216429
            ],
            [
              105.907767,
              12.216473
            ],
            [
              105.909128,
              12.21827
            ],
            [
              105.908177,
              12.220141
            ],
            [
              105.909273,
              12.220854
            ],
            [
              105.909958,
              12.219492
            ],
            [
              105.911926,
              12.220339
            ],
            [
              105.912008,
              12.218832
            ],
            [
              105.910615,
              12.217676
            ],
            [
              105.910958,
              12.217032
            ],
            [
              105.912939,
              12.216037
            ],
            [
              105.914293,
              12.216853
            ],
            [
              105.915715,
              12.215813
            ],
            [
              105.914948,
              12.213556
            ],
            [
              105.919496,
              12.215872
            ],
            [
              105.922834,
              12.215562
            ],
            [
              105.927456,
              12.217865
            ],
            [
              105.92847,
              12.218587
            ],
            [
              105.929695,
              12.22179
            ],
            [
              105.9311,
              12.222043
            ],
            [
              105.931711,
              12.221431
            ],
            [
              105.930855,
              12.218123
            ],
            [
              105.932726,
              12.212926
            ],
            [
              105.933992,
              12.212651
            ],
            [
              105.93495,
              12.214385
            ],
            [
              105.935863,
              12.214476
            ],
            [
              105.941026,
              12.212062
            ],
            [
              105.941902,
              12.209031
            ],
            [
              105.944413,
              12.207479
            ],
            [
              105.943328,
              12.204091
            ],
            [
              105.944075,
              12.199972
            ],
            [
              105.947911,
              12.196771
            ],
            [
              105.948808,
              12.196988
            ],
            [
              105.951112,
              12.199821
            ],
            [
              105.952589,
              12.198467
            ],
            [
              105.953437,
              12.198536
            ],
            [
              105.953704,
              12.201012
            ],
            [
              105.954265,
              12.201303
            ],
            [
              105.955895,
              12.200055
            ],
            [
              105.956113,
              12.19786
            ],
            [
              105.957737,
              12.197646
            ],
            [
              105.959025,
              12.195821
            ],
            [
              105.963212,
              12.196784
            ],
            [
              105.964921,
              12.198024
            ],
            [
              105.965512,
              12.196234
            ],
            [
              105.96655,
              12.196005
            ],
            [
              105.969514,
              12.197206
            ],
            [
              105.970764,
              12.195403
            ],
            [
              105.972746,
              12.196605
            ],
            [
              105.973448,
              12.199366
            ],
            [
              105.971215,
              12.201593
            ],
            [
              105.973953,
              12.202137
            ],
            [
              105.975882,
              12.201538
            ],
            [
              105.976961,
              12.202915
            ],
            [
              105.980169,
              12.204221
            ],
            [
              105.980803,
              12.205694
            ],
            [
              105.983652,
              12.203311
            ],
            [
              105.983381,
              12.200141
            ],
            [
              105.984807,
              12.198538
            ],
            [
              105.985736,
              12.198674
            ],
            [
              105.986342,
              12.200129
            ],
            [
              105.986168,
              12.203346
            ],
            [
              105.993277,
              12.202039
            ],
            [
              105.994977,
              12.200099
            ],
            [
              105.992669,
              12.197154
            ],
            [
              105.993025,
              12.193511
            ],
            [
              105.994611,
              12.191427
            ],
            [
              105.994236,
              12.190732
            ],
            [
              105.990338,
              12.189834
            ],
            [
              105.990386,
              12.193407
            ],
            [
              105.98869,
              12.194249
            ],
            [
              105.98461,
              12.191823
            ],
            [
              105.984519,
              12.19049
            ],
            [
              105.987119,
              12.187208
            ],
            [
              105.990744,
              12.186948
            ],
            [
              105.992896,
              12.182167
            ],
            [
              105.992918,
              12.180372
            ],
            [
              105.99449,
              12.178998
            ],
            [
              105.993695,
              12.184296
            ],
            [
              105.995983,
              12.185415
            ],
            [
              105.998093,
              12.184425
            ],
            [
              106.00705,
              12.183531
            ],
            [
              106.010636,
              12.181
            ],
            [
              106.010783,
              12.178872
            ],
            [
              106.006509,
              12.176626
            ],
            [
              106.008677,
              12.173407
            ],
            [
              106.014217,
              12.168211
            ],
            [
              106.012601,
              12.165465
            ],
            [
              106.01907,
              12.161591
            ],
            [
              106.017673,
              12.157218
            ],
            [
              106.018735,
              12.154015
            ],
            [
              106.016383,
              12.150832
            ],
            [
              106.016042,
              12.149231
            ],
            [
              106.016857,
              12.146412
            ],
            [
              106.01839,
              12.146342
            ],
            [
              106.019495,
              12.149143
            ],
            [
              106.021081,
              12.149544
            ],
            [
              106.024733,
              12.147118
            ],
            [
              106.029255,
              12.148644
            ],
            [
              106.029709,
              12.146361
            ],
            [
              106.034002,
              12.149465
            ],
            [
              106.039679,
              12.150457
            ],
            [
              106.041625,
              12.155657
            ],
            [
              106.044067,
              12.157138
            ],
            [
              106.0454,
              12.156886
            ],
            [
              106.045128,
              12.149664
            ],
            [
              106.042503,
              12.146782
            ],
            [
              106.042125,
              12.144919
            ],
            [
              106.043282,
              12.144557
            ],
            [
              106.046517,
              12.14634
            ],
            [
              106.048388,
              12.145576
            ],
            [
              106.050447,
              12.13615
            ],
            [
              106.055433,
              12.13399
            ],
            [
              106.060037,
              12.130994
            ],
            [
              106.059707,
              12.123885
            ],
            [
              106.05575,
              12.123994
            ],
            [
              106.054469,
              12.121731
            ],
            [
              106.057834,
              12.117337
            ],
            [
              106.06057,
              12.117541
            ],
            [
              106.059088,
              12.113733
            ],
            [
              106.059136,
              12.110751
            ],
            [
              106.056273,
              12.109943
            ],
            [
              106.053104,
              12.107257
            ],
            [
              106.049374,
              12.108396
            ],
            [
              106.048838,
              12.10749
            ],
            [
              106.049218,
              12.101766
            ],
            [
              106.048006,
              12.101152
            ],
            [
              106.046736,
              12.099099
            ],
            [
              106.043132,
              12.100567
            ],
            [
              106.040872,
              12.096324
            ],
            [
              106.043479,
              12.094295
            ],
            [
              106.043067,
              12.092526
            ],
            [
              106.042176,
              12.091987
            ],
            [
              106.042412,
              12.091081
            ],
            [
              106.043331,
              12.090645
            ],
            [
              106.045028,
              12.092076
            ],
            [
              106.047353,
              12.091257
            ],
            [
              106.049527,
              12.091464
            ],
            [
              106.050504,
              12.090144
            ],
            [
              106.043258,
              12.082451
            ],
            [
              106.043874,
              12.081835
            ],
            [
              106.044998,
              12.081485
            ],
            [
              106.045911,
              12.082365
            ],
            [
              106.04696,
              12.082162
            ],
            [
              106.047679,
              12.080656
            ],
            [
              106.048777,
              12.080516
            ],
            [
              106.051012,
              12.081434
            ],
            [
              106.051011,
              12.085676
            ],
            [
              106.052716,
              12.086606
            ],
            [
              106.052235,
              12.083884
            ],
            [
              106.053111,
              12.083896
            ],
            [
              106.055841,
              12.08613
            ],
            [
              106.058078,
              12.086382
            ],
            [
              106.060028,
              12.084621
            ],
            [
              106.058414,
              12.082143
            ],
            [
              106.066948,
              12.081021
            ],
            [
              106.069061,
              12.079273
            ],
            [
              106.069932,
              12.079303
            ],
            [
              106.070392,
              12.081896
            ],
            [
              106.075367,
              12.082703
            ],
            [
              106.076603,
              12.082267
            ],
            [
              106.076568,
              12.081505
            ],
            [
              106.073635,
              12.074341
            ],
            [
              106.073582,
              12.071642
            ],
            [
              106.076627,
              12.070204
            ],
            [
              106.082572,
              12.069005
            ],
            [
              106.08644,
              12.071114
            ],
            [
              106.085088,
              12.074402
            ],
            [
              106.088404,
              12.074765
            ],
            [
              106.091001,
              12.072826
            ],
            [
              106.094087,
              12.076143
            ],
            [
              106.09488,
              12.076179
            ],
            [
              106.095592,
              12.075591
            ],
            [
              106.094005,
              12.073461
            ],
            [
              106.094119,
              12.072456
            ],
            [
              106.095132,
              12.071977
            ],
            [
              106.098646,
              12.072904
            ],
            [
              106.099669,
              12.075078
            ],
            [
              106.100907,
              12.075496
            ],
            [
              106.106851,
              12.074906
            ],
            [
              106.107057,
              12.073782
            ],
            [
              106.104552,
              12.068881
            ],
            [
              106.105736,
              12.067885
            ],
            [
              106.110658,
              12.07611
            ],
            [
              106.111672,
              12.075783
            ],
            [
              106.112719,
              12.075397
            ],
            [
              106.112157,
              12.073666
            ],
            [
              106.11268,
              12.072948
            ],
            [
              106.113657,
              12.072679
            ],
            [
              106.118434,
              12.067391
            ],
            [
              106.116444,
              12.063971
            ],
            [
              106.116895,
              12.06223
            ],
            [
              106.121813,
              12.061565
            ],
            [
              106.119701,
              12.057917
            ],
            [
              106.119981,
              12.056092
            ],
            [
              106.122429,
              12.055055
            ],
            [
              106.127752,
              12.057282
            ],
            [
              106.128584,
              12.055507
            ],
            [
              106.127538,
              12.053745
            ],
            [
              106.128305,
              12.053404
            ],
            [
              106.129768,
              12.054235
            ],
            [
              106.130674,
              12.056258
            ],
            [
              106.132135,
              12.055655
            ],
            [
              106.132936,
              12.052034
            ],
            [
              106.132225,
              12.047899
            ],
            [
              106.132582,
              12.045511
            ],
            [
              106.133678,
              12.045006
            ],
            [
              106.136026,
              12.04638
            ],
            [
              106.136261,
              12.049182
            ],
            [
              106.135165,
              12.052319
            ],
            [
              106.135793,
              12.052668
            ],
            [
              106.13736,
              12.051848
            ],
            [
              106.139745,
              12.048465
            ],
            [
              106.144636,
              12.053305
            ],
            [
              106.147003,
              12.054653
            ],
            [
              106.147922,
              12.053984
            ],
            [
              106.148835,
              12.048016
            ],
            [
              106.153385,
              12.048721
            ],
            [
              106.155198,
              12.047165
            ],
            [
              106.156822,
              12.04027
            ],
            [
              106.158592,
              12.040176
            ],
            [
              106.16113,
              12.042442
            ],
            [
              106.162808,
              12.042496
            ],
            [
              106.164547,
              12.03849
            ],
            [
              106.168703,
              12.03737
            ],
            [
              106.173203,
              12.034884
            ],
            [
              106.173545,
              12.033447
            ],
            [
              106.172107,
              12.031364
            ],
            [
              106.172204,
              12.030122
            ],
            [
              106.176962,
              12.026548
            ],
            [
              106.181033,
              12.020282
            ],
            [
              106.180135,
              12.018763
            ],
            [
              106.176225,
              12.017229
            ],
            [
              106.177032,
              12.015217
            ],
            [
              106.179444,
              12.016291
            ],
            [
              106.180378,
              12.015263
            ],
            [
              106.181508,
              12.007606
            ],
            [
              106.181043,
              12.005823
            ],
            [
              106.176455,
              12.004514
            ],
            [
              106.175717,
              12.003674
            ],
            [
              106.176128,
              11.998522
            ],
            [
              106.171921,
              11.997556
            ],
            [
              106.171237,
              11.996804
            ],
            [
              106.17066,
              11.99144
            ],
            [
              106.171123,
              11.98079
            ],
            [
              106.174221,
              11.978686
            ],
            [
              106.173996,
              11.971249
            ],
            [
              106.171946,
              11.969098
            ],
            [
              106.168219,
              11.969623
            ],
            [
              106.165981,
              11.965976
            ],
            [
              106.167422,
              11.965365
            ],
            [
              106.175124,
              11.965533
            ],
            [
              106.176402,
              11.964715
            ],
            [
              106.176385,
              11.963853
            ],
            [
              106.172914,
              11.961161
            ],
            [
              106.172996,
              11.96049
            ],
            [
              106.177779,
              11.953888
            ],
            [
              106.179295,
              11.949857
            ],
            [
              106.180107,
              11.95065
            ],
            [
              106.180418,
              11.953583
            ],
            [
              106.185174,
              11.954502
            ],
            [
              106.186365,
              11.956085
            ],
            [
              106.187345,
              11.960262
            ],
            [
              106.194596,
              11.963646
            ],
            [
              106.196699,
              11.967987
            ],
            [
              106.198856,
              11.968851
            ],
            [
              106.200212,
              11.9682
            ],
            [
              106.198611,
              11.965257
            ],
            [
              106.200032,
              11.964165
            ],
            [
              106.20545,
              11.96695
            ],
            [
              106.207343,
              11.96725
            ],
            [
              106.210149,
              11.96458
            ],
            [
              106.21336,
              11.964325
            ],
            [
              106.21734,
              11.962721
            ],
            [
              106.218489,
              11.963591
            ],
            [
              106.21906,
              11.965468
            ],
            [
              106.220655,
              11.965282
            ],
            [
              106.221371,
              11.963828
            ],
            [
              106.219068,
              11.962251
            ],
            [
              106.219909,
              11.961106
            ],
            [
              106.219264,
              11.958189
            ],
            [
              106.220286,
              11.957989
            ],
            [
              106.220352,
              11.958967
            ],
            [
              106.222271,
              11.957785
            ],
            [
              106.221763,
              11.956915
            ],
            [
              106.22286,
              11.956414
            ],
            [
              106.223581,
              11.956982
            ],
            [
              106.224272,
              11.956585
            ],
            [
              106.22496,
              11.957894
            ],
            [
              106.226149,
              11.957257
            ],
            [
              106.226674,
              11.958638
            ],
            [
              106.228623,
              11.958408
            ],
            [
              106.231215,
              11.96001
            ],
            [
              106.230541,
              11.961201
            ],
            [
              106.233645,
              11.962842
            ],
            [
              106.234062,
              11.966557
            ],
            [
              106.235366,
              11.96714
            ],
            [
              106.236085,
              11.96441
            ],
            [
              106.238031,
              11.964952
            ],
            [
              106.239545,
              11.963778
            ],
            [
              106.240993,
              11.963673
            ],
            [
              106.24103,
              11.961709
            ],
            [
              106.242872,
              11.959891
            ],
            [
              106.240717,
              11.959629
            ],
            [
              106.243014,
              11.958596
            ],
            [
              106.241809,
              11.957865
            ],
            [
              106.242127,
              11.957367
            ],
            [
              106.244984,
              11.95743
            ],
            [
              106.247713,
              11.959508
            ],
            [
              106.248479,
              11.956677
            ],
            [
              106.252173,
              11.955098
            ],
            [
              106.252305,
              11.953277
            ],
            [
              106.254088,
              11.954947
            ],
            [
              106.255442,
              11.954425
            ],
            [
              106.255253,
              11.952841
            ],
            [
              106.259048,
              11.956313
            ],
            [
              106.261335,
              11.954558
            ],
            [
              106.263177,
              11.955606
            ],
            [
              106.26466,
              11.953111
            ],
            [
              106.267293,
              11.955845
            ],
            [
              106.268471,
              11.9539
            ],
            [
              106.270318,
              11.955414
            ],
            [
              106.27464,
              11.954333
            ],
            [
              106.275978,
              11.957187
            ],
            [
              106.277621,
              11.955335
            ],
            [
              106.279823,
              11.954729
            ],
            [
              106.281814,
              11.955746
            ],
            [
              106.281334,
              11.958523
            ],
            [
              106.282,
              11.959214
            ],
            [
              106.283633,
              11.958901
            ],
            [
              106.285065,
              11.960726
            ],
            [
              106.286221,
              11.96079
            ],
            [
              106.28683,
              11.958568
            ],
            [
              106.289011,
              11.956874
            ],
            [
              106.290414,
              11.959606
            ],
            [
              106.292211,
              11.958154
            ],
            [
              106.2944,
              11.959019
            ],
            [
              106.296186,
              11.958206
            ],
            [
              106.297267,
              11.960365
            ],
            [
              106.299017,
              11.961838
            ],
            [
              106.300042,
              11.962222
            ],
            [
              106.302111,
              11.961349
            ],
            [
              106.304807,
              11.963453
            ],
            [
              106.306981,
              11.962579
            ],
            [
              106.308801,
              11.964839
            ],
            [
              106.309255,
              11.962785
            ],
            [
              106.310382,
              11.961586
            ],
            [
              106.311854,
              11.963361
            ],
            [
              106.312079,
              11.9649
            ],
            [
              106.313413,
              11.96408
            ],
            [
              106.317054,
              11.963834
            ],
            [
              106.317605,
              11.961208
            ],
            [
              106.318987,
              11.960215
            ],
            [
              106.321365,
              11.962776
            ],
            [
              106.324811,
              11.96184
            ],
            [
              106.325602,
              11.960076
            ],
            [
              106.327174,
              11.960692
            ],
            [
              106.329125,
              11.960116
            ],
            [
              106.332251,
              11.960373
            ],
            [
              106.332666,
              11.959008
            ],
            [
              106.333864,
              11.959611
            ],
            [
              106.337063,
              11.956917
            ],
            [
              106.338407,
              11.958807
            ],
            [
              106.339329,
              11.958604
            ],
            [
              106.34006,
              11.957023
            ],
            [
              106.342081,
              11.956608
            ],
            [
              106.342577,
              11.955462
            ],
            [
              106.347205,
              11.953843
            ],
            [
              106.347748,
              11.954776
            ],
            [
              106.34831,
              11.954434
            ],
            [
              106.349042,
              11.952588
            ],
            [
              106.353037,
              11.949473
            ],
            [
              106.354715,
              11.94962
            ],
            [
              106.355309,
              11.952344
            ],
            [
              106.357994,
              11.951863
            ],
            [
              106.359327,
              11.953545
            ],
            [
              106.360213,
              11.953652
            ],
            [
              106.360684,
              11.952829
            ],
            [
              106.361736,
              11.95459
            ],
            [
              106.362614,
              11.954181
            ],
            [
              106.363703,
              11.95553
            ],
            [
              106.36568,
              11.954367
            ],
            [
              106.364615,
              11.952847
            ],
            [
              106.366342,
              11.952706
            ],
            [
              106.367236,
              11.951287
            ],
            [
              106.369336,
              11.951262
            ],
            [
              106.370229,
              11.952311
            ],
            [
              106.370535,
              11.951715
            ],
            [
              106.376259,
              11.9549
            ],
            [
              106.378142,
              11.953921
            ],
            [
              106.378717,
              11.95552
            ],
            [
              106.379929,
              11.955756
            ],
            [
              106.379679,
              11.956753
            ],
            [
              106.381626,
              11.957026
            ],
            [
              106.383506,
              11.958976
            ],
            [
              106.385474,
              11.959582
            ],
            [
              106.384201,
              11.962217
            ],
            [
              106.384958,
              11.964896
            ],
            [
              106.386628,
              11.96441
            ],
            [
              106.387706,
              11.965827
            ],
            [
              106.390105,
              11.966814
            ],
            [
              106.391593,
              11.970243
            ],
            [
              106.395096,
              11.971946
            ],
            [
              106.396813,
              11.971541
            ],
            [
              106.397475,
              11.972039
            ],
            [
              106.398761,
              11.973996
            ],
            [
              106.398423,
              11.976142
            ],
            [
              106.399955,
              11.977745
            ],
            [
              106.402012,
              11.977179
            ],
            [
              106.403141,
              11.977737
            ],
            [
              106.405061,
              11.976196
            ],
            [
              106.408503,
              11.976245
            ],
            [
              106.409135,
              11.975671
            ],
            [
              106.408624,
              11.9744
            ],
            [
              106.409911,
              11.97379
            ],
            [
              106.411138,
              11.97521
            ],
            [
              106.410974,
              11.974323
            ],
            [
              106.411989,
              11.974585
            ],
            [
              106.413563,
              11.972756
            ],
            [
              106.414631,
              11.973876
            ],
            [
              106.416637,
              11.972447
            ],
            [
              106.417276,
              11.973764
            ],
            [
              106.418146,
              11.973125
            ],
            [
              106.417482,
              11.97208
            ],
            [
              106.419609,
              11.972646
            ],
            [
              106.424302,
              11.970934
            ],
            [
              106.426047,
              11.972406
            ],
            [
              106.427759,
              11.971934
            ],
            [
              106.427707,
              11.972908
            ],
            [
              106.428807,
              11.972407
            ],
            [
              106.430546,
              11.972829
            ],
            [
              106.430836,
              11.971779
            ],
            [
              106.432201,
              11.972523
            ],
            [
              106.432698,
              11.971977
            ],
            [
              106.432755,
              11.972951
            ],
            [
              106.434621,
              11.973315
            ],
            [
              106.433483,
              11.974228
            ],
            [
              106.434427,
              11.975154
            ],
            [
              106.433506,
              11.975161
            ],
            [
              106.433495,
              11.976397
            ],
            [
              106.432539,
              11.976008
            ],
            [
              106.43246,
              11.977597
            ],
            [
              106.433734,
              11.97721
            ],
            [
              106.43342,
              11.979079
            ],
            [
              106.434736,
              11.978332
            ],
            [
              106.434614,
              11.980057
            ],
            [
              106.435122,
              11.979225
            ],
            [
              106.43666,
              11.979882
            ],
            [
              106.436861,
              11.980914
            ],
            [
              106.438058,
              11.98163
            ],
            [
              106.437945,
              11.983023
            ],
            [
              106.44026,
              11.983467
            ],
            [
              106.441443,
              11.986431
            ],
            [
              106.44291,
              11.985549
            ],
            [
              106.442591,
              11.986934
            ],
            [
              106.443427,
              11.986659
            ],
            [
              106.443851,
              11.987476
            ],
            [
              106.446469,
              11.985019
            ],
            [
              106.447221,
              11.985957
            ],
            [
              106.448408,
              11.985812
            ],
            [
              106.448744,
              11.987631
            ],
            [
              106.449423,
              11.987735
            ],
            [
              106.450038,
              11.986667
            ],
            [
              106.451423,
              11.986799
            ],
            [
              106.453733,
              11.988649
            ],
            [
              106.454524,
              11.988119
            ],
            [
              106.454927,
              11.989259
            ],
            [
              106.456317,
              11.988675
            ],
            [
              106.457277,
              11.986672
            ],
            [
              106.460231,
              11.985575
            ],
            [
              106.460482,
              11.984647
            ],
            [
              106.462519,
              11.98462
            ],
            [
              106.463586,
              11.982672
            ],
            [
              106.464884,
              11.983159
            ],
            [
              106.465727,
              11.982071
            ],
            [
              106.465423,
              11.98026
            ],
            [
              106.466574,
              11.97996
            ],
            [
              106.466172,
              11.978606
            ],
            [
              106.467509,
              11.978197
            ],
            [
              106.467002,
              11.975975
            ],
            [
              106.468382,
              11.97527
            ],
            [
              106.468396,
              11.974018
            ],
            [
              106.469165,
              11.974296
            ],
            [
              106.469076,
              11.972901
            ],
            [
              106.470492,
              11.973225
            ],
            [
              106.472061,
              11.972187
            ],
            [
              106.473742,
              11.9736
            ],
            [
              106.475944,
              11.972279
            ],
            [
              106.478328,
              11.972594
            ],
            [
              106.478745,
              11.971662
            ],
            [
              106.479074,
              11.972183
            ],
            [
              106.48152,
              11.97177
            ],
            [
              106.481409,
              11.972423
            ],
            [
              106.482809,
              11.972801
            ],
            [
              106.483095,
              11.972252
            ],
            [
              106.483211,
              11.972908
            ],
            [
              106.483725,
              11.971759
            ],
            [
              106.485358,
              11.971622
            ],
            [
              106.485969,
              11.970605
            ],
            [
              106.488506,
              11.970691
            ],
            [
              106.488649,
              11.969747
            ],
            [
              106.490626,
              11.968813
            ],
            [
              106.491192,
              11.969146
            ],
            [
              106.491621,
              11.968182
            ],
            [
              106.49321,
              11.968993
            ],
            [
              106.49444,
              11.968117
            ],
            [
              106.495262,
              11.969765
            ],
            [
              106.496254,
              11.969074
            ],
            [
              106.496902,
              11.970162
            ],
            [
              106.497954,
              11.970113
            ],
            [
              106.497624,
              11.970602
            ],
            [
              106.499573,
              11.971562
            ],
            [
              106.501241,
              11.9747
            ],
            [
              106.505279,
              11.97448
            ],
            [
              106.504724,
              11.975086
            ],
            [
              106.505354,
              11.975669
            ],
            [
              106.508325,
              11.975784
            ],
            [
              106.508539,
              11.976857
            ],
            [
              106.509747,
              11.977384
            ],
            [
              106.509254,
              11.977778
            ],
            [
              106.510113,
              11.978485
            ],
            [
              106.509625,
              11.979571
            ],
            [
              106.510358,
              11.980233
            ],
            [
              106.511943,
              11.980355
            ],
            [
              106.513332,
              11.979504
            ],
            [
              106.515024,
              11.980622
            ],
            [
              106.517802,
              11.979906
            ],
            [
              106.518771,
              11.980692
            ],
            [
              106.520017,
              11.979786
            ],
            [
              106.521469,
              11.98031
            ],
            [
              106.522038,
              11.979596
            ],
            [
              106.523618,
              11.979715
            ],
            [
              106.526988,
              11.977043
            ],
            [
              106.529121,
              11.97721
            ],
            [
              106.53046,
              11.976254
            ],
            [
              106.53058,
              11.975241
            ],
            [
              106.531497,
              11.974823
            ],
            [
              106.531518,
              11.973133
            ],
            [
              106.530352,
              11.969205
            ],
            [
              106.530693,
              11.968636
            ],
            [
              106.534683,
              11.96838
            ],
            [
              106.627461,
              11.974044
            ],
            [
              106.627475,
              11.972579
            ],
            [
              106.629089,
              11.970842
            ],
            [
              106.630573,
              11.972371
            ],
            [
              106.631073,
              11.972098
            ],
            [
              106.630429,
              11.970736
            ],
            [
              106.631348,
              11.96878
            ],
            [
              106.629467,
              11.965803
            ],
            [
              106.630987,
              11.963516
            ],
            [
              106.630262,
              11.961969
            ],
            [
              106.631793,
              11.960878
            ],
            [
              106.633261,
              11.961288
            ],
            [
              106.635215,
              11.960581
            ],
            [
              106.635898,
              11.961355
            ],
            [
              106.634933,
              11.961882
            ],
            [
              106.635999,
              11.963328
            ],
            [
              106.634713,
              11.965277
            ],
            [
              106.635385,
              11.969024
            ],
            [
              106.638205,
              11.968309
            ],
            [
              106.637132,
              11.969131
            ],
            [
              106.637002,
              11.970291
            ],
            [
              106.637901,
              11.97093
            ],
            [
              106.638809,
              11.974012
            ],
            [
              106.640328,
              11.972576
            ],
            [
              106.639816,
              11.974429
            ],
            [
              106.641925,
              11.973893
            ],
            [
              106.643269,
              11.975393
            ],
            [
              106.64372,
              11.97355
            ],
            [
              106.641511,
              11.970717
            ],
            [
              106.641631,
              11.969053
            ],
            [
              106.644494,
              11.968559
            ],
            [
              106.643497,
              11.966883
            ],
            [
              106.644819,
              11.966776
            ],
            [
              106.645461,
              11.965158
            ],
            [
              106.646972,
              11.965901
            ],
            [
              106.646636,
              11.96501
            ],
            [
              106.647763,
              11.96511
            ],
            [
              106.647716,
              11.963622
            ],
            [
              106.650431,
              11.966313
            ],
            [
              106.649997,
              11.965267
            ],
            [
              106.65133,
              11.963577
            ],
            [
              106.651819,
              11.965113
            ],
            [
              106.653262,
              11.965753
            ],
            [
              106.655255,
              11.962896
            ],
            [
              106.656311,
              11.964263
            ],
            [
              106.65606,
              11.966192
            ],
            [
              106.657702,
              11.963743
            ],
            [
              106.659792,
              11.965122
            ],
            [
              106.660019,
              11.966571
            ],
            [
              106.658946,
              11.968751
            ],
            [
              106.653616,
              11.97149
            ],
            [
              106.652976,
              11.972417
            ],
            [
              106.654271,
              11.97202
            ],
            [
              106.655125,
              11.973299
            ],
            [
              106.651839,
              11.973924
            ],
            [
              106.652521,
              11.974655
            ],
            [
              106.650845,
              11.975742
            ],
            [
              106.650832,
              11.977337
            ],
            [
              106.649226,
              11.979307
            ],
            [
              106.649483,
              11.981523
            ],
            [
              106.651242,
              11.981483
            ],
            [
              106.652732,
              11.982758
            ],
            [
              106.653051,
              11.984224
            ],
            [
              106.652267,
              11.986851
            ],
            [
              106.65326,
              11.988621
            ],
            [
              106.653499,
              11.98701
            ],
            [
              106.654248,
              11.987096
            ],
            [
              106.654884,
              11.989165
            ],
            [
              106.656836,
              11.988805
            ],
            [
              106.656865,
              11.98697
            ],
            [
              106.657624,
              11.986119
            ],
            [
              106.658224,
              11.987268
            ],
            [
              106.660681,
              11.986793
            ],
            [
              106.66074,
              11.985774
            ],
            [
              106.663422,
              11.98315
            ],
            [
              106.665709,
              11.983855
            ],
            [
              106.665704,
              11.982159
            ],
            [
              106.666903,
              11.981806
            ],
            [
              106.666858,
              11.979669
            ],
            [
              106.668626,
              11.979297
            ],
            [
              106.66889,
              11.978048
            ],
            [
              106.669809,
              11.978031
            ],
            [
              106.670886,
              11.976662
            ],
            [
              106.673619,
              11.977783
            ],
            [
              106.673947,
              11.979709
            ],
            [
              106.675671,
              11.979927
            ],
            [
              106.67816,
              11.977231
            ],
            [
              106.676395,
              11.977304
            ],
            [
              106.677097,
              11.975608
            ],
            [
              106.676691,
              11.972226
            ],
            [
              106.678245,
              11.972369
            ],
            [
              106.679569,
              11.969356
            ],
            [
              106.681551,
              11.967986
            ],
            [
              106.682187,
              11.965799
            ],
            [
              106.683028,
              11.966398
            ],
            [
              106.683645,
              11.964518
            ],
            [
              106.685513,
              11.965669
            ],
            [
              106.687472,
              11.965487
            ],
            [
              106.686761,
              11.964094
            ],
            [
              106.687823,
              11.963865
            ],
            [
              106.688878,
              11.965042
            ],
            [
              106.691019,
              11.963219
            ],
            [
              106.691565,
              11.964094
            ],
            [
              106.692382,
              11.963204
            ],
            [
              106.696343,
              11.96489
            ],
            [
              106.696748,
              11.966422
            ],
            [
              106.699329,
              11.969584
            ],
            [
              106.700565,
              11.968519
            ],
            [
              106.701164,
              11.969629
            ],
            [
              106.702864,
              11.969064
            ],
            [
              106.702306,
              11.968505
            ],
            [
              106.703378,
              11.968467
            ],
            [
              106.703565,
              11.967605
            ],
            [
              106.702391,
              11.967162
            ],
            [
              106.703444,
              11.965679
            ],
            [
              106.703534,
              11.966818
            ],
            [
              106.70399,
              11.966045
            ],
            [
              106.704613,
              11.967412
            ],
            [
              106.705709,
              11.967287
            ],
            [
              106.707334,
              11.969785
            ],
            [
              106.707766,
              11.968407
            ],
            [
              106.710389,
              11.967753
            ],
            [
              106.714067,
              11.969993
            ],
            [
              106.713014,
              11.97155
            ],
            [
              106.713974,
              11.972819
            ],
            [
              106.714084,
              11.971104
            ],
            [
              106.714979,
              11.972347
            ],
            [
              106.715824,
              11.971759
            ],
            [
              106.717766,
              11.973145
            ],
            [
              106.719564,
              11.972558
            ],
            [
              106.719921,
              11.970693
            ],
            [
              106.719121,
              11.969626
            ],
            [
              106.720853,
              11.968448
            ],
            [
              106.72261,
              11.972328
            ],
            [
              106.720612,
              11.975873
            ],
            [
              106.725047,
              11.975577
            ],
            [
              106.724737,
              11.978072
            ],
            [
              106.725864,
              11.978853
            ],
            [
              106.725495,
              11.98007
            ],
            [
              106.72703,
              11.98166
            ],
            [
              106.728946,
              11.981542
            ],
            [
              106.732844,
              11.984013
            ],
            [
              106.733313,
              11.983538
            ],
            [
              106.731874,
              11.98273
            ],
            [
              106.733126,
              11.981038
            ],
            [
              106.735673,
              11.983325
            ],
            [
              106.737739,
              11.981125
            ],
            [
              106.738669,
              11.982247
            ],
            [
              106.738864,
              11.984943
            ],
            [
              106.741388,
              11.982052
            ],
            [
              106.741925,
              11.983576
            ],
            [
              106.744661,
              11.983272
            ],
            [
              106.744471,
              11.986103
            ],
            [
              106.741862,
              11.988264
            ],
            [
              106.744152,
              11.991353
            ],
            [
              106.739925,
              11.993613
            ],
            [
              106.74215,
              11.994368
            ],
            [
              106.742182,
              11.995522
            ],
            [
              106.739778,
              11.995682
            ],
            [
              106.739628,
              11.996639
            ],
            [
              106.740547,
              11.99685
            ],
            [
              106.738608,
              11.998552
            ],
            [
              106.740586,
              12.000215
            ],
            [
              106.740165,
              12.000511
            ],
            [
              106.741193,
              12.001888
            ],
            [
              106.743324,
              12.00325
            ],
            [
              106.743176,
              12.000562
            ],
            [
              106.745473,
              12.000927
            ],
            [
              106.746603,
              12.004656
            ],
            [
              106.744242,
              12.004931
            ],
            [
              106.744031,
              12.006248
            ],
            [
              106.745084,
              12.005519
            ],
            [
              106.745497,
              12.008036
            ],
            [
              106.746499,
              12.007635
            ],
            [
              106.748012,
              12.008726
            ],
            [
              106.747426,
              12.00997
            ],
            [
              106.748821,
              12.012256
            ],
            [
              106.747936,
              12.012732
            ],
            [
              106.747919,
              12.013727
            ],
            [
              106.750109,
              12.012613
            ],
            [
              106.750958,
              12.012986
            ],
            [
              106.749348,
              12.014645
            ],
            [
              106.747207,
              12.015428
            ],
            [
              106.747422,
              12.017585
            ],
            [
              106.748386,
              12.018418
            ],
            [
              106.74645,
              12.020212
            ],
            [
              106.746512,
              12.021324
            ],
            [
              106.750725,
              12.020696
            ],
            [
              106.749872,
              12.02112
            ],
            [
              106.74975,
              12.022388
            ],
            [
              106.752921,
              12.021166
            ],
            [
              106.752547,
              12.022015
            ],
            [
              106.753116,
              12.022824
            ],
            [
              106.75105,
              12.023501
            ],
            [
              106.751109,
              12.024684
            ],
            [
              106.751834,
              12.023928
            ],
            [
              106.754204,
              12.023818
            ],
            [
              106.755996,
              12.025027
            ],
            [
              106.756285,
              12.026421
            ],
            [
              106.755271,
              12.027597
            ],
            [
              106.756452,
              12.028366
            ],
            [
              106.756376,
              12.029468
            ],
            [
              106.759473,
              12.029061
            ],
            [
              106.759279,
              12.030155
            ],
            [
              106.760132,
              12.030953
            ],
            [
              106.758259,
              12.030493
            ],
            [
              106.759609,
              12.032893
            ],
            [
              106.758579,
              12.032217
            ],
            [
              106.757334,
              12.03286
            ],
            [
              106.759052,
              12.034637
            ],
            [
              106.760962,
              12.033693
            ],
            [
              106.76218,
              12.034455
            ],
            [
              106.760652,
              12.035498
            ],
            [
              106.760962,
              12.036204
            ],
            [
              106.759996,
              12.037944
            ],
            [
              106.761047,
              12.036958
            ],
            [
              106.762577,
              12.03863
            ],
            [
              106.76143,
              12.0389
            ],
            [
              106.762328,
              12.039527
            ],
            [
              106.761551,
              12.040855
            ],
            [
              106.762499,
              12.040391
            ],
            [
              106.762919,
              12.041496
            ],
            [
              106.764484,
              12.041634
            ],
            [
              106.764498,
              12.042767
            ],
            [
              106.765336,
              12.041397
            ],
            [
              106.766154,
              12.041728
            ],
            [
              106.765484,
              12.042807
            ],
            [
              106.767808,
              12.04199
            ],
            [
              106.76711,
              12.042682
            ],
            [
              106.767729,
              12.042882
            ],
            [
              106.767487,
              12.044638
            ],
            [
              106.770313,
              12.044372
            ],
            [
              106.76927,
              12.046078
            ],
            [
              106.767898,
              12.046208
            ],
            [
              106.769469,
              12.048106
            ],
            [
              106.76843,
              12.048559
            ],
            [
              106.768628,
              12.049836
            ],
            [
              106.769397,
              12.049234
            ],
            [
              106.769822,
              12.049827
            ],
            [
              106.768962,
              12.050579
            ],
            [
              106.771603,
              12.052411
            ],
            [
              106.770936,
              12.054042
            ],
            [
              106.771904,
              12.057146
            ],
            [
              106.772322,
              12.057665
            ],
            [
              106.773272,
              12.057169
            ],
            [
              106.772069,
              12.055858
            ],
            [
              106.77432,
              12.055948
            ],
            [
              106.774126,
              12.059191
            ],
            [
              106.775353,
              12.059073
            ],
            [
              106.775735,
              12.060094
            ],
            [
              106.777284,
              12.059448
            ],
            [
              106.778408,
              12.060885
            ],
            [
              106.778151,
              12.062004
            ],
            [
              106.779173,
              12.062629
            ],
            [
              106.780028,
              12.062281
            ],
            [
              106.780112,
              12.062957
            ],
            [
              106.781578,
              12.062689
            ],
            [
              106.781325,
              12.063456
            ],
            [
              106.782403,
              12.063566
            ],
            [
              106.782934,
              12.065484
            ],
            [
              106.781636,
              12.066345
            ],
            [
              106.780337,
              12.065651
            ],
            [
              106.77884,
              12.066469
            ],
            [
              106.781504,
              12.068972
            ],
            [
              106.781716,
              12.070442
            ],
            [
              106.779916,
              12.07194
            ],
            [
              106.780333,
              12.073933
            ],
            [
              106.781388,
              12.074412
            ],
            [
              106.781052,
              12.073762
            ],
            [
              106.782027,
              12.073565
            ],
            [
              106.783548,
              12.074188
            ],
            [
              106.784106,
              12.072879
            ],
            [
              106.7864,
              12.07353
            ],
            [
              106.785639,
              12.074064
            ],
            [
              106.786809,
              12.074914
            ],
            [
              106.786456,
              12.07692
            ],
            [
              106.787925,
              12.076501
            ],
            [
              106.78826,
              12.077752
            ],
            [
              106.789425,
              12.078519
            ],
            [
              106.789336,
              12.079524
            ],
            [
              106.790218,
              12.079582
            ],
            [
              106.790081,
              12.080617
            ],
            [
              106.791869,
              12.079773
            ],
            [
              106.792147,
              12.080261
            ],
            [
              106.79133,
              12.080596
            ],
            [
              106.792217,
              12.080914
            ],
            [
              106.792153,
              12.08215
            ],
            [
              106.793392,
              12.082918
            ],
            [
              106.793635,
              12.082227
            ],
            [
              106.79474,
              12.082091
            ],
            [
              106.796912,
              12.08345
            ],
            [
              106.797544,
              12.082307
            ],
            [
              106.79916,
              12.084047
            ],
            [
              106.799621,
              12.086317
            ],
            [
              106.79931,
              12.090658
            ],
            [
              106.797887,
              12.095969
            ],
            [
              106.794527,
              12.101933
            ],
            [
              106.793491,
              12.108395
            ],
            [
              106.791148,
              12.112182
            ],
            [
              106.790586,
              12.114872
            ],
            [
              106.791423,
              12.117515
            ],
            [
              106.79423,
              12.121934
            ],
            [
              106.796363,
              12.129325
            ],
            [
              106.798756,
              12.134465
            ],
            [
              106.79674,
              12.139828
            ],
            [
              106.797178,
              12.14344
            ],
            [
              106.792735,
              12.151268
            ],
            [
              106.79445,
              12.155359
            ],
            [
              106.797586,
              12.157724
            ],
            [
              106.799136,
              12.163696
            ],
            [
              106.79524,
              12.174621
            ],
            [
              106.796092,
              12.179108
            ],
            [
              106.798601,
              12.181365
            ],
            [
              106.800576,
              12.18495
            ],
            [
              106.801991,
              12.190851
            ],
            [
              106.798939,
              12.194005
            ],
            [
              106.793934,
              12.202072
            ],
            [
              106.788903,
              12.205785
            ],
            [
              106.785737,
              12.213795
            ],
            [
              106.78415,
              12.21606
            ],
            [
              106.773628,
              12.228836
            ],
            [
              106.768124,
              12.233474
            ],
            [
              106.764656,
              12.241242
            ],
            [
              106.764075,
              12.247396
            ],
            [
              106.761891,
              12.249978
            ],
            [
              106.758433,
              12.250013
            ],
            [
              106.75517,
              12.253512
            ],
            [
              106.750904,
              12.255105
            ],
            [
              106.746132,
              12.264749
            ],
            [
              106.74001,
              12.268915
            ],
            [
              106.73617,
              12.27122
            ],
            [
              106.723457,
              12.274106
            ],
            [
              106.719098,
              12.276909
            ],
            [
              106.710864,
              12.283922
            ],
            [
              106.706283,
              12.286634
            ],
            [
              106.696968,
              12.289194
            ],
            [
              106.680481,
              12.290525
            ],
            [
              106.66394,
              12.297446
            ],
            [
              106.651264,
              12.298996
            ],
            [
              106.644027,
              12.304308
            ],
            [
              106.640503,
              12.30534
            ],
            [
              106.629035,
              12.305352
            ],
            [
              106.626868,
              12.306043
            ],
            [
              106.619448,
              12.311031
            ],
            [
              106.614761,
              12.312785
            ],
            [
              106.609136,
              12.31382
            ],
            [
              106.607502,
              12.314847
            ],
            [
              106.602728,
              12.319965
            ],
            [
              106.599661,
              12.324789
            ],
            [
              106.592685,
              12.338411
            ],
            [
              106.588183,
              12.35005
            ],
            [
              106.581859,
              12.370577
            ],
            [
              106.576563,
              12.382139
            ],
            [
              106.567814,
              12.405303
            ],
            [
              106.565714,
              12.407222
            ],
            [
              106.560773,
              12.409503
            ],
            [
              106.556465,
              12.409527
            ],
            [
              106.553637,
              12.41184
            ],
            [
              106.550933,
              12.411502
            ],
            [
              106.54931,
              12.412473
            ],
            [
              106.54546,
              12.417209
            ],
            [
              106.54011,
              12.417613
            ],
            [
              106.535214,
              12.418963
            ],
            [
              106.526,
              12.425148
            ],
            [
              106.524052,
              12.42794
            ],
            [
              106.524487,
              12.42962
            ],
            [
              106.52252,
              12.43395
            ],
            [
              106.520579,
              12.435181
            ],
            [
              106.51924,
              12.434869
            ],
            [
              106.519077,
              12.435877
            ],
            [
              106.515129,
              12.438018
            ],
            [
              106.512459,
              12.436705
            ],
            [
              106.511389,
              12.438357
            ],
            [
              106.508372,
              12.438752
            ],
            [
              106.506017,
              12.440448
            ],
            [
              106.506083,
              12.438831
            ],
            [
              106.502069,
              12.437756
            ],
            [
              106.49744,
              12.438282
            ],
            [
              106.396001,
              12.502779
            ],
            [
              106.381168,
              12.507877
            ],
            [
              106.371683,
              12.513492
            ],
            [
              106.36559,
              12.518697
            ],
            [
              106.359258,
              12.527584
            ],
            [
              106.358778,
              12.532404
            ],
            [
              106.359513,
              12.537746
            ],
            [
              106.36374,
              12.556249
            ],
            [
              106.372147,
              12.57742
            ],
            [
              106.395569,
              12.631502
            ],
            [
              106.399225,
              12.642015
            ],
            [
              106.401294,
              12.652387
            ],
            [
              106.401554,
              12.668024
            ],
            [
              106.403085,
              12.675662
            ],
            [
              106.416898,
              12.697412
            ],
            [
              106.422925,
              12.709855
            ],
            [
              106.427517,
              12.717442
            ],
            [
              106.431898,
              12.722569
            ],
            [
              106.443171,
              12.732695
            ],
            [
              106.466666,
              12.748006
            ],
            [
              106.475322,
              12.752415
            ],
            [
              106.481355,
              12.757438
            ],
            [
              106.487254,
              12.767175
            ],
            [
              106.498596,
              12.775184
            ],
            [
              106.499065,
              12.776787
            ],
            [
              106.502176,
              12.777964
            ],
            [
              106.503305,
              12.77761
            ],
            [
              106.502969,
              12.779891
            ],
            [
              106.505722,
              12.779846
            ],
            [
              106.506928,
              12.778208
            ],
            [
              106.510945,
              12.778224
            ],
            [
              106.511992,
              12.778686
            ],
            [
              106.512902,
              12.782281
            ],
            [
              106.513824,
              12.782535
            ],
            [
              106.515454,
              12.780729
            ],
            [
              106.516369,
              12.780637
            ],
            [
              106.516921,
              12.781321
            ],
            [
              106.516097,
              12.783321
            ],
            [
              106.516838,
              12.783962
            ],
            [
              106.520264,
              12.782708
            ],
            [
              106.521513,
              12.782976
            ],
            [
              106.521461,
              12.784251
            ],
            [
              106.523679,
              12.7856
            ],
            [
              106.525961,
              12.785766
            ],
            [
              106.528076,
              12.786873
            ],
            [
              106.530773,
              12.786666
            ],
            [
              106.532006,
              12.788141
            ],
            [
              106.537476,
              12.785545
            ],
            [
              106.539543,
              12.786812
            ],
            [
              106.542092,
              12.787143
            ],
            [
              106.557745,
              12.799595
            ],
            [
              106.593,
              12.831689
            ],
            [
              106.602652,
              12.842983
            ],
            [
              106.607714,
              12.851626
            ],
            [
              106.609475,
              12.856529
            ],
            [
              106.61088,
              12.862748
            ],
            [
              106.613537,
              12.884786
            ],
            [
              106.613598,
              12.900314
            ],
            [
              106.613456,
              12.903942
            ],
            [
              106.610269,
              12.91355
            ],
            [
              106.605583,
              12.921336
            ],
            [
              106.599654,
              12.928327
            ],
            [
              106.585834,
              12.939928
            ],
            [
              106.575751,
              12.947245
            ],
            [
              106.549915,
              12.964093
            ],
            [
              106.5273,
              12.977419
            ],
            [
              106.49603,
              12.992103
            ],
            [
              106.480587,
              13.001324
            ],
            [
              106.46369,
              13.012785
            ],
            [
              106.461757,
              13.013345
            ],
            [
              106.459036,
              13.012066
            ],
            [
              106.457931,
              13.012282
            ],
            [
              106.457547,
              13.013789
            ],
            [
              106.455339,
              13.014677
            ],
            [
              106.453194,
              13.014059
            ],
            [
              106.450271,
              13.014775
            ],
            [
              106.447552,
              13.01374
            ],
            [
              106.447648,
              13.01308
            ],
            [
              106.445899,
              13.011859
            ],
            [
              106.44329,
              13.011419
            ],
            [
              106.443262,
              13.010284
            ],
            [
              106.442142,
              13.010445
            ],
            [
              106.440294,
              13.011785
            ],
            [
              106.439344,
              13.014206
            ],
            [
              106.438562,
              13.0147
            ],
            [
              106.437342,
              13.013727
            ],
            [
              106.436019,
              13.014115
            ],
            [
              106.435801,
              13.016096
            ],
            [
              106.433897,
              13.016144
            ],
            [
              106.433031,
              13.018091
            ],
            [
              106.431358,
              13.017574
            ],
            [
              106.431168,
              13.018699
            ],
            [
              106.430376,
              13.01824
            ],
            [
              106.429155,
              13.019794
            ],
            [
              106.428657,
              13.019274
            ],
            [
              106.426647,
              13.020891
            ],
            [
              106.42556,
              13.020559
            ],
            [
              106.425088,
              13.021497
            ],
            [
              106.424288,
              13.021502
            ],
            [
              106.423101,
              13.0205
            ],
            [
              106.421614,
              13.020358
            ],
            [
              106.420478,
              13.021523
            ],
            [
              106.419823,
              13.020256
            ],
            [
              106.41835,
              13.021563
            ],
            [
              106.416829,
              13.020926
            ],
            [
              106.417318,
              13.021876
            ],
            [
              106.416072,
              13.024012
            ],
            [
              106.407676,
              13.031221
            ],
            [
              106.405706,
              13.034956
            ],
            [
              106.405315,
              13.042784
            ],
            [
              106.404618,
              13.044285
            ],
            [
              106.393501,
              13.049579
            ],
            [
              106.387743,
              13.050818
            ],
            [
              106.380073,
              13.055574
            ],
            [
              106.378047,
              13.058206
            ],
            [
              106.375352,
              13.064625
            ],
            [
              106.372701,
              13.068253
            ],
            [
              106.364272,
              13.078794
            ],
            [
              106.362545,
              13.079438
            ],
            [
              106.362064,
              13.080791
            ],
            [
              106.359521,
              13.082802
            ],
            [
              106.360462,
              13.086833
            ],
            [
              106.35906,
              13.087149
            ],
            [
              106.359392,
              13.087753
            ],
            [
              106.358742,
              13.088484
            ],
            [
              106.357715,
              13.088286
            ],
            [
              106.357406,
              13.09066
            ],
            [
              106.356189,
              13.090673
            ],
            [
              106.353721,
              13.094579
            ],
            [
              106.350741,
              13.095267
            ],
            [
              106.349374,
              13.097143
            ],
            [
              106.347768,
              13.097366
            ],
            [
              106.346801,
              13.098831
            ],
            [
              106.344257,
              13.099108
            ],
            [
              106.343933,
              13.101035
            ],
            [
              106.34081,
              13.105419
            ],
            [
              106.341719,
              13.106721
            ],
            [
              106.341606,
              13.108683
            ],
            [
              106.34017,
              13.110284
            ],
            [
              106.338824,
              13.115766
            ],
            [
              106.341088,
              13.121494
            ],
            [
              106.340929,
              13.129391
            ],
            [
              106.338587,
              13.13495
            ],
            [
              106.340884,
              13.147313
            ],
            [
              106.344068,
              13.151609
            ],
            [
              106.343673,
              13.153684
            ],
            [
              106.344739,
              13.157087
            ],
            [
              106.344156,
              13.159519
            ],
            [
              106.345178,
              13.161991
            ],
            [
              106.346616,
              13.162939
            ],
            [
              106.349573,
              13.171643
            ],
            [
              106.354079,
              13.173556
            ],
            [
              106.371567,
              13.17209
            ],
            [
              106.383945,
              13.172725
            ],
            [
              106.389341,
              13.172024
            ],
            [
              106.392698,
              13.173989
            ],
            [
              106.398266,
              13.174822
            ],
            [
              106.39905,
              13.176428
            ],
            [
              106.400152,
              13.176122
            ],
            [
              106.401549,
              13.174369
            ],
            [
              106.4081,
              13.172375
            ],
            [
              106.410872,
              13.170365
            ],
            [
              106.415497,
              13.1687
            ],
            [
              106.417072,
              13.168921
            ],
            [
              106.419842,
              13.171103
            ],
            [
              106.4222,
              13.169733
            ],
            [
              106.429249,
              13.169002
            ],
            [
              106.430966,
              13.171041
            ],
            [
              106.431218,
              13.172546
            ],
            [
              106.428906,
              13.183408
            ],
            [
              106.424472,
              13.194171
            ],
            [
              106.420999,
              13.198256
            ],
            [
              106.41693,
              13.201661
            ],
            [
              106.408731,
              13.212593
            ],
            [
              106.400814,
              13.219622
            ],
            [
              106.393658,
              13.223623
            ],
            [
              106.382738,
              13.22754
            ],
            [
              106.370964,
              13.233955
            ],
            [
              106.368448,
              13.238858
            ],
            [
              106.368139,
              13.246273
            ],
            [
              106.366422,
              13.250848
            ],
            [
              106.360602,
              13.261728
            ],
            [
              106.352317,
              13.274021
            ],
            [
              106.350856,
              13.277597
            ],
            [
              106.350409,
              13.282006
            ],
            [
              106.347052,
              13.287053
            ],
            [
              106.345821,
              13.295605
            ],
            [
              106.346875,
              13.29977
            ],
            [
              106.349799,
              13.305209
            ],
            [
              106.350256,
              13.307429
            ],
            [
              106.3497,
              13.318971
            ],
            [
              106.350267,
              13.32233
            ],
            [
              106.35211,
              13.328292
            ],
            [
              106.35515,
              13.333914
            ],
            [
              106.35702,
              13.341346
            ],
            [
              106.353646,
              13.351587
            ],
            [
              106.354113,
              13.356139
            ],
            [
              106.350447,
              13.361724
            ],
            [
              106.352547,
              13.365895
            ],
            [
              106.352117,
              13.371488
            ],
            [
              106.353522,
              13.378274
            ],
            [
              106.350767,
              13.384577
            ],
            [
              106.351491,
              13.389395
            ],
            [
              106.349913,
              13.400474
            ],
            [
              106.333834,
              13.399152
            ],
            [
              106.322673,
              13.400421
            ],
            [
              106.316404,
              13.401718
            ],
            [
              106.305383,
              13.407318
            ],
            [
              106.299896,
              13.405069
            ],
            [
              106.296424,
              13.39888
            ],
            [
              106.2886,
              13.4032
            ],
            [
              106.281925,
              13.40161
            ],
            [
              106.27613,
              13.403782
            ],
            [
              106.270714,
              13.403451
            ],
            [
              106.265669,
              13.40588
            ],
            [
              106.260458,
              13.398426
            ],
            [
              106.253402,
              13.391858
            ],
            [
              106.245836,
              13.39379
            ],
            [
              106.24127,
              13.388197
            ],
            [
              106.239455,
              13.383617
            ],
            [
              106.239227,
              13.370703
            ],
            [
              106.23817,
              13.368751
            ],
            [
              106.220065,
              13.360512
            ],
            [
              106.209782,
              13.361781
            ],
            [
              106.206382,
              13.36289
            ],
            [
              106.204185,
              13.360411
            ],
            [
              106.202715,
              13.360202
            ],
            [
              106.197506,
              13.3624
            ],
            [
              106.195251,
              13.364691
            ],
            [
              106.192304,
              13.366149
            ],
            [
              106.186176,
              13.367889
            ],
            [
              106.179414,
              13.366198
            ],
            [
              106.173211,
              13.368363
            ],
            [
              106.171178,
              13.368299
            ],
            [
              106.170182,
              13.367324
            ],
            [
              106.168158,
              13.368813
            ],
            [
              106.165079,
              13.369464
            ],
            [
              106.161498,
              13.367558
            ],
            [
              106.158401,
              13.36875
            ],
            [
              106.156954,
              13.368496
            ],
            [
              106.154306,
              13.365679
            ],
            [
              106.148194,
              13.364498
            ],
            [
              106.141799,
              13.367166
            ],
            [
              106.13847,
              13.366896
            ],
            [
              106.136362,
              13.368544
            ],
            [
              106.135125,
              13.368441
            ],
            [
              106.133068,
              13.369641
            ],
            [
              106.132066,
              13.366896
            ],
            [
              106.130271,
              13.365281
            ],
            [
              106.127267,
              13.366542
            ],
            [
              106.127192,
              13.36584
            ],
            [
              106.12526,
              13.365041
            ],
            [
              106.123007,
              13.366595
            ],
            [
              106.122553,
              13.365775
            ],
            [
              106.122066,
              13.366542
            ],
            [
              106.118361,
              13.367785
            ],
            [
              106.113602,
              13.365764
            ],
            [
              106.109497,
              13.366061
            ],
            [
              106.10666,
              13.363391
            ],
            [
              106.103003,
              13.363335
            ],
            [
              106.100812,
              13.359164
            ],
            [
              106.098876,
              13.358848
            ],
            [
              106.097454,
              13.359686
            ],
            [
              106.091709,
              13.355712
            ],
            [
              106.089498,
              13.356003
            ],
            [
              106.086159,
              13.354397
            ],
            [
              106.084741,
              13.352533
            ],
            [
              106.08269,
              13.35195
            ],
            [
              106.081568,
              13.349652
            ],
            [
              106.083432,
              13.347967
            ],
            [
              106.08447,
              13.345804
            ],
            [
              106.08499,
              13.341738
            ],
            [
              106.08681,
              13.34326
            ],
            [
              106.086377,
              13.338714
            ],
            [
              106.085578,
              13.337983
            ],
            [
              106.08493,
              13.334976
            ],
            [
              106.081922,
              13.334316
            ],
            [
              106.081081,
              13.333147
            ],
            [
              106.079099,
              13.33268
            ],
            [
              106.077685,
              13.331084
            ],
            [
              106.076805,
              13.328428
            ],
            [
              106.075517,
              13.327519
            ],
            [
              106.075864,
              13.326775
            ],
            [
              106.074911,
              13.325145
            ],
            [
              106.072755,
              13.324527
            ],
            [
              106.072784,
              13.322849
            ],
            [
              106.070846,
              13.319324
            ],
            [
              106.072109,
              13.318013
            ],
            [
              106.071208,
              13.316958
            ],
            [
              106.071035,
              13.314473
            ],
            [
              106.069806,
              13.314703
            ],
            [
              106.068993,
              13.313052
            ],
            [
              106.067369,
              13.311955
            ],
            [
              106.065959,
              13.311493
            ],
            [
              106.065241,
              13.312028
            ],
            [
              106.062623,
              13.310946
            ],
            [
              106.061236,
              13.309438
            ],
            [
              106.059707,
              13.309298
            ],
            [
              106.058703,
              13.307011
            ],
            [
              106.059778,
              13.303491
            ],
            [
              106.058008,
              13.299554
            ],
            [
              106.058487,
              13.29719
            ],
            [
              106.05695,
              13.296715
            ],
            [
              106.055959,
              13.295361
            ],
            [
              106.053113,
              13.296127
            ],
            [
              106.049311,
              13.295368
            ],
            [
              106.046692,
              13.289894
            ],
            [
              106.04759,
              13.284371
            ],
            [
              106.044263,
              13.282983
            ],
            [
              106.043852,
              13.280875
            ],
            [
              106.038721,
              13.279964
            ],
            [
              106.038628,
              13.277744
            ],
            [
              106.035225,
              13.275724
            ],
            [
              106.035589,
              13.274485
            ],
            [
              106.032106,
              13.271221
            ],
            [
              106.033249,
              13.268047
            ],
            [
              106.031319,
              13.26712
            ],
            [
              106.02999,
              13.264613
            ],
            [
              106.028287,
              13.263193
            ],
            [
              106.028115,
              13.261766
            ],
            [
              106.025962,
              13.261033
            ],
            [
              106.025354,
              13.259946
            ],
            [
              106.025172,
              13.2583
            ],
            [
              106.026667,
              13.25613
            ],
            [
              106.024208,
              13.254562
            ],
            [
              106.025082,
              13.253516
            ],
            [
              106.023422,
              13.252523
            ],
            [
              106.024559,
              13.25054
            ],
            [
              106.023507,
              13.249003
            ],
            [
              106.025922,
              13.247123
            ],
            [
              106.025845,
              13.244839
            ],
            [
              106.027185,
              13.243284
            ],
            [
              106.025265,
              13.242596
            ],
            [
              106.024702,
              13.24165
            ],
            [
              106.024908,
              13.239431
            ],
            [
              106.026086,
              13.238096
            ],
            [
              106.025235,
              13.236613
            ],
            [
              106.025791,
              13.23338
            ],
            [
              106.025243,
              13.230861
            ],
            [
              106.023698,
              13.229307
            ],
            [
              106.02349,
              13.2259
            ],
            [
              106.018257,
              13.224565
            ],
            [
              106.008651,
              13.216824
            ],
            [
              106.004931,
              13.214643
            ],
            [
              105.998559,
              13.216826
            ],
            [
              105.990206,
              13.223245
            ],
            [
              105.983198,
              13.226992
            ],
            [
              105.969915,
              13.230782
            ],
            [
              105.966777,
              13.229745
            ],
            [
              105.965088,
              13.225201
            ],
            [
              105.964121,
              13.212036
            ],
            [
              105.965551,
              13.194988
            ],
            [
              105.96302,
              13.191799
            ],
            [
              105.963846,
              13.189604
            ],
            [
              105.961309,
              13.191533
            ],
            [
              105.959876,
              13.191142
            ],
            [
              105.961074,
              13.189283
            ],
            [
              105.96119,
              13.185663
            ],
            [
              105.95904,
              13.18099
            ],
            [
              105.956418,
              13.180041
            ],
            [
              105.955352,
              13.180698
            ],
            [
              105.953959,
              13.18029
            ],
            [
              105.954297,
              13.178161
            ],
            [
              105.956942,
              13.177857
            ],
            [
              105.955129,
              13.176507
            ],
            [
              105.954225,
              13.176607
            ],
            [
              105.953305,
              13.172327
            ],
            [
              105.951941,
              13.170735
            ],
            [
              105.948426,
              13.16909
            ],
            [
              105.94651,
              13.165167
            ],
            [
              105.946811,
              13.162157
            ],
            [
              105.943819,
              13.159447
            ],
            [
              105.94412,
              13.155452
            ],
            [
              105.94525,
              13.154514
            ],
            [
              105.945517,
              13.150462
            ],
            [
              105.94286,
              13.150382
            ],
            [
              105.941352,
              13.149098
            ],
            [
              105.937763,
              13.149072
            ],
            [
              105.93544,
              13.147132
            ],
            [
              105.932256,
              13.146095
            ],
            [
              105.927588,
              13.141766
            ],
            [
              105.927999,
              13.139482
            ],
            [
              105.924159,
              13.140671
            ],
            [
              105.922934,
              13.139619
            ],
            [
              105.919919,
              13.139916
            ],
            [
              105.915953,
              13.138485
            ],
            [
              105.915375,
              13.136885
            ],
            [
              105.911372,
              13.135627
            ],
            [
              105.910497,
              13.13707
            ],
            [
              105.90867,
              13.136716
            ],
            [
              105.906939,
              13.138063
            ],
            [
              105.905919,
              13.138059
            ],
            [
              105.904296,
              13.134617
            ],
            [
              105.899691,
              13.132046
            ],
            [
              105.896821,
              13.131458
            ],
            [
              105.897216,
              13.130058
            ],
            [
              105.896194,
              13.128181
            ],
            [
              105.891582,
              13.126735
            ],
            [
              105.890851,
              13.125308
            ],
            [
              105.887238,
              13.123636
            ],
            [
              105.886429,
              13.121336
            ],
            [
              105.885217,
              13.120646
            ],
            [
              105.879997,
              13.120445
            ],
            [
              105.87548,
              13.117091
            ],
            [
              105.875507,
              13.116002
            ],
            [
              105.873461,
              13.115196
            ],
            [
              105.867802,
              13.118118
            ],
            [
              105.866349,
              13.117139
            ],
            [
              105.866214,
              13.114736
            ],
            [
              105.865321,
              13.114113
            ],
            [
              105.857659,
              13.113703
            ],
            [
              105.853123,
              13.11453
            ],
            [
              105.848054,
              13.117434
            ],
            [
              105.845585,
              13.11752
            ],
            [
              105.840294,
              13.120272
            ],
            [
              105.835962,
              13.123489
            ],
            [
              105.832627,
              13.123275
            ],
            [
              105.830074,
              13.123977
            ],
            [
              105.827648,
              13.125951
            ],
            [
              105.824959,
              13.125625
            ],
            [
              105.817642,
              13.128146
            ],
            [
              105.810947,
              13.127222
            ],
            [
              105.807819,
              13.128929
            ],
            [
              105.806274,
              13.130689
            ],
            [
              105.802129,
              13.131714
            ],
            [
              105.794588,
              13.136441
            ],
            [
              105.79067,
              13.144897
            ],
            [
              105.783477,
              13.147916
            ],
            [
              105.771148,
              13.157361
            ],
            [
              105.754186,
              13.168711
            ],
            [
              105.751806,
              13.172661
            ],
            [
              105.751418,
              13.176852
            ],
            [
              105.746557,
              13.1798
            ],
            [
              105.742181,
              13.183514
            ],
            [
              105.734258,
              13.185335
            ],
            [
              105.703886,
              13.202369
            ],
            [
              105.694987,
              13.206387
            ],
            [
              105.68613,
              13.207708
            ],
            [
              105.66633,
              13.205274
            ],
            [
              105.658435,
              13.206438
            ],
            [
              105.649866,
              13.211846
            ],
            [
              105.638776,
              13.21556
            ],
            [
              105.619853,
              13.219979
            ],
            [
              105.615074,
              13.222816
            ],
            [
              105.608677,
              13.228925
            ],
            [
              105.603099,
              13.230505
            ],
            [
              105.589019,
              13.230345
            ],
            [
              105.587206,
              13.216081
            ],
            [
              105.58718,
              13.215129
            ]
          ]
        ]
      }
    }
  ]
}
