{
  "type": "FeatureCollection",
  "features": [
    {
      "type": "Feature",
      "properties": {
        "geo_id": "geo_kh_0035",
        "name": "Кардамоновы горы",
        "geometry_scope": "Composite of Central Cardamom Mountains National Park and Southern Cardamom Mountains National Park; operational protected-area core, not a geomorphological boundary of the entire range",
        "source_dataset": "Natural protected areas in Cambodia (1993-2023)",
        "source_publisher": "Open Development Cambodia / source government records",
        "source_url": "https://opendevelopmentcambodia.net/dataset/?id=protectedareas",
        "source_map_id": "fa_pf_15",
        "source_name": "Central Cardamom Mountains National Park",
        "source_reference": "Sub_decree_No_81__09.05.2016.pdf",
        "source_checked_at": "2026-10-01",
        "accuracy": "approximate"
      },
      "geometry": {
        "type": "MultiPolygon",
        "coordinates": [
          [
            [
              [
                103.38822745,
                12.34829985
              ],
              [
                103.38803082,
                12.34777474
              ],
              [
                103.3879008,
                12.34725004
              ],
              [
                103.38770457,
                12.34665945
              ],
              [
                103.3872419,
                12.34606728
              ],
              [
                103.3871785,
                12.34554296
              ],
              [
                103.38724992,
                12.34475748
              ],
              [
                103.38745657,
                12.34364533
              ],
              [
                103.38732856,
                12.34279318
              ],
              [
                103.38739958,
                12.34207318
              ],
              [
                103.38780525,
                12.3410932
              ],
              [
                103.38820772,
                12.34063713
              ],
              [
                103.38854278,
                12.34031165
              ],
              [
                103.38907646,
                12.34018382
              ],
              [
                103.3906077,
                12.34032385
              ],
              [
                103.39154145,
                12.34013288
              ],
              [
                103.39307429,
                12.34001094
              ],
              [
                103.39407464,
                12.33982035
              ],
              [
                103.39514321,
                12.3393682
              ],
              [
                103.39554446,
                12.33910859
              ],
              [
                103.39574669,
                12.33871682
              ],
              [
                103.39635176,
                12.33780349
              ],
              [
                103.39776251,
                12.335847
              ],
              [
                103.39816814,
                12.334867
              ],
              [
                103.39850556,
                12.33414856
              ],
              [
                103.39877677,
                12.33336424
              ],
              [
                103.39898097,
                12.33264502
              ],
              [
                103.39911578,
                12.33238384
              ],
              [
                103.39971804,
                12.33192892
              ],
              [
                103.39991906,
                12.33173362
              ],
              [
                103.4002525,
                12.33167009
              ],
              [
                103.40118502,
                12.33167556
              ],
              [
                103.40165089,
                12.33174378
              ],
              [
                103.40205094,
                12.33168063
              ],
              [
                103.402652,
                12.33142218
              ],
              [
                103.40278681,
                12.331161
              ],
              [
                103.40385572,
                12.33064331
              ],
              [
                103.40485603,
                12.33045268
              ],
              [
                103.40718852,
                12.33026983
              ],
              [
                103.40832561,
                12.32949055
              ],
              [
                103.4092601,
                12.32916854
              ],
              [
                103.41052526,
                12.3292414
              ],
              [
                103.41105773,
                12.32931
              ],
              [
                103.41218771,
                12.32970954
              ],
              [
                103.41305244,
                12.32991105
              ],
              [
                103.41391796,
                12.32998157
              ],
              [
                103.41444847,
                12.33037761
              ],
              [
                103.41511219,
                12.33077443
              ],
              [
                103.41604433,
                12.33084534
              ],
              [
                103.41691064,
                12.33078487
              ],
              [
                103.41791566,
                12.3298083
              ],
              [
                103.41851671,
                12.32954982
              ],
              [
                103.41951702,
                12.32935913
              ],
              [
                103.42058315,
                12.32929981
              ],
              [
                103.42124924,
                12.32930367
              ],
              [
                103.42204933,
                12.32917731
              ],
              [
                103.42331685,
                12.32885717
              ],
              [
                103.4241189,
                12.32840335
              ],
              [
                103.42465529,
                12.32781701
              ],
              [
                103.42572454,
                12.32723374
              ],
              [
                103.42659123,
                12.32710775
              ],
              [
                103.42785952,
                12.3266566
              ],
              [
                103.42885981,
                12.32646588
              ],
              [
                103.42992594,
                12.32640653
              ],
              [
                103.43232773,
                12.3257654
              ],
              [
                103.4331948,
                12.32557389
              ],
              [
                103.43399449,
                12.32551299
              ],
              [
                103.43459319,
                12.32564741
              ],
              [
                103.43539054,
                12.32597945
              ],
              [
                103.43658484,
                12.32677222
              ],
              [
                103.43751581,
                12.32703953
              ],
              [
                103.43824928,
                12.32691274
              ],
              [
                103.43885069,
                12.32658871
              ],
              [
                103.43985331,
                12.326005
              ],
              [
                103.44072309,
                12.32535504
              ],
              [
                103.44206067,
                12.32444576
              ],
              [
                103.44266208,
                12.32412172
              ],
              [
                103.44399733,
                12.32360538
              ],
              [
                103.44633285,
                12.32289825
              ],
              [
                103.44766886,
                12.32225091
              ],
              [
                103.4487369,
                12.32186402
              ],
              [
                103.44980839,
                12.32088769
              ],
              [
                103.45121407,
                12.31971677
              ],
              [
                103.45215041,
                12.31906714
              ],
              [
                103.45301784,
                12.31881008
              ],
              [
                103.45428338,
                12.31881725
              ],
              [
                103.45501529,
                12.31895238
              ],
              [
                103.45628159,
                12.31882855
              ],
              [
                103.45674861,
                12.3187002
              ],
              [
                103.45728529,
                12.31804829
              ],
              [
                103.45802218,
                12.31733201
              ],
              [
                103.45882567,
                12.31661611
              ],
              [
                103.46076375,
                12.31551363
              ],
              [
                103.46216668,
                12.3148011
              ],
              [
                103.46323391,
                12.31454513
              ],
              [
                103.46389921,
                12.31467986
              ],
              [
                103.46423072,
                12.3149437
              ],
              [
                103.46456109,
                12.31540402
              ],
              [
                103.4649554,
                12.31632316
              ],
              [
                103.46521802,
                12.31697958
              ],
              [
                103.46534514,
                12.31802821
              ],
              [
                103.46560662,
                12.31888111
              ],
              [
                103.46593547,
                12.3196034
              ],
              [
                103.46653152,
                12.3201962
              ],
              [
                103.46706248,
                12.32052666
              ],
              [
                103.46752608,
                12.32098772
              ],
              [
                103.46792192,
                12.32164489
              ],
              [
                103.46818493,
                12.32223582
              ],
              [
                103.46864967,
                12.3225004
              ],
              [
                103.46918254,
                12.32250339
              ],
              [
                103.46965032,
                12.32224404
              ],
              [
                103.47045342,
                12.32159359
              ],
              [
                103.47112481,
                12.32068042
              ],
              [
                103.47206567,
                12.31924481
              ],
              [
                103.47233703,
                12.31839489
              ],
              [
                103.47272498,
                12.3175436
              ],
              [
                103.47302991,
                12.31695236
              ],
              [
                103.47368432,
                12.31675837
              ],
              [
                103.47483868,
                12.31701188
              ],
              [
                103.47614294,
                12.31741445
              ],
              [
                103.47719679,
                12.31766739
              ],
              [
                103.47805022,
                12.31782039
              ],
              [
                103.4798076,
                12.31807724
              ],
              [
                103.48036037,
                12.31808032
              ],
              [
                103.48111529,
                12.31788687
              ],
              [
                103.48182137,
                12.31744608
              ],
              [
                103.48278155,
                12.31651258
              ],
              [
                103.4833874,
                12.31602182
              ],
              [
                103.48374172,
                12.31557908
              ],
              [
                103.48444722,
                12.31523711
              ],
              [
                103.48505251,
                12.31484517
              ],
              [
                103.48576112,
                12.31395967
              ],
              [
                103.48616908,
                12.31292427
              ],
              [
                103.48642317,
                12.31243156
              ],
              [
                103.48682659,
                12.31218673
              ],
              [
                103.48763202,
                12.31194413
              ],
              [
                103.48823672,
                12.311651
              ],
              [
                103.48854077,
                12.31120797
              ],
              [
                103.48884397,
                12.31091317
              ],
              [
                103.48914604,
                12.31081602
              ],
              [
                103.48949695,
                12.3109662
              ],
              [
                103.48974735,
                12.31111582
              ],
              [
                103.49014964,
                12.31106863
              ],
              [
                103.4907535,
                12.31092373
              ],
              [
                103.49120575,
                12.31092622
              ],
              [
                103.49175597,
                12.31137397
              ],
              [
                103.49245666,
                12.31187197
              ],
              [
                103.493862,
                12.31217619
              ],
              [
                103.49446557,
                12.3120807
              ],
              [
                103.49486758,
                12.31208291
              ],
              [
                103.49521821,
                12.31228249
              ],
              [
                103.49546693,
                12.31272858
              ],
              [
                103.49526199,
                12.31341923
              ],
              [
                103.4953097,
                12.3138642
              ],
              [
                103.49555815,
                12.3143597
              ],
              [
                103.49585881,
                12.31450959
              ],
              [
                103.49631107,
                12.31451208
              ],
              [
                103.49676277,
                12.31461339
              ],
              [
                103.49751823,
                12.31432107
              ],
              [
                103.4982226,
                12.31417671
              ],
              [
                103.4990255,
                12.31437877
              ],
              [
                103.49937473,
                12.3148254
              ],
              [
                103.4994713,
                12.31551771
              ],
              [
                103.4996695,
                12.31601293
              ],
              [
                103.50026888,
                12.31665859
              ],
              [
                103.5008691,
                12.31715601
              ],
              [
                103.50147016,
                12.3175052
              ],
              [
                103.50186993,
                12.31790269
              ],
              [
                103.50207066,
                12.31795321
              ],
              [
                103.50297464,
                12.31805699
              ],
              [
                103.5036282,
                12.31801116
              ],
              [
                103.50544064,
                12.31742813
              ],
              [
                103.50634546,
                12.31738367
              ],
              [
                103.5075021,
                12.31724175
              ],
              [
                103.50840776,
                12.31704905
              ],
              [
                103.50901246,
                12.31675587
              ],
              [
                103.50916657,
                12.31616376
              ],
              [
                103.50927237,
                12.31522549
              ],
              [
                103.50947644,
                12.31468306
              ],
              [
                103.50982904,
                12.31453675
              ],
              [
                103.51008727,
                12.31330283
              ],
              [
                103.51029775,
                12.31162394
              ],
              [
                103.51035163,
                12.31098187
              ],
              [
                103.51025391,
                12.31048721
              ],
              [
                103.51040661,
                12.31014215
              ],
              [
                103.51081224,
                12.30950199
              ],
              [
                103.51116929,
                12.30856509
              ],
              [
                103.51127397,
                12.30782446
              ],
              [
                103.51122928,
                12.30683596
              ],
              [
                103.51173429,
                12.306394
              ],
              [
                103.51194002,
                12.3055551
              ],
              [
                103.51194809,
                12.30412216
              ],
              [
                103.51190201,
                12.30338072
              ],
              [
                103.51190535,
                12.30278778
              ],
              [
                103.51221046,
                12.30214707
              ],
              [
                103.51246282,
                12.30195079
              ],
              [
                103.51311662,
                12.30185552
              ],
              [
                103.51367075,
                12.30161147
              ],
              [
                103.51397281,
                12.30151428
              ],
              [
                103.51468046,
                12.30077693
              ],
              [
                103.51513465,
                12.30043351
              ],
              [
                103.5156885,
                12.30023886
              ],
              [
                103.5162393,
                12.30058774
              ],
              [
                103.51699443,
                12.30034478
              ],
              [
                103.5180019,
                12.29990552
              ],
              [
                103.51921037,
                12.29946735
              ],
              [
                103.5207681,
                12.29947578
              ],
              [
                103.52157126,
                12.29962836
              ],
              [
                103.5224763,
                12.29953443
              ],
              [
                103.52333274,
                12.29914375
              ],
              [
                103.52403899,
                12.29865343
              ],
              [
                103.52449619,
                12.29776645
              ],
              [
                103.52460027,
                12.29712464
              ],
              [
                103.52435096,
                12.2967774
              ],
              [
                103.52395117,
                12.29637994
              ],
              [
                103.52365189,
                12.29598302
              ],
              [
                103.52375487,
                12.29553886
              ],
              [
                103.52420903,
                12.29519541
              ],
              [
                103.52476342,
                12.29490192
              ],
              [
                103.52531698,
                12.29475667
              ],
              [
                103.52592134,
                12.29451286
              ],
              [
                103.5269815,
                12.29362913
              ],
              [
                103.52738377,
                12.29358188
              ],
              [
                103.52758283,
                12.29392885
              ],
              [
                103.52788295,
                12.29417753
              ],
              [
                103.52813529,
                12.29398123
              ],
              [
                103.52848758,
                12.2938843
              ],
              [
                103.52888764,
                12.29423235
              ],
              [
                103.52944092,
                12.29413649
              ],
              [
                103.53024599,
                12.29394317
              ],
              [
                103.53190419,
                12.29395207
              ],
              [
                103.53270679,
                12.29420344
              ],
              [
                103.53305826,
                12.29425474
              ],
              [
                103.5333106,
                12.29405844
              ],
              [
                103.53361428,
                12.29366476
              ],
              [
                103.53432241,
                12.29282853
              ],
              [
                103.53462527,
                12.29258308
              ],
              [
                103.53522825,
                12.29258631
              ],
              [
                103.53588065,
                12.29273804
              ],
              [
                103.53693641,
                12.29264486
              ],
              [
                103.53728788,
                12.29269616
              ],
              [
                103.5378417,
                12.29250146
              ],
              [
                103.53849547,
                12.29240613
              ],
              [
                103.53899714,
                12.29255705
              ],
              [
                103.53939803,
                12.29275684
              ],
              [
                103.53964737,
                12.29310407
              ],
              [
                103.53989533,
                12.29369836
              ],
              [
                103.54024435,
                12.29419435
              ],
              [
                103.54084433,
                12.29474111
              ],
              [
                103.54134491,
                12.29508967
              ],
              [
                103.54184441,
                12.29563588
              ],
              [
                103.54184331,
                12.29583353
              ],
              [
                103.54174118,
                12.29612947
              ],
              [
                103.54158907,
                12.29637573
              ],
              [
                103.54128622,
                12.29662118
              ],
              [
                103.54118408,
                12.29691712
              ],
              [
                103.54107977,
                12.29760835
              ],
              [
                103.5410765,
                12.2982013
              ],
              [
                103.54096891,
                12.29948548
              ],
              [
                103.54106477,
                12.30032602
              ],
              [
                103.54126141,
                12.30111769
              ],
              [
                103.54151075,
                12.30146491
              ],
              [
                103.54201353,
                12.30141818
              ],
              [
                103.5436286,
                12.30014203
              ],
              [
                103.54403333,
                12.29965005
              ],
              [
                103.54463904,
                12.29915914
              ],
              [
                103.54559868,
                12.2982748
              ],
              [
                103.54625464,
                12.29778415
              ],
              [
                103.54696003,
                12.29736076
              ],
              [
                103.54791104,
                12.29693526
              ],
              [
                103.54849442,
                12.29701011
              ],
              [
                103.54958704,
                12.2973747
              ],
              [
                103.55089858,
                12.29774045
              ],
              [
                103.55235764,
                12.29781994
              ],
              [
                103.55330589,
                12.29789671
              ],
              [
                103.55432398,
                12.29854793
              ],
              [
                103.56434968,
                12.26027248
              ],
              [
                103.56431203,
                12.2599222
              ],
              [
                103.56402678,
                12.2587008
              ],
              [
                103.56425304,
                12.25733855
              ],
              [
                103.56491513,
                12.25633738
              ],
              [
                103.56506688,
                12.25526178
              ],
              [
                103.56543634,
                12.2544026
              ],
              [
                103.56602468,
                12.25354456
              ],
              [
                103.56617409,
                12.2528995
              ],
              [
                103.56625015,
                12.25232582
              ],
              [
                103.56625131,
                12.25211055
              ],
              [
                103.56604406,
                12.24995668
              ],
              [
                103.56604871,
                12.24909559
              ],
              [
                103.5662734,
                12.24802036
              ],
              [
                103.56642745,
                12.24651422
              ],
              [
                103.56657801,
                12.24565389
              ],
              [
                103.56665639,
                12.24464966
              ],
              [
                103.56695403,
                12.24357482
              ],
              [
                103.56717871,
                12.24249959
              ],
              [
                103.56769367,
                12.24171292
              ],
              [
                103.56784346,
                12.24099611
              ],
              [
                103.56784771,
                12.24020677
              ],
              [
                103.56763348,
                12.23934454
              ],
              [
                103.56758095,
                12.23907891
              ],
              [
                103.56735629,
                12.23866175
              ],
              [
                103.56716484,
                12.23840789
              ],
              [
                103.56758884,
                12.23677324
              ],
              [
                103.56760463,
                12.2368067
              ],
              [
                103.56959446,
                12.22883876
              ],
              [
                103.5706158,
                12.22744794
              ],
              [
                103.57098674,
                12.22630171
              ],
              [
                103.57070302,
                12.22479327
              ],
              [
                103.57055942,
                12.22436197
              ],
              [
                103.57048878,
                12.22393104
              ],
              [
                103.57100485,
                12.22292908
              ],
              [
                103.5716645,
                12.22235843
              ],
              [
                103.57203196,
                12.22185802
              ],
              [
                103.57225428,
                12.22121333
              ],
              [
                103.57204043,
                12.22027934
              ],
              [
                103.5717544,
                12.21920146
              ],
              [
                103.57175786,
                12.21855564
              ],
              [
                103.57219942,
                12.21784033
              ],
              [
                103.57278572,
                12.21734105
              ],
              [
                103.57308137,
                12.21662499
              ],
              [
                103.5731574,
                12.2160513
              ],
              [
                103.57347401,
                12.21543654
              ],
              [
                103.57376457,
                12.21549527
              ],
              [
                103.57564978,
                12.21538544
              ],
              [
                103.5762577,
                12.21538858
              ],
              [
                103.57710751,
                12.21563218
              ],
              [
                103.57831634,
                12.21695403
              ],
              [
                103.5788622,
                12.21719605
              ],
              [
                103.5800755,
                12.21768071
              ],
              [
                103.58074231,
                12.21804295
              ],
              [
                103.58153198,
                12.21816662
              ],
              [
                103.58214087,
                12.21799036
              ],
              [
                103.58294226,
                12.21819781
              ],
              [
                103.58396403,
                12.21811935
              ],
              [
                103.58439047,
                12.2179541
              ],
              [
                103.58498891,
                12.21745486
              ],
              [
                103.58558691,
                12.21703933
              ],
              [
                103.58626779,
                12.21704283
              ],
              [
                103.58686223,
                12.21729704
              ],
              [
                103.58721938,
                12.2173994
              ],
              [
                103.58726328,
                12.21737004
              ],
              [
                103.5872841,
                12.21731399
              ],
              [
                103.58736185,
                12.21734504
              ],
              [
                103.58783571,
                12.21741411
              ],
              [
                103.58966481,
                12.21742349
              ],
              [
                103.58939807,
                12.21662246
              ],
              [
                103.58933279,
                12.21615566
              ],
              [
                103.58947075,
                12.2156899
              ],
              [
                103.58947322,
                12.21522344
              ],
              [
                103.58927211,
                12.21482258
              ],
              [
                103.58907241,
                12.21415518
              ],
              [
                103.5887247,
                12.21343459
              ],
              [
                103.58883696,
                12.21313228
              ],
              [
                103.58823772,
                12.2116697
              ],
              [
                103.58769995,
                12.21133524
              ],
              [
                103.58750009,
                12.21086982
              ],
              [
                103.58736838,
                12.21027208
              ],
              [
                103.58737682,
                12.20867993
              ],
              [
                103.58710917,
                12.20828051
              ],
              [
                103.58690966,
                12.20774876
              ],
              [
                103.58691353,
                12.20701903
              ],
              [
                103.58698625,
                12.20602428
              ],
              [
                103.58702331,
                12.20596871
              ],
              [
                103.58681436,
                12.2056139
              ],
              [
                103.58681648,
                12.20521408
              ],
              [
                103.58675192,
                12.204614
              ],
              [
                103.5866863,
                12.20421384
              ],
              [
                103.59587496,
                12.18571664
              ],
              [
                103.59586167,
                12.18550382
              ],
              [
                103.59539137,
                12.18516971
              ],
              [
                103.59525755,
                12.18497001
              ],
              [
                103.59532952,
                12.18410794
              ],
              [
                103.59485922,
                12.18377383
              ],
              [
                103.59445706,
                12.18330739
              ],
              [
                103.59385155,
                12.18303894
              ],
              [
                103.59297491,
                12.18303448
              ],
              [
                103.59277471,
                12.1826354
              ],
              [
                103.59190297,
                12.18170218
              ],
              [
                103.59143408,
                12.18110271
              ],
              [
                103.59142377,
                12.18097284
              ],
              [
                103.5914727,
                12.18100761
              ],
              [
                103.59162237,
                12.18029076
              ],
              [
                103.59213485,
                12.17993458
              ],
              [
                103.59242889,
                12.17950551
              ],
              [
                103.59257742,
                12.17900394
              ],
              [
                103.59287107,
                12.17864664
              ],
              [
                103.5933091,
                12.17857711
              ],
              [
                103.59382195,
                12.17814916
              ],
              [
                103.59404418,
                12.17750444
              ],
              [
                103.59441266,
                12.17678871
              ],
              [
                103.59485294,
                12.17628863
              ],
              [
                103.5953673,
                12.17557363
              ],
              [
                103.59610047,
                12.17485976
              ],
              [
                103.59668663,
                12.17436041
              ],
              [
                103.59690772,
                12.17393097
              ],
              [
                103.59691111,
                12.17328514
              ],
              [
                103.59647611,
                12.1727806
              ],
              [
                103.59604224,
                12.17206079
              ],
              [
                103.59589402,
                12.17172808
              ],
              [
                103.59579779,
                12.17166108
              ],
              [
                103.59534849,
                12.17099055
              ],
              [
                103.59517041,
                12.1704105
              ],
              [
                103.59494868,
                12.16951837
              ],
              [
                103.59486585,
                12.16804781
              ],
              [
                103.59491394,
                12.16751346
              ],
              [
                103.59491698,
                12.16693433
              ],
              [
                103.59501035,
                12.16640021
              ],
              [
                103.5951483,
                12.16599996
              ],
              [
                103.59537728,
                12.16551108
              ],
              [
                103.59551733,
                12.1647099
              ],
              [
                103.59556612,
                12.1640419
              ],
              [
                103.59556893,
                12.16350731
              ],
              [
                103.59552692,
                12.16288341
              ],
              [
                103.59552949,
                12.16239337
              ],
              [
                103.59548679,
                12.16190311
              ],
              [
                103.59553628,
                12.16110146
              ],
              [
                103.59554236,
                12.1599432
              ],
              [
                103.59550035,
                12.15931929
              ],
              [
                103.5954126,
                12.15878425
              ],
              [
                103.59532438,
                12.1583383
              ],
              [
                103.59492061,
                12.15762345
              ],
              [
                103.59447156,
                12.15690837
              ],
              [
                103.59429279,
                12.15646197
              ],
              [
                103.59429442,
                12.15615013
              ],
              [
                103.59470614,
                12.15535033
              ],
              [
                103.59488936,
                12.15495031
              ],
              [
                103.59493698,
                12.15450505
              ],
              [
                103.59489474,
                12.15392569
              ],
              [
                103.59467209,
                12.15321176
              ],
              [
                103.59444734,
                12.15289877
              ],
              [
                103.59386083,
                12.15249484
              ],
              [
                103.59327478,
                12.15200182
              ],
              [
                103.59304956,
                12.15177792
              ],
              [
                103.59295995,
                12.15159927
              ],
              [
                103.59296112,
                12.15137652
              ],
              [
                103.59309859,
                12.15106538
              ],
              [
                103.59323653,
                12.15066513
              ],
              [
                103.5936459,
                12.15031081
              ],
              [
                103.59433115,
                12.149156
              ],
              [
                103.59483715,
                12.14764388
              ],
              [
                103.59493051,
                12.14710976
              ],
              [
                103.59497789,
                12.14670905
              ],
              [
                103.59498046,
                12.14621902
              ],
              [
                103.59534875,
                12.14506259
              ],
              [
                103.59584936,
                12.14457508
              ],
              [
                103.59653131,
                12.14404395
              ],
              [
                103.59707627,
                12.14373486
              ],
              [
                103.59734933,
                12.14346894
              ],
              [
                103.59803104,
                12.14298235
              ],
              [
                103.59948664,
                12.14169777
              ],
              [
                103.59998655,
                12.1413439
              ],
              [
                103.60071446,
                12.14067933
              ],
              [
                103.61039199,
                12.12549195
              ],
              [
                103.61057494,
                12.12513647
              ],
              [
                103.61116603,
                12.12464938
              ],
              [
                103.61207519,
                12.12394113
              ],
              [
                103.61248312,
                12.12385407
              ],
              [
                103.612846,
                12.12372224
              ],
              [
                103.61329873,
                12.1237245
              ],
              [
                103.61420582,
                12.12341719
              ],
              [
                103.6146142,
                12.12324103
              ],
              [
                103.61506762,
                12.12310964
              ],
              [
                103.61579338,
                12.12284597
              ],
              [
                103.61629277,
                12.12258116
              ],
              [
                103.61679238,
                12.1222718
              ],
              [
                103.61711067,
                12.12200609
              ],
              [
                103.61743782,
                12.1218058
              ],
              [
                103.61744686,
                12.12177484
              ],
              [
                103.61840696,
                12.12100755
              ],
              [
                103.6200213,
                12.11907802
              ],
              [
                103.62090304,
                12.11779069
              ],
              [
                103.62170964,
                12.11693356
              ],
              [
                103.62258843,
                12.11622031
              ],
              [
                103.62346574,
                12.11579409
              ],
              [
                103.62470657,
                12.11558496
              ],
              [
                103.625021,
                12.11547421
              ],
              [
                103.62542306,
                12.11551787
              ],
              [
                103.62591857,
                12.11533315
              ],
              [
                103.62687095,
                12.11507582
              ],
              [
                103.6290445,
                12.11407582
              ],
              [
                103.62980838,
                12.11348063
              ],
              [
                103.63026641,
                12.11318341
              ],
              [
                103.63098997,
                12.11303725
              ],
              [
                103.6321683,
                12.11323023
              ],
              [
                103.63270069,
                12.11327029
              ],
              [
                103.63323328,
                12.11327292
              ],
              [
                103.63399449,
                12.1132018
              ],
              [
                103.63482988,
                12.11350539
              ],
              [
                103.63524644,
                12.11388179
              ],
              [
                103.63547241,
                12.11433213
              ],
              [
                103.6356592,
                12.11500688
              ],
              [
                103.63580775,
                12.11571888
              ],
              [
                103.63595764,
                12.11616884
              ],
              [
                103.63626065,
                12.11643238
              ],
              [
                103.63739963,
                12.1168872
              ],
              [
                103.63789247,
                12.11722654
              ],
              [
                103.63804369,
                12.11741446
              ],
              [
                103.6384983,
                12.11779104
              ],
              [
                103.63910413,
                12.11835555
              ],
              [
                103.63944576,
                12.11850696
              ],
              [
                103.63982637,
                12.11847139
              ],
              [
                103.64032092,
                12.11847382
              ],
              [
                103.6407392,
                12.11851331
              ],
              [
                103.64119514,
                12.11862785
              ],
              [
                103.64149929,
                12.11866677
              ],
              [
                103.64184244,
                12.11851871
              ],
              [
                103.64226242,
                12.11822129
              ],
              [
                103.64268221,
                12.11796129
              ],
              [
                103.64317695,
                12.11792628
              ],
              [
                103.64344306,
                12.11796502
              ],
              [
                103.64374645,
                12.11815368
              ],
              [
                103.64401067,
                12.11856676
              ],
              [
                103.64419805,
                12.11912921
              ],
              [
                103.64430896,
                12.11976615
              ],
              [
                103.64460839,
                12.12074093
              ],
              [
                103.64472158,
                12.12092866
              ],
              [
                103.64494889,
                12.12111695
              ],
              [
                103.6451391,
                12.12111788
              ],
              [
                103.64544364,
                12.12108193
              ],
              [
                103.64616796,
                12.12078599
              ],
              [
                103.64662486,
                12.12071335
              ],
              [
                103.6468904,
                12.12086438
              ],
              [
                103.64700359,
                12.12105211
              ],
              [
                103.64707269,
                12.12243756
              ],
              [
                103.64714784,
                12.1226251
              ],
              [
                103.64741376,
                12.12270127
              ],
              [
                103.64775615,
                12.12270294
              ],
              [
                103.64829064,
                12.1223312
              ],
              [
                103.64867201,
                12.12214588
              ],
              [
                103.64890027,
                12.12214699
              ],
              [
                103.64908917,
                12.12240996
              ],
              [
                103.64923927,
                12.12282248
              ],
              [
                103.64946602,
                12.12312307
              ],
              [
                103.64976943,
                12.12331172
              ],
              [
                103.65022576,
                12.12335138
              ],
              [
                103.65068172,
                12.12346591
              ],
              [
                103.65113598,
                12.12391734
              ],
              [
                103.65151623,
                12.12395663
              ],
              [
                103.6519735,
                12.12380911
              ],
              [
                103.65259215,
                12.12182804
              ],
              [
                103.65248047,
                12.12134084
              ],
              [
                103.65210417,
                12.12051543
              ],
              [
                103.65203072,
                12.11999097
              ],
              [
                103.65229852,
                12.11969279
              ],
              [
                103.65268045,
                12.11939516
              ],
              [
                103.65310042,
                12.11909772
              ],
              [
                103.65432023,
                12.11861698
              ],
              [
                103.65481591,
                12.11839477
              ],
              [
                103.65519784,
                12.11809714
              ],
              [
                103.65554135,
                12.11787419
              ],
              [
                103.65592215,
                12.11780117
              ],
              [
                103.65634081,
                12.11776576
              ],
              [
                103.65656925,
                12.11772943
              ],
              [
                103.65672461,
                12.11709378
              ],
              [
                103.65668919,
                12.11656951
              ],
              [
                103.65631232,
                12.11585641
              ],
              [
                103.65631419,
                12.11548206
              ],
              [
                103.65650571,
                12.11522094
              ],
              [
                103.65719179,
                12.11496222
              ],
              [
                103.65738256,
                12.11485083
              ],
              [
                103.65753585,
                12.11462696
              ],
              [
                103.6577313,
                12.11357971
              ],
              [
                103.65792375,
                12.11313142
              ],
              [
                103.65815332,
                12.11287048
              ],
              [
                103.6585343,
                12.11276001
              ],
              [
                103.65921905,
                12.11276332
              ],
              [
                103.65982791,
                12.11272883
              ],
              [
                103.66020908,
                12.11258093
              ],
              [
                103.66081831,
                12.11247156
              ],
              [
                103.66119873,
                12.1124734
              ],
              [
                103.66169346,
                12.11243835
              ],
              [
                103.66203715,
                12.11217796
              ],
              [
                103.66222903,
                12.11184196
              ],
              [
                103.66234633,
                12.11120612
              ],
              [
                103.66238828,
                12.11042018
              ],
              [
                103.66261746,
                12.1102341
              ],
              [
                103.66345494,
                12.11012583
              ],
              [
                103.66552257,
                12.10994957
              ],
              [
                103.66549988,
                12.10983501
              ],
              [
                103.66537958,
                12.10966757
              ],
              [
                103.66528375,
                12.10945256
              ],
              [
                103.66526071,
                12.10921407
              ],
              [
                103.6652131,
                12.10904698
              ],
              [
                103.66511715,
                12.10885581
              ],
              [
                103.66482788,
                12.10856836
              ],
              [
                103.66468348,
                12.10837696
              ],
              [
                103.6646361,
                12.10816219
              ],
              [
                103.66466175,
                12.10787625
              ],
              [
                103.66478441,
                12.10756695
              ],
              [
                103.66495492,
                12.10737706
              ],
              [
                103.66517376,
                12.10721125
              ],
              [
                103.66539344,
                12.10687857
              ],
              [
                103.66537039,
                12.10664007
              ],
              [
                103.66522884,
                12.10587657
              ],
              [
                103.66496759,
                12.10482643
              ],
              [
                103.66496948,
                12.10444503
              ],
              [
                103.66504369,
                12.10413549
              ],
              [
                103.66511731,
                12.10394514
              ],
              [
                103.66511885,
                12.10363525
              ],
              [
                103.66502373,
                12.10327722
              ],
              [
                103.66495319,
                12.10284779
              ],
              [
                103.66495485,
                12.10251407
              ],
              [
                103.66502858,
                12.10229988
              ],
              [
                103.66522391,
                12.10199092
              ],
              [
                103.66534763,
                12.10146707
              ],
              [
                103.66537315,
                12.10120498
              ],
              [
                103.66527756,
                12.1009423
              ],
              [
                103.6651334,
                12.10070322
              ],
              [
                103.66503912,
                12.10017833
              ],
              [
                103.66494305,
                12.100011
              ],
              [
                103.66477384,
                12.09993867
              ],
              [
                103.66453197,
                12.09986599
              ],
              [
                103.66397483,
                12.09986331
              ],
              [
                103.66373296,
                12.09979064
              ],
              [
                103.66358833,
                12.09964691
              ],
              [
                103.66349274,
                12.09938423
              ],
              [
                103.66339751,
                12.09905004
              ],
              [
                103.66347148,
                12.09878817
              ],
              [
                103.66364187,
                12.09862212
              ],
              [
                103.66386059,
                12.09848015
              ],
              [
                103.66400652,
                12.09836166
              ],
              [
                103.6642738,
                12.09819608
              ],
              [
                103.66478319,
                12.0980555
              ],
              [
                103.6650747,
                12.09789003
              ],
              [
                103.66536656,
                12.09765305
              ],
              [
                103.66536821,
                12.09731933
              ],
              [
                103.66515115,
                12.09712758
              ],
              [
                103.66488612,
                12.09684024
              ],
              [
                103.66471833,
                12.09648186
              ],
              [
                103.66476832,
                12.09617221
              ],
              [
                103.66486627,
                12.09595814
              ],
              [
                103.66506148,
                12.09567301
              ],
              [
                103.66557228,
                12.09524638
              ],
              [
                103.66576748,
                12.09496126
              ],
              [
                103.66586579,
                12.09467567
              ],
              [
                103.66586839,
                12.09415124
              ],
              [
                103.66582148,
                12.09384112
              ],
              [
                103.66575047,
                12.09350705
              ],
              [
                103.66563054,
                12.09326809
              ],
              [
                103.66553531,
                12.0929339
              ],
              [
                103.66551262,
                12.09262389
              ],
              [
                103.66556237,
                12.09236191
              ],
              [
                103.66566044,
                12.092124
              ],
              [
                103.66575886,
                12.09181457
              ],
              [
                103.66592984,
                12.09152934
              ],
              [
                103.66629448,
                12.09126887
              ],
              [
                103.66658715,
                12.09086502
              ],
              [
                103.66678199,
                12.09065141
              ],
              [
                103.66680799,
                12.09029396
              ],
              [
                103.66681483,
                12.08891138
              ],
              [
                103.66659754,
                12.0887673
              ],
              [
                103.6662348,
                12.08864637
              ],
              [
                103.66601739,
                12.08852614
              ],
              [
                103.66598661,
                12.08826736
              ],
              [
                103.66595436,
                12.08764083
              ],
              [
                103.66581413,
                12.08739656
              ],
              [
                103.66560473,
                12.08683878
              ],
              [
                103.66574824,
                12.08642188
              ],
              [
                103.66599816,
                12.0859359
              ],
              [
                103.66631898,
                12.08541546
              ],
              [
                103.6664975,
                12.08506833
              ],
              [
                103.66646472,
                12.08454619
              ],
              [
                103.6663257,
                12.08405834
              ],
              [
                103.66639917,
                12.08350191
              ],
              [
                103.66636537,
                12.08318856
              ],
              [
                103.6659095,
                12.0824208
              ],
              [
                103.66545208,
                12.08196622
              ],
              [
                103.66513558,
                12.08161671
              ],
              [
                103.66460917,
                12.08081381
              ],
              [
                103.6645752,
                12.08053526
              ],
              [
                103.66464729,
                12.08025721
              ],
              [
                103.66464867,
                12.07997883
              ],
              [
                103.66454398,
                12.07969994
              ],
              [
                103.66408777,
                12.07900177
              ],
              [
                103.66363036,
                12.07854719
              ],
              [
                103.66342029,
                12.0781286
              ],
              [
                103.66356344,
                12.0777813
              ],
              [
                103.66381199,
                12.0775737
              ],
              [
                103.66406018,
                12.07743569
              ],
              [
                103.66434356,
                12.07733266
              ],
              [
                103.66483891,
                12.07726544
              ],
              [
                103.66512212,
                12.0771972
              ],
              [
                103.6654412,
                12.07702474
              ],
              [
                103.66568991,
                12.07678234
              ],
              [
                103.66597536,
                12.07626173
              ],
              [
                103.66640395,
                12.07539381
              ],
              [
                103.66694068,
                12.07410883
              ],
              [
                103.66715593,
                12.07348348
              ],
              [
                103.66726561,
                12.07275323
              ],
              [
                103.66723249,
                12.07230069
              ],
              [
                103.66702517,
                12.07132533
              ],
              [
                103.66702671,
                12.07101214
              ],
              [
                103.66713433,
                12.07069947
              ],
              [
                103.66731232,
                12.07045673
              ],
              [
                103.66759621,
                12.0702493
              ],
              [
                103.66787906,
                12.07025065
              ],
              [
                103.66805516,
                12.07039069
              ],
              [
                103.66808966,
                12.07056485
              ],
              [
                103.6680888,
                12.07073884
              ],
              [
                103.66819452,
                12.07080894
              ],
              [
                103.66847755,
                12.0707755
              ],
              [
                103.66876092,
                12.07067246
              ],
              [
                103.66900997,
                12.07036046
              ],
              [
                103.66915311,
                12.07001315
              ],
              [
                103.66919122,
                12.06945655
              ],
              [
                103.66891266,
                12.06858525
              ],
              [
                103.66870309,
                12.06806227
              ],
              [
                103.66828225,
                12.06736428
              ],
              [
                103.66796645,
                12.06687558
              ],
              [
                103.66775706,
                12.0663178
              ],
              [
                103.66769065,
                12.06544751
              ],
              [
                103.66769443,
                12.06468195
              ],
              [
                103.66773305,
                12.06402096
              ],
              [
                103.6677413,
                12.06235065
              ],
              [
                103.66770009,
                12.06124582
              ],
              [
                103.6677891,
                12.06053109
              ],
              [
                103.66806283,
                12.05995473
              ],
              [
                103.66838039,
                12.0596452
              ],
              [
                103.66883384,
                12.05924744
              ],
              [
                103.66897213,
                12.05867043
              ],
              [
                103.66893136,
                12.05778151
              ],
              [
                103.66848757,
                12.05622412
              ],
              [
                103.6682671,
                12.0551566
              ],
              [
                103.668314,
                12.05480134
              ],
              [
                103.66863287,
                12.05422519
              ],
              [
                103.66926995,
                12.0532062
              ],
              [
                103.66977093,
                12.05231987
              ],
              [
                103.67049808,
                12.05134574
              ],
              [
                103.67122587,
                12.05023831
              ],
              [
                103.67145442,
                12.04935665
              ],
              [
                103.67142458,
                12.04938937
              ],
              [
                103.67145706,
                12.0491285
              ],
              [
                103.67141454,
                12.04859507
              ],
              [
                103.67128391,
                12.04761685
              ],
              [
                103.67133452,
                12.04650618
              ],
              [
                103.67197201,
                12.04539831
              ],
              [
                103.67224637,
                12.04468864
              ],
              [
                103.6724769,
                12.04371214
              ],
              [
                103.67315973,
                12.04256004
              ],
              [
                103.67343409,
                12.04185037
              ],
              [
                103.67343801,
                12.04105053
              ],
              [
                103.6733534,
                12.03989479
              ],
              [
                103.6733124,
                12.0390503
              ],
              [
                103.67349689,
                12.03825133
              ],
              [
                103.67372632,
                12.037497
              ],
              [
                103.67409117,
                12.03674332
              ],
              [
                103.67450007,
                12.03621202
              ],
              [
                103.67500035,
                12.03545898
              ],
              [
                103.67509455,
                12.03465957
              ],
              [
                103.67536758,
                12.03421651
              ],
              [
                103.67577779,
                12.0334186
              ],
              [
                103.67632559,
                12.03217698
              ],
              [
                103.67678071,
                12.03142372
              ],
              [
                103.67723517,
                12.03080376
              ],
              [
                103.67714923,
                12.02991463
              ],
              [
                103.67737885,
                12.02911586
              ],
              [
                103.67783288,
                12.02858477
              ],
              [
                103.67779121,
                12.02787359
              ],
              [
                103.67720741,
                12.02724872
              ],
              [
                103.67693873,
                12.02680308
              ],
              [
                103.67694069,
                12.02640317
              ],
              [
                103.67707872,
                12.02587058
              ],
              [
                103.6771269,
                12.0252487
              ],
              [
                103.67753665,
                12.02453966
              ],
              [
                103.67794596,
                12.02391949
              ],
              [
                103.67849025,
                12.02338883
              ],
              [
                103.67871921,
                12.02272336
              ],
              [
                103.67876674,
                12.02223479
              ],
              [
                103.67895034,
                12.02161354
              ],
              [
                103.67899829,
                12.0210361
              ],
              [
                103.67854927,
                12.02054517
              ],
              [
                103.67818902,
                12.02036572
              ],
              [
                103.67737671,
                12.02031744
              ],
              [
                103.6771076,
                12.01996068
              ],
              [
                103.677202,
                12.01911683
              ],
              [
                103.67742966,
                12.01871798
              ],
              [
                103.67747773,
                12.01857169
              ],
              [
                103.70143278,
                12.02355556
              ],
              [
                103.70214757,
                12.02401518
              ],
              [
                103.70257967,
                12.02431592
              ],
              [
                103.70301095,
                12.02478736
              ],
              [
                103.70348599,
                12.02517364
              ],
              [
                103.70422074,
                12.02564649
              ],
              [
                103.7047829,
                12.02594783
              ],
              [
                103.70517226,
                12.02612034
              ],
              [
                103.70564771,
                12.02642127
              ],
              [
                103.70595078,
                12.02650803
              ],
              [
                103.70634075,
                12.02655251
              ],
              [
                103.70694688,
                12.02672602
              ],
              [
                103.70720618,
                12.02689792
              ],
              [
                103.70772357,
                12.02749778
              ],
              [
                103.70811212,
                12.02784098
              ],
              [
                103.70850046,
                12.02822686
              ],
              [
                103.70888943,
                12.02848472
              ],
              [
                103.70914853,
                12.0286993
              ],
              [
                103.71031745,
                12.0290461
              ],
              [
                103.71062092,
                12.02904751
              ],
              [
                103.71088145,
                12.02896336
              ],
              [
                103.71101212,
                12.02883593
              ],
              [
                103.71140332,
                12.02862436
              ],
              [
                103.71166486,
                12.02832683
              ],
              [
                103.71205646,
                12.02802991
              ],
              [
                103.71249142,
                12.02773318
              ],
              [
                103.71288221,
                12.02760696
              ],
              [
                103.71344641,
                12.02748153
              ],
              [
                103.71409753,
                12.02731382
              ],
              [
                103.71461777,
                12.02731622
              ],
              [
                103.71518197,
                12.02719078
              ],
              [
                103.71618072,
                12.02685397
              ],
              [
                103.71665801,
                12.02677081
              ],
              [
                103.7170488,
                12.02664458
              ],
              [
                103.71739583,
                12.0266035
              ],
              [
                103.71774184,
                12.02677579
              ],
              [
                103.71782734,
                12.02703224
              ],
              [
                103.71804058,
                12.02725485
              ],
              [
                103.71808432,
                12.02820881
              ],
              [
                103.71879135,
                12.02894397
              ],
              [
                103.71900285,
                12.02943939
              ],
              [
                103.7190826,
                12.0302465
              ],
              [
                103.71932087,
                12.03084709
              ],
              [
                103.71975613,
                12.03107909
              ],
              [
                103.72022876,
                12.03110693
              ],
              [
                103.7217857,
                12.03143366
              ],
              [
                103.7221729,
                12.0319468
              ],
              [
                103.7220388,
                12.03284106
              ],
              [
                103.72164404,
                12.0339259
              ],
              [
                103.72172193,
                12.03468263
              ],
              [
                103.72196268,
                12.03520576
              ],
              [
                103.72240669,
                12.03663754
              ],
              [
                103.72260118,
                12.0375098
              ],
              [
                103.72235067,
                12.03800353
              ],
              [
                103.7218174,
                12.03846501
              ],
              [
                103.72083881,
                12.03941933
              ],
              [
                103.72070651,
                12.03993008
              ],
              [
                103.72109341,
                12.04050713
              ],
              [
                103.72287154,
                12.0425848
              ],
              [
                103.72400438,
                12.04361243
              ],
              [
                103.72503895,
                12.04532765
              ],
              [
                103.7261548,
                12.04651459
              ],
              [
                103.72621768,
                12.04667595
              ],
              [
                103.72621723,
                12.04677154
              ],
              [
                103.72596394,
                12.04788643
              ],
              [
                103.72592571,
                12.04847915
              ],
              [
                103.72595613,
                12.04954301
              ],
              [
                103.72611385,
                12.04990993
              ],
              [
                103.72632496,
                12.05022478
              ],
              [
                103.72664205,
                12.05060987
              ],
              [
                103.72703083,
                12.0508209
              ],
              [
                103.72738368,
                12.0511364
              ],
              [
                103.72764811,
                12.05141662
              ],
              [
                103.72782396,
                12.05169643
              ],
              [
                103.72789269,
                12.05215014
              ],
              [
                103.72776638,
                12.05263783
              ],
              [
                103.72753417,
                12.05303785
              ],
              [
                103.72726678,
                12.05338539
              ],
              [
                103.72680433,
                12.05376691
              ],
              [
                103.72632442,
                12.05409605
              ],
              [
                103.72596869,
                12.05439087
              ],
              [
                103.72577216,
                12.05473873
              ],
              [
                103.72571794,
                12.05496518
              ],
              [
                103.72575205,
                12.05524435
              ],
              [
                103.72576804,
                12.05561062
              ],
              [
                103.72585514,
                12.0559249
              ],
              [
                103.72618962,
                12.05637982
              ],
              [
                103.72654265,
                12.05666045
              ],
              [
                103.72716175,
                12.05687253
              ],
              [
                103.72733818,
                12.05703028
              ],
              [
                103.72790348,
                12.05738163
              ],
              [
                103.72829193,
                12.05766241
              ],
              [
                103.72850363,
                12.0578552
              ],
              [
                103.72869737,
                12.05810021
              ],
              [
                103.72901488,
                12.05839811
              ],
              [
                103.72913775,
                12.0586428
              ],
              [
                103.72955203,
                12.05906728
              ],
              [
                103.72952556,
                12.05906309
              ],
              [
                103.72964867,
                12.05925547
              ],
              [
                103.72986021,
                12.05948313
              ],
              [
                103.73042379,
                12.06020066
              ],
              [
                103.7305821,
                12.06044552
              ],
              [
                103.73077469,
                12.06093466
              ],
              [
                103.73100305,
                12.06135422
              ],
              [
                103.73116143,
                12.06158164
              ],
              [
                103.7315668,
                12.06203688
              ],
              [
                103.73174274,
                12.06229925
              ],
              [
                103.73188301,
                12.06261378
              ],
              [
                103.73202302,
                12.06298061
              ],
              [
                103.7320916,
                12.06346919
              ],
              [
                103.73212457,
                12.06399249
              ],
              [
                103.73196348,
                12.06434052
              ],
              [
                103.73155401,
                12.06475717
              ],
              [
                103.73093185,
                12.06519029
              ],
              [
                103.73038055,
                12.06562373
              ],
              [
                103.73018427,
                12.06591928
              ],
              [
                103.7301298,
                12.06619804
              ],
              [
                103.73044634,
                12.06670519
              ],
              [
                103.73129342,
                12.06742402
              ],
              [
                103.73146944,
                12.06766895
              ],
              [
                103.73175153,
                12.06796669
              ],
              [
                103.73205035,
                12.06847375
              ],
              [
                103.73215486,
                12.06885787
              ],
              [
                103.73220596,
                12.06929406
              ],
              [
                103.73229414,
                12.06938165
              ],
              [
                103.7328278,
                12.06893069
              ],
              [
                103.73297102,
                12.06861745
              ],
              [
                103.73308011,
                12.06802505
              ],
              [
                103.73381513,
                12.06619739
              ],
              [
                103.73429768,
                12.06531023
              ],
              [
                103.73467335,
                12.06454466
              ],
              [
                103.73499447,
                12.06407529
              ],
              [
                103.73543887,
                12.06376342
              ],
              [
                103.73590075,
                12.06350395
              ],
              [
                103.7364691,
                12.06321008
              ],
              [
                103.73703654,
                12.06310802
              ],
              [
                103.73746192,
                12.06307508
              ],
              [
                103.73834739,
                12.06316628
              ],
              [
                103.73891385,
                12.06327347
              ],
              [
                103.73956915,
                12.06332876
              ],
              [
                103.73990554,
                12.06338259
              ],
              [
                103.74033002,
                12.06354146
              ],
              [
                103.74077247,
                12.06364809
              ],
              [
                103.74263199,
                12.06383087
              ],
              [
                103.74318156,
                12.0637636
              ],
              [
                103.74403273,
                12.06361049
              ],
              [
                103.74479409,
                12.06371856
              ],
              [
                103.74651131,
                12.06402274
              ],
              [
                103.7468837,
                12.06395466
              ],
              [
                103.74711451,
                12.06385107
              ],
              [
                103.74745212,
                12.06364333
              ],
              [
                103.74777103,
                12.06364477
              ],
              [
                103.74800168,
                12.06357605
              ],
              [
                103.74830288,
                12.06357741
              ],
              [
                103.74858603,
                12.06364843
              ],
              [
                103.74879808,
                12.06377145
              ],
              [
                103.74899216,
                12.06394671
              ],
              [
                103.74913317,
                12.06410428
              ],
              [
                103.74961025,
                12.06438544
              ],
              [
                103.74996485,
                12.06433472
              ],
              [
                103.7502133,
                12.06424864
              ],
              [
                103.75101252,
                12.06383371
              ],
              [
                103.75143855,
                12.06366123
              ],
              [
                103.75204401,
                12.06300129
              ],
              [
                103.75273645,
                12.06269051
              ],
              [
                103.75319887,
                12.06230893
              ],
              [
                103.75362506,
                12.06210158
              ],
              [
                103.75394437,
                12.06201582
              ],
              [
                103.75429904,
                12.06194765
              ],
              [
                103.75465388,
                12.06184461
              ],
              [
                103.75530982,
                12.06176035
              ],
              [
                103.75584078,
                12.06188479
              ],
              [
                103.75656768,
                12.06178341
              ],
              [
                103.75711748,
                12.06166379
              ],
              [
                103.75750607,
                12.06146412
              ],
              [
                103.75757338,
                12.06146268
              ],
              [
                103.7580186,
                12.06123964
              ],
              [
                103.79126693,
                12.05423831
              ],
              [
                103.79144476,
                12.05445909
              ],
              [
                103.79193592,
                12.05459322
              ],
              [
                103.79251649,
                12.05472774
              ],
              [
                103.79287393,
                12.05477329
              ],
              [
                103.79323019,
                12.05508284
              ],
              [
                103.79349626,
                12.05556801
              ],
              [
                103.79402701,
                12.05684635
              ],
              [
                103.79420367,
                12.05733113
              ],
              [
                103.79465013,
                12.05746507
              ],
              [
                103.79500797,
                12.05742261
              ],
              [
                103.79545561,
                12.05729254
              ],
              [
                103.79603716,
                12.05720705
              ],
              [
                103.79648382,
                12.05729699
              ],
              [
                103.79688597,
                12.05734272
              ],
              [
                103.79728734,
                12.05756446
              ],
              [
                103.79755419,
                12.05787363
              ],
              [
                103.79782164,
                12.05805079
              ],
              [
                103.79849696,
                12.0588964
              ],
              [
                103.79926191,
                12.05931136
              ],
              [
                103.79955261,
                12.05952791
              ],
              [
                103.80006078,
                12.06003247
              ],
              [
                103.80027761,
                12.060464
              ],
              [
                103.80042185,
                12.06082346
              ],
              [
                103.8008329,
                12.06140776
              ],
              [
                103.80132469,
                12.0626917
              ],
              [
                103.80161592,
                12.06312576
              ],
              [
                103.80196631,
                12.06344467
              ],
              [
                103.80220084,
                12.06344567
              ],
              [
                103.80249374,
                12.06350464
              ],
              [
                103.80266874,
                12.06370737
              ],
              [
                103.80281276,
                12.06428507
              ],
              [
                103.80286999,
                12.06460272
              ],
              [
                103.80298546,
                12.06500717
              ],
              [
                103.80307251,
                12.06520952
              ],
              [
                103.80330615,
                12.06541251
              ],
              [
                103.80371632,
                12.06547198
              ],
              [
                103.80395175,
                12.06527101
              ],
              [
                103.80412803,
                12.0651852
              ],
              [
                103.80439277,
                12.06498436
              ],
              [
                103.80465726,
                12.06484123
              ],
              [
                103.80486235,
                12.06487096
              ],
              [
                103.80500829,
                12.06501586
              ],
              [
                103.8050362,
                12.06533337
              ],
              [
                103.80512287,
                12.06562229
              ],
              [
                103.80532655,
                12.06596941
              ],
              [
                103.80573609,
                12.06617315
              ],
              [
                103.80591109,
                12.06637588
              ],
              [
                103.8059682,
                12.06672237
              ],
              [
                103.80596628,
                12.06715517
              ],
              [
                103.80602287,
                12.06761708
              ],
              [
                103.80674966,
                12.0690052
              ],
              [
                103.80698292,
                12.06929474
              ],
              [
                103.80692288,
                12.06961188
              ],
              [
                103.80683403,
                12.06981348
              ],
              [
                103.80700878,
                12.07007391
              ],
              [
                103.80730144,
                12.07019058
              ],
              [
                103.80759461,
                12.07019184
              ],
              [
                103.80785757,
                12.07039494
              ],
              [
                103.80803233,
                12.07065538
              ],
              [
                103.80814755,
                12.07111754
              ],
              [
                103.80805718,
                12.07166538
              ],
              [
                103.80802633,
                12.0720115
              ],
              [
                103.8080819,
                12.07270424
              ],
              [
                103.80842988,
                12.07357135
              ],
              [
                103.80857609,
                12.07365854
              ],
              [
                103.80884058,
                12.0735154
              ],
              [
                103.80978078,
                12.07305776
              ],
              [
                103.81007471,
                12.07288589
              ],
              [
                103.81039822,
                12.07265644
              ],
              [
                103.8107225,
                12.07225387
              ],
              [
                103.81110489,
                12.07196696
              ],
              [
                103.81136989,
                12.0717084
              ],
              [
                103.81157587,
                12.07153616
              ],
              [
                103.81172348,
                12.07130596
              ],
              [
                103.81184176,
                12.07107563
              ],
              [
                103.81187273,
                12.07070065
              ],
              [
                103.81187451,
                12.0702967
              ],
              [
                103.81196514,
                12.06969115
              ],
              [
                103.81190803,
                12.06934466
              ],
              [
                103.81173492,
                12.06870913
              ],
              [
                103.81161918,
                12.06836238
              ],
              [
                103.81159139,
                12.06801601
              ],
              [
                103.81165155,
                12.06767002
              ],
              [
                103.81177034,
                12.06732428
              ],
              [
                103.81188875,
                12.06706509
              ],
              [
                103.81197912,
                12.06651725
              ],
              [
                103.81198039,
                12.06622871
              ],
              [
                103.81209943,
                12.06582526
              ],
              [
                103.81260074,
                12.06516375
              ],
              [
                103.81277803,
                12.06484711
              ],
              [
                103.81286763,
                12.06447239
              ],
              [
                103.81284009,
                12.06406831
              ],
              [
                103.81272461,
                12.06366386
              ],
              [
                103.81252079,
                12.0633456
              ],
              [
                103.81237599,
                12.06294102
              ],
              [
                103.81217242,
                12.06256505
              ],
              [
                103.81199704,
                12.06244888
              ],
              [
                103.8115578,
                12.06233159
              ],
              [
                103.81138292,
                12.06210001
              ],
              [
                103.81117936,
                12.06172404
              ],
              [
                103.81077402,
                12.06056814
              ],
              [
                103.81057174,
                12.05990363
              ],
              [
                103.81025168,
                12.05935403
              ],
              [
                103.80993213,
                12.05868902
              ],
              [
                103.80958251,
                12.05819701
              ],
              [
                103.80920306,
                12.05782028
              ],
              [
                103.80902894,
                12.05741558
              ],
              [
                103.80906017,
                12.0569829
              ],
              [
                103.80917934,
                12.0565506
              ],
              [
                103.80944522,
                12.05609007
              ],
              [
                103.81000425,
                12.05563079
              ],
              [
                103.81041606,
                12.05531515
              ],
              [
                103.81082775,
                12.05502836
              ],
              [
                103.81103384,
                12.05482726
              ],
              [
                103.81124032,
                12.0545396
              ],
              [
                103.81150467,
                12.05442531
              ],
              [
                103.81176863,
                12.05439758
              ],
              [
                103.81188678,
                12.05419611
              ],
              [
                103.81191813,
                12.05373457
              ],
              [
                103.81197892,
                12.05324431
              ],
              [
                103.81206851,
                12.05286959
              ],
              [
                103.81207181,
                12.05211939
              ],
              [
                103.81213489,
                12.05110976
              ],
              [
                103.81213717,
                12.0505904
              ],
              [
                103.81225633,
                12.05015809
              ],
              [
                103.81240456,
                12.04978362
              ],
              [
                103.81258184,
                12.04946697
              ],
              [
                103.81281788,
                12.04912173
              ],
              [
                103.81328844,
                12.04877748
              ],
              [
                103.81396217,
                12.04889577
              ],
              [
                103.81431243,
                12.04924351
              ],
              [
                103.81483807,
                12.04970741
              ],
              [
                103.81518833,
                12.05005515
              ],
              [
                103.81565737,
                12.05005714
              ],
              [
                103.81586383,
                12.04976948
              ],
              [
                103.81607068,
                12.04939525
              ],
              [
                103.81618959,
                12.04902065
              ],
              [
                103.81610366,
                12.04855861
              ],
              [
                103.81578335,
                12.04806673
              ],
              [
                103.81540505,
                12.04743033
              ],
              [
                103.81540656,
                12.04708409
              ],
              [
                103.81543689,
                12.04685338
              ],
              [
                103.81558511,
                12.04647891
              ],
              [
                103.81579221,
                12.04604697
              ],
              [
                103.81626389,
                12.04544303
              ],
              [
                103.81664789,
                12.04478101
              ],
              [
                103.81700054,
                12.04458053
              ],
              [
                103.81735307,
                12.0444089
              ],
              [
                103.81779405,
                12.04412223
              ],
              [
                103.81826371,
                12.04397995
              ],
              [
                103.81849961,
                12.04366355
              ],
              [
                103.81867713,
                12.04328919
              ],
              [
                103.8188256,
                12.04285701
              ],
              [
                103.81894474,
                12.0424247
              ],
              [
                103.819098,
                12.04089607
              ],
              [
                103.81916255,
                12.03954019
              ],
              [
                103.8192242,
                12.03884794
              ],
              [
                103.81931811,
                12.03813494
              ],
              [
                103.81937867,
                12.03811835
              ],
              [
                103.81947446,
                12.03670724
              ],
              [
                103.81992681,
                12.03573873
              ],
              [
                103.82019992,
                12.03476947
              ],
              [
                103.82033087,
                12.03373296
              ],
              [
                103.82043815,
                12.03318383
              ],
              [
                103.82064335,
                12.03269922
              ],
              [
                103.82089188,
                12.03225763
              ],
              [
                103.82116923,
                12.03185899
              ],
              [
                103.82135886,
                12.03161706
              ],
              [
                103.82147677,
                12.03118919
              ],
              [
                103.82155092,
                12.03081826
              ],
              [
                103.8216687,
                12.03041895
              ],
              [
                103.82215118,
                12.02954998
              ],
              [
                103.82266341,
                12.02850979
              ],
              [
                103.82281101,
                12.02792498
              ],
              [
                103.8228135,
                12.02735384
              ],
              [
                103.82277458,
                12.02629705
              ],
              [
                103.822777,
                12.02574019
              ],
              [
                103.82286658,
                12.02515514
              ],
              [
                103.82310177,
                12.02444219
              ],
              [
                103.8234233,
                12.02388667
              ],
              [
                103.82354046,
                12.02363015
              ],
              [
                103.82390635,
                12.02260337
              ],
              [
                103.82431275,
                12.02168084
              ],
              [
                103.82485538,
                12.02027475
              ],
              [
                103.82459018,
                12.01956945
              ],
              [
                103.82428505,
                12.0177637
              ],
              [
                103.82433415,
                12.01675164
              ],
              [
                103.82464959,
                12.01618081
              ],
              [
                103.82478639,
                12.01556523
              ],
              [
                103.82461061,
                12.0148603
              ],
              [
                103.82497038,
                12.01437769
              ],
              [
                103.82546637,
                12.01341152
              ],
              [
                103.82529288,
                12.01217846
              ],
              [
                103.82494037,
                12.01098867
              ],
              [
                103.82463257,
                12.00979906
              ],
              [
                103.8247728,
                12.00839128
              ],
              [
                103.82571584,
                12.00742699
              ],
              [
                103.82656626,
                12.00666913
              ],
              [
                103.82886829,
                12.0051803
              ],
              [
                103.83089548,
                12.00369457
              ],
              [
                103.83138808,
                12.00320225
              ],
              [
                103.83172922,
                12.00257113
              ],
              [
                103.83216787,
                12.00188767
              ],
              [
                103.83255008,
                12.0018877
              ],
              [
                103.8349875,
                11.99896408
              ],
              [
                103.83667409,
                11.99672878
              ],
              [
                103.83617659,
                11.99576603
              ],
              [
                103.83570352,
                11.99563853
              ],
              [
                103.83511865,
                11.99388652
              ],
              [
                103.83530321,
                11.99345558
              ],
              [
                103.83586662,
                11.99214005
              ],
              [
                103.83586023,
                11.99210068
              ],
              [
                103.83568232,
                11.99100556
              ],
              [
                103.83542845,
                11.98944284
              ],
              [
                103.83433186,
                11.98720923
              ],
              [
                103.83301233,
                11.98432797
              ],
              [
                103.83206103,
                11.98169964
              ],
              [
                103.83035865,
                11.98154675
              ],
              [
                103.82878078,
                11.98029781
              ],
              [
                103.82948549,
                11.97839749
              ],
              [
                103.83059868,
                11.97707189
              ],
              [
                103.83210954,
                11.97675279
              ],
              [
                103.83215638,
                11.9767429
              ],
              [
                103.8340843,
                11.97609483
              ],
              [
                103.83420847,
                11.97576301
              ],
              [
                103.83468351,
                11.97449354
              ],
              [
                103.83454387,
                11.97252468
              ],
              [
                103.833666,
                11.97004246
              ],
              [
                103.83359696,
                11.96887579
              ],
              [
                103.83427051,
                11.9672019
              ],
              [
                103.83554386,
                11.96378093
              ],
              [
                103.83629204,
                11.96196155
              ],
              [
                103.83518801,
                11.96042608
              ],
              [
                103.83689899,
                11.95853779
              ],
              [
                103.83733408,
                11.95823139
              ],
              [
                103.83969411,
                11.95656933
              ],
              [
                103.83987168,
                11.95592571
              ],
              [
                103.83980506,
                11.95579314
              ],
              [
                103.83980504,
                11.9557931
              ],
              [
                103.83934559,
                11.95489752
              ],
              [
                103.83706699,
                11.95387293
              ],
              [
                103.83551566,
                11.95306461
              ],
              [
                103.83552252,
                11.95146086
              ],
              [
                103.83737777,
                11.95044795
              ],
              [
                103.83773378,
                11.94975415
              ],
              [
                103.83769323,
                11.94970052
              ],
              [
                103.83582894,
                11.94905645
              ],
              [
                103.83427826,
                11.94810233
              ],
              [
                103.83458375,
                11.94591662
              ],
              [
                103.83517534,
                11.945564
              ],
              [
                103.83591979,
                11.94512026
              ],
              [
                103.83672113,
                11.94427264
              ],
              [
                103.83681224,
                11.94417626
              ],
              [
                103.83503918,
                11.94329413
              ],
              [
                103.8340077,
                11.94212346
              ],
              [
                103.83379495,
                11.9399356
              ],
              [
                103.83524121,
                11.93917828
              ],
              [
                103.83809971,
                11.93740194
              ],
              [
                103.84069517,
                11.93639205
              ],
              [
                103.84144261,
                11.93471844
              ],
              [
                103.83945183,
                11.93281485
              ],
              [
                103.8379858,
                11.92938252
              ],
              [
                103.8380738,
                11.92610241
              ],
              [
                103.83992818,
                11.92266521
              ],
              [
                103.84150356,
                11.92035748
              ],
              [
                103.84277932,
                11.91628034
              ],
              [
                103.84422435,
                11.91398056
              ],
              [
                103.84468667,
                11.9128915
              ],
              [
                103.84506447,
                11.91107567
              ],
              [
                103.84555663,
                11.91037243
              ],
              [
                103.84577037,
                11.9087458
              ],
              [
                103.84502567,
                11.90782954
              ],
              [
                103.84550662,
                11.90679172
              ],
              [
                103.84627208,
                11.90401001
              ],
              [
                103.84714938,
                11.90328122
              ],
              [
                103.84748443,
                11.90253097
              ],
              [
                103.84777175,
                11.9014686
              ],
              [
                103.84757656,
                11.90015454
              ],
              [
                103.84907323,
                11.89922935
              ],
              [
                103.84927438,
                11.89792816
              ],
              [
                103.84892847,
                11.89633541
              ],
              [
                103.84902141,
                11.89575321
              ],
              [
                103.84880012,
                11.89444969
              ],
              [
                103.84970413,
                11.89225415
              ],
              [
                103.84967402,
                11.89219735
              ],
              [
                103.85032142,
                11.88949651
              ],
              [
                103.85094604,
                11.88722958
              ],
              [
                103.85116041,
                11.88536786
              ],
              [
                103.85202642,
                11.88423212
              ],
              [
                103.85286998,
                11.88345001
              ],
              [
                103.85417819,
                11.88126202
              ],
              [
                103.85494524,
                11.87981607
              ],
              [
                103.85531058,
                11.87913561
              ],
              [
                103.85700507,
                11.87699049
              ],
              [
                103.85764835,
                11.87583565
              ],
              [
                103.85780709,
                11.87575419
              ],
              [
                103.85849912,
                11.87457269
              ],
              [
                103.85931753,
                11.87355539
              ],
              [
                103.86095192,
                11.87210397
              ],
              [
                103.8641403,
                11.87073169
              ],
              [
                103.86561056,
                11.86979192
              ],
              [
                103.86654922,
                11.86743126
              ],
              [
                103.8673381,
                11.86496529
              ],
              [
                103.86834885,
                11.86153371
              ],
              [
                103.86853604,
                11.85985045
              ],
              [
                103.86946046,
                11.85647223
              ],
              [
                103.86970287,
                11.85564508
              ],
              [
                103.86961649,
                11.85409114
              ],
              [
                103.86803609,
                11.85108175
              ],
              [
                103.86616926,
                11.84947162
              ],
              [
                103.86449864,
                11.84792299
              ],
              [
                103.86418756,
                11.84760278
              ],
              [
                103.86027681,
                11.84553535
              ],
              [
                103.85898195,
                11.84494074
              ],
              [
                103.8579566,
                11.84444614
              ],
              [
                103.8571893,
                11.84408618
              ],
              [
                103.85630461,
                11.84367009
              ],
              [
                103.85598749,
                11.84360692
              ],
              [
                103.85285897,
                11.84298369
              ],
              [
                103.85093222,
                11.84229549
              ],
              [
                103.84824586,
                11.84154994
              ],
              [
                103.84819152,
                11.83938141
              ],
              [
                103.84807645,
                11.83886118
              ],
              [
                103.84793605,
                11.83500539
              ],
              [
                103.84784951,
                11.83406742
              ],
              [
                103.84787036,
                11.83320148
              ],
              [
                103.84781271,
                11.83161825
              ],
              [
                103.84820999,
                11.81908937
              ],
              [
                103.84985545,
                11.75065612
              ],
              [
                103.85035512,
                11.73062374
              ],
              [
                103.85043111,
                11.71974447
              ],
              [
                103.85093584,
                11.71160411
              ],
              [
                103.8510142,
                11.70847284
              ],
              [
                103.85092952,
                11.70028732
              ],
              [
                103.85135406,
                11.69050123
              ],
              [
                103.8511974,
                11.68701506
              ],
              [
                103.85202532,
                11.68231652
              ],
              [
                103.85276317,
                11.679849
              ],
              [
                103.85325288,
                11.67873526
              ],
              [
                103.8541462,
                11.67778251
              ],
              [
                103.854958,
                11.67698883
              ],
              [
                103.85601791,
                11.67484135
              ],
              [
                103.85756487,
                11.67221765
              ],
              [
                103.85894716,
                11.67031051
              ],
              [
                103.86325758,
                11.66411155
              ],
              [
                103.86601617,
                11.66173166
              ],
              [
                103.8668253,
                11.66157546
              ],
              [
                103.86852313,
                11.66158215
              ],
              [
                103.86924786,
                11.66230224
              ],
              [
                103.86949133,
                11.66209476
              ],
              [
                103.87043408,
                11.66129139
              ],
              [
                103.87407214,
                11.65673022
              ],
              [
                103.87406922,
                11.65673326
              ],
              [
                103.87034356,
                11.6484316
              ],
              [
                103.8678624,
                11.64382852
              ],
              [
                103.85698533,
                11.63301995
              ],
              [
                103.85192386,
                11.62450698
              ],
              [
                103.84737869,
                11.62329267
              ],
              [
                103.83916867,
                11.62188399
              ],
              [
                103.83428943,
                11.61965156
              ],
              [
                103.83236155,
                11.61641411
              ],
              [
                103.82775145,
                11.6162758
              ],
              [
                103.82342924,
                11.61391941
              ],
              [
                103.81734117,
                11.60041406
              ],
              [
                103.80772967,
                11.5929954
              ],
              [
                103.80748886,
                11.59281606
              ],
              [
                103.80725295,
                11.59263724
              ],
              [
                103.80626748,
                11.59189025
              ],
              [
                103.8060511,
                11.59172624
              ],
              [
                103.80557951,
                11.59095461
              ],
              [
                103.80557242,
                11.59092101
              ],
              [
                103.80540875,
                11.59014543
              ],
              [
                103.80523313,
                11.58931323
              ],
              [
                103.80474522,
                11.58779785
              ],
              [
                103.80404846,
                11.58709233
              ],
              [
                103.80387775,
                11.58691947
              ],
              [
                103.80338513,
                11.5853259
              ],
              [
                103.80312931,
                11.58449834
              ],
              [
                103.80310742,
                11.58442754
              ],
              [
                103.80190681,
                11.58318614
              ],
              [
                103.80109814,
                11.58235643
              ],
              [
                103.80088704,
                11.58213982
              ],
              [
                103.80049334,
                11.58143422
              ],
              [
                103.80042953,
                11.58104672
              ],
              [
                103.8003849,
                11.58098752
              ],
              [
                103.80021239,
                11.58075874
              ],
              [
                103.80035981,
                11.58032874
              ],
              [
                103.80050101,
                11.58023676
              ],
              [
                103.80057878,
                11.58018611
              ],
              [
                103.80050814,
                11.57968343
              ],
              [
                103.80007294,
                11.57932278
              ],
              [
                103.79952367,
                11.57904914
              ],
              [
                103.7994857,
                11.57898304
              ],
              [
                103.79942152,
                11.57845885
              ],
              [
                103.79898694,
                11.57795466
              ],
              [
                103.7986151,
                11.57779571
              ],
              [
                103.79845768,
                11.57764781
              ],
              [
                103.79730545,
                11.57683893
              ],
              [
                103.79642247,
                11.57638317
              ],
              [
                103.79577484,
                11.5769162
              ],
              [
                103.79481857,
                11.57678112
              ],
              [
                103.79455372,
                11.57634162
              ],
              [
                103.79448536,
                11.57622818
              ],
              [
                103.79431103,
                11.5758634
              ],
              [
                103.79421043,
                11.57565289
              ],
              [
                103.79371312,
                11.57514448
              ],
              [
                103.79209525,
                11.57459071
              ],
              [
                103.79131402,
                11.57446878
              ],
              [
                103.79097964,
                11.57412638
              ],
              [
                103.79086295,
                11.5740069
              ],
              [
                103.79079129,
                11.57378949
              ],
              [
                103.79052236,
                11.57297359
              ],
              [
                103.79051748,
                11.57269328
              ],
              [
                103.79054262,
                11.57189155
              ],
              [
                103.79039062,
                11.57088779
              ],
              [
                103.78970441,
                11.57059558
              ],
              [
                103.78789803,
                11.57072879
              ],
              [
                103.78806747,
                11.57026086
              ],
              [
                103.78833671,
                11.56951729
              ],
              [
                103.78830951,
                11.56946697
              ],
              [
                103.78767117,
                11.56828596
              ],
              [
                103.78727212,
                11.56786359
              ],
              [
                103.78708154,
                11.56766188
              ],
              [
                103.78706242,
                11.5676627
              ],
              [
                103.78517564,
                11.56774443
              ],
              [
                103.78513057,
                11.56774638
              ],
              [
                103.78455158,
                11.56724892
              ],
              [
                103.78392079,
                11.56726548
              ],
              [
                103.78383516,
                11.56717995
              ],
              [
                103.7832731,
                11.56661854
              ],
              [
                103.78269757,
                11.56571986
              ],
              [
                103.78075101,
                11.5578702
              ],
              [
                103.77575346,
                11.56044417
              ],
              [
                103.77550091,
                11.56064432
              ],
              [
                103.7747534,
                11.56123674
              ],
              [
                103.77408144,
                11.56189395
              ],
              [
                103.77405426,
                11.56236803
              ],
              [
                103.77437826,
                11.5626366
              ],
              [
                103.77423051,
                11.56313835
              ],
              [
                103.77372071,
                11.56320796
              ],
              [
                103.77320967,
                11.56356464
              ],
              [
                103.77269925,
                11.56377779
              ],
              [
                103.77197173,
                11.56370294
              ],
              [
                103.77189958,
                11.56363118
              ],
              [
                103.7717992,
                11.56363611
              ],
              [
                103.77097867,
                11.5642915
              ],
              [
                103.77029942,
                11.56495577
              ],
              [
                103.77000834,
                11.56525602
              ],
              [
                103.76910068,
                11.56614051
              ],
              [
                103.76912613,
                11.56713746
              ],
              [
                103.7691102,
                11.5671999
              ],
              [
                103.76890776,
                11.56799323
              ],
              [
                103.76862729,
                11.56827028
              ],
              [
                103.76789572,
                11.56899293
              ],
              [
                103.7673186,
                11.569563
              ],
              [
                103.76715102,
                11.56972854
              ],
              [
                103.76550872,
                11.5692785
              ],
              [
                103.76420142,
                11.56921981
              ],
              [
                103.76300809,
                11.56943737
              ],
              [
                103.7616321,
                11.56923031
              ],
              [
                103.76019329,
                11.56949089
              ],
              [
                103.7588534,
                11.57023253
              ],
              [
                103.75830284,
                11.57053727
              ],
              [
                103.75729547,
                11.57071732
              ],
              [
                103.75725875,
                11.57072831
              ],
              [
                103.75696651,
                11.57081578
              ],
              [
                103.75631318,
                11.57101133
              ],
              [
                103.75557552,
                11.57141354
              ],
              [
                103.7546235,
                11.57203102
              ],
              [
                103.75438423,
                11.57218621
              ],
              [
                103.75281811,
                11.57254581
              ],
              [
                103.75120922,
                11.57348146
              ],
              [
                103.75039717,
                11.57411426
              ],
              [
                103.74912918,
                11.5748129
              ],
              [
                103.74776134,
                11.57495957
              ],
              [
                103.74663033,
                11.57559211
              ],
              [
                103.74418126,
                11.57574537
              ],
              [
                103.74116188,
                11.57584528
              ],
              [
                103.7366638,
                11.57499726
              ],
              [
                103.73643819,
                11.57490177
              ],
              [
                103.73299306,
                11.57344363
              ],
              [
                103.7327245,
                11.57332996
              ],
              [
                103.73256231,
                11.573199
              ],
              [
                103.72963548,
                11.57083565
              ],
              [
                103.72910051,
                11.56905099
              ],
              [
                103.7287664,
                11.5686125
              ],
              [
                103.72805847,
                11.56768341
              ],
              [
                103.72800101,
                11.56764945
              ],
              [
                103.72694509,
                11.56702534
              ],
              [
                103.72603566,
                11.56648782
              ],
              [
                103.7249938,
                11.56594016
              ],
              [
                103.72481928,
                11.56584843
              ],
              [
                103.723235,
                11.56496142
              ],
              [
                103.72287824,
                11.56476168
              ],
              [
                103.72147205,
                11.56491718
              ],
              [
                103.72138429,
                11.56492688
              ],
              [
                103.71992576,
                11.56423103
              ],
              [
                103.71870604,
                11.56316437
              ],
              [
                103.71791133,
                11.5623699
              ],
              [
                103.71696018,
                11.56123309
              ],
              [
                103.71632526,
                11.55907953
              ],
              [
                103.71538591,
                11.55795886
              ],
              [
                103.7153476,
                11.55791316
              ],
              [
                103.71522492,
                11.55782158
              ],
              [
                103.71493765,
                11.55767541
              ],
              [
                103.71368491,
                11.55703801
              ],
              [
                103.71241869,
                11.55590898
              ],
              [
                103.71184403,
                11.55518251
              ],
              [
                103.71182298,
                11.5551559
              ],
              [
                103.71111651,
                11.55456296
              ],
              [
                103.71067093,
                11.55418899
              ],
              [
                103.70804888,
                11.55336472
              ],
              [
                103.70701351,
                11.5526955
              ],
              [
                103.70656997,
                11.55245866
              ],
              [
                103.70581743,
                11.55209687
              ],
              [
                103.70557808,
                11.55188467
              ],
              [
                103.70422876,
                11.55068835
              ],
              [
                103.70450473,
                11.54924634
              ],
              [
                103.70510659,
                11.54784195
              ],
              [
                103.70505188,
                11.5477454
              ],
              [
                103.70508423,
                11.54769487
              ],
              [
                103.70508686,
                11.54712075
              ],
              [
                103.70494295,
                11.54676127
              ],
              [
                103.70443549,
                11.54632841
              ],
              [
                103.70419867,
                11.54623963
              ],
              [
                103.70373558,
                11.54602191
              ],
              [
                103.70298391,
                11.54546072
              ],
              [
                103.70262168,
                11.54510027
              ],
              [
                103.70160083,
                11.54552631
              ],
              [
                103.70094485,
                11.54573867
              ],
              [
                103.70006756,
                11.54659594
              ],
              [
                103.69945097,
                11.54737898
              ],
              [
                103.69901389,
                11.54776497
              ],
              [
                103.69775245,
                11.548704
              ],
              [
                103.69701277,
                11.54925461
              ],
              [
                103.6953234,
                11.55011726
              ],
              [
                103.69478086,
                11.55042738
              ],
              [
                103.69275157,
                11.55158735
              ],
              [
                103.69167905,
                11.55212414
              ],
              [
                103.69157007,
                11.55217869
              ],
              [
                103.6912969,
                11.55231541
              ],
              [
                103.68909991,
                11.55364136
              ],
              [
                103.68799875,
                11.55407489
              ],
              [
                103.68639938,
                11.55430724
              ],
              [
                103.68543039,
                11.55434723
              ],
              [
                103.68426422,
                11.55436234
              ],
              [
                103.68414796,
                11.55436385
              ],
              [
                103.68318279,
                11.55435821
              ],
              [
                103.6820545,
                11.55421746
              ],
              [
                103.6811636,
                11.55404954
              ],
              [
                103.67977474,
                11.55307579
              ],
              [
                103.67914244,
                11.5524998
              ],
              [
                103.67810635,
                11.55197257
              ],
              [
                103.67740987,
                11.55166074
              ],
              [
                103.67709404,
                11.55156573
              ],
              [
                103.67599257,
                11.55190352
              ],
              [
                103.67500196,
                11.55277375
              ],
              [
                103.67486861,
                11.55281566
              ],
              [
                103.67352758,
                11.55323716
              ],
              [
                103.67230582,
                11.55259448
              ],
              [
                103.67213605,
                11.55250517
              ],
              [
                103.67153796,
                11.55219056
              ],
              [
                103.67075839,
                11.55211239
              ],
              [
                103.67044416,
                11.5518154
              ],
              [
                103.67005665,
                11.55144916
              ],
              [
                103.66857092,
                11.55104
              ],
              [
                103.66684543,
                11.55157857
              ],
              [
                103.66676886,
                11.55160246
              ],
              [
                103.66521755,
                11.55173208
              ],
              [
                103.66508826,
                11.55172549
              ],
              [
                103.66341285,
                11.55164014
              ],
              [
                103.66263353,
                11.55165728
              ],
              [
                103.66209582,
                11.5516691
              ],
              [
                103.6608353,
                11.55117053
              ],
              [
                103.66071677,
                11.55112365
              ],
              [
                103.65981618,
                11.55052729
              ],
              [
                103.65910396,
                11.55085674
              ],
              [
                103.65897193,
                11.55091781
              ],
              [
                103.65831066,
                11.55093969
              ],
              [
                103.65771301,
                11.55095946
              ],
              [
                103.65633913,
                11.5506516
              ],
              [
                103.65548306,
                11.55045977
              ],
              [
                103.65411097,
                11.55025902
              ],
              [
                103.65298414,
                11.55000403
              ],
              [
                103.65247705,
                11.54983979
              ],
              [
                103.65176628,
                11.54960959
              ],
              [
                103.65096997,
                11.54903226
              ],
              [
                103.65091281,
                11.54899082
              ],
              [
                103.6505162,
                11.54857459
              ],
              [
                103.64998255,
                11.54801455
              ],
              [
                103.64872336,
                11.54736615
              ],
              [
                103.64735505,
                11.54666154
              ],
              [
                103.6472407,
                11.54660265
              ],
              [
                103.64723992,
                11.54637378
              ],
              [
                103.64708837,
                11.54599499
              ],
              [
                103.647018,
                11.5454923
              ],
              [
                103.64723499,
                11.54491244
              ],
              [
                103.64723276,
                11.54425455
              ],
              [
                103.64720534,
                11.54419982
              ],
              [
                103.64667408,
                11.54366621
              ],
              [
                103.6465146,
                11.54350601
              ],
              [
                103.64610095,
                11.54329983
              ],
              [
                103.64587833,
                11.54318886
              ],
              [
                103.64575075,
                11.54269501
              ],
              [
                103.64560181,
                11.54211844
              ],
              [
                103.64587718,
                11.54116717
              ],
              [
                103.64600562,
                11.54072345
              ],
              [
                103.64600794,
                11.54055491
              ],
              [
                103.64602128,
                11.53958768
              ],
              [
                103.64573071,
                11.53847083
              ],
              [
                103.64570037,
                11.53835547
              ],
              [
                103.64570292,
                11.53833034
              ],
              [
                103.64578158,
                11.53755344
              ],
              [
                103.6459647,
                11.53669535
              ],
              [
                103.64615527,
                11.5358023
              ],
              [
                103.64600158,
                11.53511218
              ],
              [
                103.64600579,
                11.53503875
              ],
              [
                103.64602771,
                11.53465707
              ],
              [
                103.64603252,
                11.53457324
              ],
              [
                103.64551005,
                11.53359096
              ],
              [
                103.64415344,
                11.53227703
              ],
              [
                103.64335639,
                11.53179639
              ],
              [
                103.64225454,
                11.5314262
              ],
              [
                103.64111416,
                11.52965669
              ],
              [
                103.64010652,
                11.52822922
              ],
              [
                103.63999439,
                11.52807036
              ],
              [
                103.63899014,
                11.52632221
              ],
              [
                103.63884541,
                11.52607026
              ],
              [
                103.63836501,
                11.52347022
              ],
              [
                103.63590742,
                11.51513771
              ],
              [
                103.63229159,
                11.51806823
              ],
              [
                103.62966152,
                11.52019976
              ],
              [
                103.62531703,
                11.52866708
              ],
              [
                103.6243543,
                11.53699877
              ],
              [
                103.62401441,
                11.54366616
              ],
              [
                103.61968023,
                11.54641131
              ],
              [
                103.61775174,
                11.5463082
              ],
              [
                103.60723353,
                11.54574558
              ],
              [
                103.60580971,
                11.5494349
              ],
              [
                103.60536517,
                11.55058674
              ],
              [
                103.60244108,
                11.55133051
              ],
              [
                103.60026819,
                11.55556389
              ],
              [
                103.59935017,
                11.5557345
              ],
              [
                103.59899496,
                11.55832551
              ],
              [
                103.5978316,
                11.55810459
              ],
              [
                103.59571858,
                11.55859671
              ],
              [
                103.59499117,
                11.55852143
              ],
              [
                103.5947105,
                11.55831172
              ],
              [
                103.59321443,
                11.56184425
              ],
              [
                103.59055886,
                11.56404348
              ],
              [
                103.58972835,
                11.56473125
              ],
              [
                103.58942375,
                11.5649835
              ],
              [
                103.58887819,
                11.56543529
              ],
              [
                103.5847896,
                11.56799886
              ],
              [
                103.58129476,
                11.56826882
              ],
              [
                103.57606191,
                11.56680787
              ],
              [
                103.57502631,
                11.57010391
              ],
              [
                103.57435397,
                11.57099427
              ],
              [
                103.57297466,
                11.57282082
              ],
              [
                103.57368501,
                11.57626897
              ],
              [
                103.57542013,
                11.57857395
              ],
              [
                103.57700609,
                11.58159583
              ],
              [
                103.57756948,
                11.58533031
              ],
              [
                103.57667574,
                11.58934467
              ],
              [
                103.57506356,
                11.59148964
              ],
              [
                103.57563566,
                11.59350184
              ],
              [
                103.5788454,
                11.5944984
              ],
              [
                103.58096168,
                11.59582447
              ],
              [
                103.58363694,
                11.5975601
              ],
              [
                103.57912095,
                11.60281168
              ],
              [
                103.57765985,
                11.60423786
              ],
              [
                103.57753165,
                11.604363
              ],
              [
                103.57735218,
                11.60488466
              ],
              [
                103.57687601,
                11.60517481
              ],
              [
                103.57667149,
                11.60520259
              ],
              [
                103.57636613,
                11.60524407
              ],
              [
                103.57548976,
                11.60581385
              ],
              [
                103.57545028,
                11.60585238
              ],
              [
                103.57490454,
                11.60638507
              ],
              [
                103.57468398,
                11.60681456
              ],
              [
                103.57409949,
                11.60724225
              ],
              [
                103.57404685,
                11.60725236
              ],
              [
                103.57373518,
                11.60731221
              ],
              [
                103.57344298,
                11.60766862
              ],
              [
                103.5734422,
                11.60766958
              ],
              [
                103.57336686,
                11.60817155
              ],
              [
                103.57315526,
                11.60863466
              ],
              [
                103.57307242,
                11.60881596
              ],
              [
                103.57304033,
                11.6088158
              ],
              [
                103.57285405,
                11.60881488
              ],
              [
                103.57265838,
                11.60865896
              ],
              [
                103.57249157,
                11.60852604
              ],
              [
                103.57198205,
                11.60852352
              ],
              [
                103.57169016,
                11.6086656
              ],
              [
                103.57161846,
                11.60958998
              ],
              [
                103.57161226,
                11.60966989
              ],
              [
                103.57124137,
                11.61103155
              ],
              [
                103.57138366,
                11.61167812
              ],
              [
                103.57065284,
                11.61224861
              ],
              [
                103.57035875,
                11.61282126
              ],
              [
                103.57021062,
                11.61332286
              ],
              [
                103.5698452,
                11.6136081
              ],
              [
                103.56889564,
                11.61424926
              ],
              [
                103.56823796,
                11.61474834
              ],
              [
                103.5674336,
                11.61546197
              ],
              [
                103.56742143,
                11.61547893
              ],
              [
                103.5672721,
                11.61560557
              ],
              [
                103.56723805,
                11.61565301
              ],
              [
                103.56681063,
                11.61624856
              ],
              [
                103.56622537,
                11.61681976
              ],
              [
                103.56566943,
                11.6179649
              ],
              [
                103.56563681,
                11.61803624
              ],
              [
                103.56505447,
                11.61803335
              ],
              [
                103.56491784,
                11.61776052
              ],
              [
                103.56462213,
                11.61717004
              ],
              [
                103.56404237,
                11.61666538
              ],
              [
                103.56330813,
                11.61650603
              ],
              [
                103.5630244,
                11.61644446
              ],
              [
                103.56295697,
                11.61642193
              ],
              [
                103.56215238,
                11.61615306
              ],
              [
                103.56196058,
                11.61611165
              ],
              [
                103.56181841,
                11.61608095
              ],
              [
                103.56113441,
                11.61593327
              ],
              [
                103.56106226,
                11.61591708
              ],
              [
                103.56048002,
                11.61578648
              ],
              [
                103.55975249,
                11.61571052
              ],
              [
                103.55945827,
                11.61570905
              ],
              [
                103.55944361,
                11.61570898
              ],
              [
                103.55907775,
                11.61570715
              ],
              [
                103.558879,
                11.61570616
              ],
              [
                103.55841936,
                11.61555256
              ],
              [
                103.55800699,
                11.61541475
              ],
              [
                103.55720776,
                11.61512371
              ],
              [
                103.55647986,
                11.61512007
              ],
              [
                103.55623899,
                11.61511886
              ],
              [
                103.55589753,
                11.61511716
              ],
              [
                103.55509592,
                11.6148696
              ],
              [
                103.55495274,
                11.61482538
              ],
              [
                103.55464111,
                11.61485195
              ],
              [
                103.55416247,
                11.61489277
              ],
              [
                103.55415167,
                11.61489369
              ],
              [
                103.55343296,
                11.61503166
              ],
              [
                103.55311374,
                11.61525404
              ],
              [
                103.55309849,
                11.61525929
              ],
              [
                103.55300996,
                11.61532087
              ],
              [
                103.55291165,
                11.61538925
              ],
              [
                103.55196426,
                11.61560036
              ],
              [
                103.55180105,
                11.61550975
              ],
              [
                103.551311,
                11.6152377
              ],
              [
                103.55058458,
                11.614947
              ],
              [
                103.55033868,
                11.61504254
              ],
              [
                103.5494905,
                11.61537208
              ],
              [
                103.54907466,
                11.61548696
              ],
              [
                103.54906502,
                11.61548962
              ],
              [
                103.54898022,
                11.61551304
              ],
              [
                103.54896424,
                11.61558982
              ],
              [
                103.54894228,
                11.61587193
              ],
              [
                103.54886615,
                11.6165174
              ],
              [
                103.54889954,
                11.61672133
              ],
              [
                103.54893671,
                11.61694833
              ],
              [
                103.54943458,
                11.61721586
              ],
              [
                103.54988039,
                11.61745541
              ],
              [
                103.5501647,
                11.61777006
              ],
              [
                103.55053179,
                11.61817631
              ],
              [
                103.5511093,
                11.61911212
              ],
              [
                103.55117801,
                11.61990185
              ],
              [
                103.55153381,
                11.6214824
              ],
              [
                103.55146206,
                11.62198438
              ],
              [
                103.55109224,
                11.62241309
              ],
              [
                103.55060344,
                11.62255498
              ],
              [
                103.5500996,
                11.62293963
              ],
              [
                103.54965508,
                11.62330763
              ],
              [
                103.54970251,
                11.62369783
              ],
              [
                103.54958537,
                11.62442495
              ],
              [
                103.54918684,
                11.62423081
              ],
              [
                103.54888699,
                11.62453712
              ],
              [
                103.54818277,
                11.62461067
              ],
              [
                103.54775804,
                11.62440328
              ],
              [
                103.54748758,
                11.62427122
              ],
              [
                103.5464523,
                11.62444424
              ],
              [
                103.54643184,
                11.62444766
              ],
              [
                103.54561071,
                11.62443762
              ],
              [
                103.5452058,
                11.62447757
              ],
              [
                103.54499089,
                11.62453874
              ],
              [
                103.54458515,
                11.62465421
              ],
              [
                103.54402183,
                11.62497987
              ],
              [
                103.54365247,
                11.62569729
              ],
              [
                103.5434693,
                11.62620265
              ],
              [
                103.54303798,
                11.62696247
              ],
              [
                103.54138241,
                11.62987894
              ],
              [
                103.54112853,
                11.6351682
              ],
              [
                103.54401571,
                11.63991912
              ],
              [
                103.54741475,
                11.63983775
              ],
              [
                103.54896663,
                11.63980058
              ],
              [
                103.55078016,
                11.63862191
              ],
              [
                103.55139198,
                11.63822427
              ],
              [
                103.55159623,
                11.63809151
              ],
              [
                103.55311797,
                11.63415244
              ],
              [
                103.55336708,
                11.6335076
              ],
              [
                103.55599659,
                11.63179848
              ],
              [
                103.56166354,
                11.63397971
              ],
              [
                103.56397975,
                11.63657473
              ],
              [
                103.56585702,
                11.63959813
              ],
              [
                103.56628697,
                11.63947934
              ],
              [
                103.56663328,
                11.63909073
              ],
              [
                103.56732796,
                11.63815256
              ],
              [
                103.56807382,
                11.63758084
              ],
              [
                103.56897648,
                11.6374807
              ],
              [
                103.56920292,
                11.63752971
              ],
              [
                103.5697186,
                11.63764132
              ],
              [
                103.57003539,
                11.63795677
              ],
              [
                103.57019191,
                11.63848067
              ],
              [
                103.56954523,
                11.64041301
              ],
              [
                103.56937854,
                11.64187693
              ],
              [
                103.5700108,
                11.64276938
              ],
              [
                103.57059266,
                11.64313845
              ],
              [
                103.57101373,
                11.6438206
              ],
              [
                103.57101025,
                11.64450065
              ],
              [
                103.57089984,
                11.6453371
              ],
              [
                103.5709473,
                11.64643589
              ],
              [
                103.57099823,
                11.64685464
              ],
              [
                103.57131449,
                11.64727471
              ],
              [
                103.5717913,
                11.64743401
              ],
              [
                103.57269506,
                11.64712462
              ],
              [
                103.57333427,
                11.64665698
              ],
              [
                103.57397242,
                11.64639858
              ],
              [
                103.57460949,
                11.64634942
              ],
              [
                103.57524497,
                11.64661413
              ],
              [
                103.57598606,
                11.64698398
              ],
              [
                103.57646313,
                11.64709097
              ],
              [
                103.57768449,
                11.64694007
              ],
              [
                103.57821464,
                11.64704731
              ],
              [
                103.57863812,
                11.64725865
              ],
              [
                103.57879546,
                11.64762562
              ],
              [
                103.57879253,
                11.64820104
              ],
              [
                103.57894722,
                11.64909112
              ],
              [
                103.57920937,
                11.64972016
              ],
              [
                103.57978993,
                11.65035078
              ],
              [
                103.58021315,
                11.65061443
              ],
              [
                103.58068944,
                11.65087834
              ],
              [
                103.58159214,
                11.65077816
              ],
              [
                103.58233696,
                11.65041565
              ],
              [
                103.58313484,
                11.65005339
              ],
              [
                103.58409193,
                11.64969191
              ],
              [
                103.58504769,
                11.64959199
              ],
              [
                103.58568372,
                11.64975205
              ],
              [
                103.58636991,
                11.6504878
              ],
              [
                103.58668118,
                11.65190177
              ],
              [
                103.58688764,
                11.65305366
              ],
              [
                103.58698717,
                11.65436196
              ],
              [
                103.58714373,
                11.65488586
              ],
              [
                103.58751363,
                11.65520155
              ],
              [
                103.58815046,
                11.65520468
              ],
              [
                103.58894677,
                11.65515627
              ],
              [
                103.58968948,
                11.65521223
              ],
              [
                103.59053939,
                11.65505945
              ],
              [
                103.59176052,
                11.65496081
              ],
              [
                103.59244937,
                11.65517343
              ],
              [
                103.59467356,
                11.65612594
              ],
              [
                103.59557312,
                11.65665346
              ],
              [
                103.59620865,
                11.65691812
              ],
              [
                103.59700391,
                11.65707894
              ],
              [
                103.59801251,
                11.65703155
              ],
              [
                103.59965742,
                11.65709187
              ],
              [
                103.60055962,
                11.65709627
              ],
              [
                103.60135515,
                11.65720476
              ],
              [
                103.60225656,
                11.65736608
              ],
              [
                103.60363638,
                11.65737278
              ],
              [
                103.60453832,
                11.65742947
              ],
              [
                103.60512131,
                11.65758924
              ],
              [
                103.60575607,
                11.65801082
              ],
              [
                103.60628364,
                11.65864114
              ],
              [
                103.6065992,
                11.65921811
              ],
              [
                103.60728677,
                11.65969226
              ],
              [
                103.6077605,
                11.66047925
              ],
              [
                103.60786482,
                11.66084594
              ],
              [
                103.60780992,
                11.66121187
              ],
              [
                103.60754274,
                11.66157676
              ],
              [
                103.60716889,
                11.66204577
              ],
              [
                103.60652838,
                11.66277505
              ],
              [
                103.60615218,
                11.66371486
              ],
              [
                103.60577546,
                11.66475929
              ],
              [
                103.60576736,
                11.66638095
              ],
              [
                103.60587142,
                11.66679996
              ],
              [
                103.60624162,
                11.66706332
              ],
              [
                103.60714411,
                11.66701539
              ],
              [
                103.60767587,
                11.66680871
              ],
              [
                103.60836581,
                11.66681205
              ],
              [
                103.60905419,
                11.66712926
              ],
              [
                103.60979329,
                11.66791753
              ],
              [
                103.61058443,
                11.66891531
              ],
              [
                103.61164069,
                11.66996668
              ],
              [
                103.61259366,
                11.6704421
              ],
              [
                103.61386066,
                11.67180835
              ],
              [
                103.61486827,
                11.67197015
              ],
              [
                103.61598281,
                11.67197552
              ],
              [
                103.61651432,
                11.67182114
              ],
              [
                103.61746939,
                11.67187806
              ],
              [
                103.61799779,
                11.67235142
              ],
              [
                103.61820698,
                11.67298018
              ],
              [
                103.61799105,
                11.67371153
              ],
              [
                103.61772257,
                11.67433799
              ],
              [
                103.61755843,
                11.67533115
              ],
              [
                103.61734224,
                11.67611481
              ],
              [
                103.61744476,
                11.67684769
              ],
              [
                103.61786495,
                11.67773904
              ],
              [
                103.61817796,
                11.67883912
              ],
              [
                103.61822689,
                11.67967636
              ],
              [
                103.61806092,
                11.68103571
              ],
              [
                103.61826933,
                11.68182141
              ],
              [
                103.61836745,
                11.68344359
              ],
              [
                103.61804537,
                11.68417442
              ],
              [
                103.61751098,
                11.68490423
              ],
              [
                103.61745453,
                11.68558403
              ],
              [
                103.61744856,
                11.68678721
              ],
              [
                103.61771031,
                11.68752085
              ],
              [
                103.61845312,
                11.68757674
              ],
              [
                103.61882725,
                11.68705541
              ],
              [
                103.61920085,
                11.6866387
              ],
              [
                103.61962624,
                11.68648381
              ],
              [
                103.61994625,
                11.68617147
              ],
              [
                103.62016089,
                11.68570168
              ],
              [
                103.62042756,
                11.6854414
              ],
              [
                103.62085243,
                11.68539113
              ],
              [
                103.62302493,
                11.68613395
              ],
              [
                103.62371312,
                11.68650344
              ],
              [
                103.62418925,
                11.6868196
              ],
              [
                103.62395835,
                11.68747512
              ],
              [
                103.62390211,
                11.68824975
              ],
              [
                103.62358303,
                11.68917811
              ],
              [
                103.6232123,
                11.68995124
              ],
              [
                103.62284182,
                11.69067271
              ],
              [
                103.62247237,
                11.69118754
              ],
              [
                103.62199885,
                11.69154689
              ],
              [
                103.62199425,
                11.69247675
              ],
              [
                103.62230286,
                11.69366642
              ],
              [
                103.62271784,
                11.69454664
              ],
              [
                103.62307939,
                11.69563325
              ],
              [
                103.62339158,
                11.69609969
              ],
              [
                103.6238104,
                11.69620502
              ],
              [
                103.62438646,
                11.69631111
              ],
              [
                103.624961,
                11.69672715
              ],
              [
                103.62579583,
                11.69750606
              ],
              [
                103.62616096,
                11.69786943
              ],
              [
                103.62883368,
                11.69798555
              ],
              [
                103.62967158,
                11.69814454
              ],
              [
                103.63018786,
                11.69974848
              ],
              [
                103.63065351,
                11.70099056
              ],
              [
                103.63085886,
                11.70186977
              ],
              [
                103.63033393,
                11.70202224
              ],
              [
                103.62860417,
                11.70201397
              ],
              [
                103.6273459,
                11.70205961
              ],
              [
                103.62666372,
                11.70221132
              ],
              [
                103.62639959,
                11.70262334
              ],
              [
                103.62597617,
                11.70344788
              ],
              [
                103.62576344,
                11.70406678
              ],
              [
                103.62565249,
                11.7053061
              ],
              [
                103.62570184,
                11.70592626
              ],
              [
                103.62632856,
                11.70639421
              ],
              [
                103.62706113,
                11.70665602
              ],
              [
                103.62800517,
                11.70655723
              ],
              [
                103.62868813,
                11.70625053
              ],
              [
                103.6294777,
                11.70558273
              ],
              [
                103.63052809,
                11.70517446
              ],
              [
                103.6311571,
                11.70517747
              ],
              [
                103.63199376,
                11.70559475
              ],
              [
                103.63230471,
                11.70631948
              ],
              [
                103.63188308,
                11.70678241
              ],
              [
                103.63093777,
                11.70713952
              ],
              [
                103.62993623,
                11.70827127
              ],
              [
                103.62946014,
                11.70914722
              ],
              [
                103.62893341,
                11.7096613
              ],
              [
                103.6280909,
                11.71043217
              ],
              [
                103.62772065,
                11.71110198
              ],
              [
                103.62766441,
                11.71187662
              ],
              [
                103.62776721,
                11.7122904
              ],
              [
                103.62881304,
                11.71281201
              ],
              [
                103.63011512,
                11.71452304
              ],
              [
                103.63021512,
                11.71550507
              ],
              [
                103.63010392,
                11.71679605
              ],
              [
                103.62989119,
                11.71741496
              ],
              [
                103.6283654,
                11.71854418
              ],
              [
                103.62699584,
                11.71988078
              ],
              [
                103.62673272,
                11.72008616
              ],
              [
                103.62605176,
                11.71997957
              ],
              [
                103.62557896,
                11.72018394
              ],
              [
                103.62494812,
                11.72054254
              ],
              [
                103.62431524,
                11.7213144
              ],
              [
                103.62399765,
                11.7219328
              ],
              [
                103.62367877,
                11.72280949
              ],
              [
                103.62346499,
                11.72363503
              ],
              [
                103.62335631,
                11.72440941
              ],
              [
                103.62413854,
                11.72523974
              ],
              [
                103.6250274,
                11.72570895
              ],
              [
                103.62575644,
                11.72669401
              ],
              [
                103.62677123,
                11.72758931
              ],
              [
                103.626799,
                11.7278872
              ],
              [
                103.62590348,
                11.72876113
              ],
              [
                103.62485479,
                11.72880775
              ],
              [
                103.62406769,
                11.72895894
              ],
              [
                103.62369945,
                11.72921547
              ],
              [
                103.6230172,
                11.72936717
              ],
              [
                103.62254361,
                11.72972651
              ],
              [
                103.62233187,
                11.73013877
              ],
              [
                103.62217178,
                11.73070626
              ],
              [
                103.62201016,
                11.73158371
              ],
              [
                103.62211167,
                11.73225578
              ],
              [
                103.62315371,
                11.73355231
              ],
              [
                103.62351658,
                11.73438062
              ],
              [
                103.62456043,
                11.73531553
              ],
              [
                103.62529154,
                11.73588731
              ],
              [
                103.62549765,
                11.73661155
              ],
              [
                103.62543883,
                11.73790277
              ],
              [
                103.6251207,
                11.73862449
              ],
              [
                103.62438267,
                11.7394475
              ],
              [
                103.6238569,
                11.73975493
              ],
              [
                103.6235403,
                11.74016669
              ],
              [
                103.62359093,
                11.74052855
              ],
              [
                103.62405814,
                11.74146069
              ],
              [
                103.62394714,
                11.7427
              ],
              [
                103.62404789,
                11.74352705
              ],
              [
                103.62456931,
                11.74409782
              ],
              [
                103.62551015,
                11.74467062
              ],
              [
                103.62608452,
                11.74513832
              ],
              [
                103.62623796,
                11.74591397
              ],
              [
                103.62665403,
                11.74658755
              ],
              [
                103.62712407,
                11.74695143
              ],
              [
                103.62822449,
                11.74706004
              ],
              [
                103.62853598,
                11.74768146
              ],
              [
                103.62800891,
                11.7482472
              ],
              [
                103.62795419,
                11.74871188
              ],
              [
                103.62795163,
                11.74922847
              ],
              [
                103.62700617,
                11.74958554
              ],
              [
                103.62673995,
                11.75041083
              ],
              [
                103.62678904,
                11.75108265
              ],
              [
                103.62725653,
                11.75196312
              ],
              [
                103.62741074,
                11.75258379
              ],
              [
                103.62756572,
                11.75304947
              ],
              [
                103.62808896,
                11.75325863
              ],
              [
                103.62871936,
                11.75300336
              ],
              [
                103.62919273,
                11.75269567
              ],
              [
                103.6299799,
                11.75254447
              ],
              [
                103.63060723,
                11.7529091
              ],
              [
                103.6308149,
                11.75332338
              ],
              [
                103.62981649,
                11.75378354
              ],
              [
                103.62928992,
                11.75424595
              ],
              [
                103.62918277,
                11.75471038
              ],
              [
                103.62949605,
                11.75497018
              ],
              [
                103.63028195,
                11.75507728
              ],
              [
                103.63054051,
                11.75580176
              ],
              [
                103.62996151,
                11.75626393
              ],
              [
                103.62917612,
                11.75605351
              ],
              [
                103.62844009,
                11.75646326
              ],
              [
                103.62780764,
                11.7571318
              ],
              [
                103.62749051,
                11.75764688
              ],
              [
                103.62743502,
                11.75826654
              ],
              [
                103.62779894,
                11.75888821
              ],
              [
                103.62858382,
                11.75920195
              ],
              [
                103.62937024,
                11.75920573
              ],
              [
                103.63000193,
                11.75869216
              ],
              [
                103.63073668,
                11.75854071
              ],
              [
                103.63136403,
                11.75890534
              ],
              [
                103.63204202,
                11.75963183
              ],
              [
                103.63254636,
                11.75999696
              ],
              [
                103.63151672,
                11.76166934
              ],
              [
                103.63088829,
                11.76269005
              ],
              [
                103.62840391,
                11.76585093
              ],
              [
                103.62912728,
                11.7659204
              ],
              [
                103.62928124,
                11.76659272
              ],
              [
                103.62932855,
                11.76762616
              ],
              [
                103.62890809,
                11.76783078
              ],
              [
                103.62822523,
                11.76808579
              ],
              [
                103.62764696,
                11.76839297
              ],
              [
                103.62680527,
                11.76895718
              ],
              [
                103.62633033,
                11.76957482
              ],
              [
                103.62601318,
                11.77008989
              ],
              [
                103.62559272,
                11.7702945
              ],
              [
                103.625172,
                11.77055078
              ],
              [
                103.62475025,
                11.77101368
              ],
              [
                103.62516686,
                11.77158395
              ],
              [
                103.62534966,
                11.7720336
              ],
              [
                103.6253216,
                11.77202793
              ],
              [
                103.62498458,
                11.77173204
              ],
              [
                103.62497754,
                11.77176257
              ],
              [
                103.62468578,
                11.77208787
              ],
              [
                103.62418842,
                11.77208547
              ],
              [
                103.62398159,
                11.77200279
              ],
              [
                103.62377415,
                11.77204263
              ],
              [
                103.62335907,
                11.77216314
              ],
              [
                103.62298442,
                11.77248803
              ],
              [
                103.62269449,
                11.77244579
              ],
              [
                103.62227809,
                11.77228568
              ],
              [
                103.62182552,
                11.77215573
              ],
              [
                103.62165872,
                11.77235911
              ],
              [
                103.62157338,
                11.77284876
              ],
              [
                103.62128122,
                11.77325573
              ],
              [
                103.62090677,
                11.77353978
              ],
              [
                103.62073833,
                11.77406987
              ],
              [
                103.62061338,
                11.77419178
              ],
              [
                103.62019788,
                11.77439396
              ],
              [
                103.61986529,
                11.77459654
              ],
              [
                103.61961456,
                11.77500371
              ],
              [
                103.61923929,
                11.77545111
              ],
              [
                103.6189902,
                11.77553158
              ],
              [
                103.61886606,
                11.77549014
              ],
              [
                103.61886708,
                11.77528595
              ],
              [
                103.61899265,
                11.77504153
              ],
              [
                103.61895283,
                11.77471463
              ],
              [
                103.61874641,
                11.77455028
              ],
              [
                103.6186629,
                11.77467239
              ],
              [
                103.61853632,
                11.775121
              ],
              [
                103.61836971,
                11.77528354
              ],
              [
                103.6183303,
                11.77487497
              ],
              [
                103.61831605,
                11.77481759
              ],
              [
                103.61824904,
                11.77454787
              ],
              [
                103.61799934,
                11.77475085
              ],
              [
                103.61775147,
                11.77458629
              ],
              [
                103.61758568,
                11.77458549
              ],
              [
                103.6175592,
                11.77460662
              ],
              [
                103.61733128,
                11.77478851
              ],
              [
                103.61712792,
                11.77495081
              ],
              [
                103.61707399,
                11.77500343
              ],
              [
                103.61701859,
                11.77502337
              ],
              [
                103.61664398,
                11.77538885
              ],
              [
                103.61644792,
                11.77595872
              ],
              [
                103.61641821,
                11.77596832
              ],
              [
                103.61625344,
                11.77576333
              ],
              [
                103.61612909,
                11.77576273
              ],
              [
                103.61606165,
                11.77593731
              ],
              [
                103.61544985,
                11.7758336
              ],
              [
                103.61530035,
                11.77571786
              ],
              [
                103.61526757,
                11.7758027
              ],
              [
                103.6148976,
                11.77648338
              ],
              [
                103.61506008,
                11.77713739
              ],
              [
                103.61442933,
                11.77749269
              ],
              [
                103.6143795,
                11.77751027
              ],
              [
                103.61400626,
                11.77754929
              ],
              [
                103.61367304,
                11.77787438
              ],
              [
                103.61365319,
                11.77790099
              ],
              [
                103.61289625,
                11.77884241
              ],
              [
                103.61266487,
                11.77946512
              ],
              [
                103.61247653,
                11.78033971
              ],
              [
                103.61187664,
                11.78068346
              ],
              [
                103.61186135,
                11.78070211
              ],
              [
                103.61137618,
                11.7812936
              ],
              [
                103.61116669,
                11.7817418
              ],
              [
                103.61087265,
                11.78251629
              ],
              [
                103.61032992,
                11.78328956
              ],
              [
                103.60970449,
                11.7840216
              ],
              [
                103.6089939,
                11.78520243
              ],
              [
                103.60836456,
                11.78608592
              ],
              [
                103.60821585,
                11.78622245
              ],
              [
                103.60784106,
                11.78673998
              ],
              [
                103.6071169,
                11.78744678
              ],
              [
                103.60705041,
                11.78754533
              ],
              [
                103.60567824,
                11.78957888
              ],
              [
                103.60184428,
                11.79303958
              ],
              [
                103.60085908,
                11.79392884
              ],
              [
                103.5975907,
                11.79597032
              ],
              [
                103.59699464,
                11.7973541
              ],
              [
                103.59593571,
                11.7987011
              ],
              [
                103.59489929,
                11.79952486
              ],
              [
                103.59347486,
                11.79975151
              ],
              [
                103.59213654,
                11.80075217
              ],
              [
                103.58933751,
                11.80592812
              ],
              [
                103.58678382,
                11.81130531
              ],
              [
                103.58556727,
                11.81033966
              ],
              [
                103.57691826,
                11.80347411
              ],
              [
                103.57051688,
                11.79563804
              ],
              [
                103.56418793,
                11.78618715
              ],
              [
                103.55418514,
                11.76757406
              ],
              [
                103.54254138,
                11.76579249
              ],
              [
                103.53635089,
                11.76116803
              ],
              [
                103.53193952,
                11.75993265
              ],
              [
                103.53186788,
                11.75984483
              ],
              [
                103.5318175,
                11.75964176
              ],
              [
                103.53162083,
                11.75917346
              ],
              [
                103.53132828,
                11.75885397
              ],
              [
                103.53125235,
                11.75885358
              ],
              [
                103.53073908,
                11.75899122
              ],
              [
                103.53069764,
                11.7590134
              ],
              [
                103.5305487,
                11.75909312
              ],
              [
                103.53034898,
                11.75916691
              ],
              [
                103.53013004,
                11.75928736
              ],
              [
                103.5300638,
                11.75924961
              ],
              [
                103.52991902,
                11.75910545
              ],
              [
                103.52960115,
                11.75878896
              ],
              [
                103.52939363,
                11.75854472
              ],
              [
                103.52934677,
                11.75843225
              ],
              [
                103.52941361,
                11.75835778
              ],
              [
                103.52956499,
                11.75812126
              ],
              [
                103.52982471,
                11.75779875
              ],
              [
                103.52985393,
                11.75765861
              ],
              [
                103.52933553,
                11.7573853
              ],
              [
                103.52871865,
                11.75696068
              ],
              [
                103.52831261,
                11.75656578
              ],
              [
                103.52808542,
                11.75645238
              ],
              [
                103.52786551,
                11.7563137
              ],
              [
                103.52739494,
                11.7559999
              ],
              [
                103.52725351,
                11.75582147
              ],
              [
                103.52710212,
                11.75531532
              ],
              [
                103.5269654,
                11.75466963
              ],
              [
                103.526894,
                11.75381819
              ],
              [
                103.52694896,
                11.75371192
              ],
              [
                103.52696088,
                11.75366034
              ],
              [
                103.52718813,
                11.75267706
              ],
              [
                103.52724437,
                11.75215076
              ],
              [
                103.52731292,
                11.75150923
              ],
              [
                103.52727837,
                11.75114537
              ],
              [
                103.52731061,
                11.75068669
              ],
              [
                103.52736051,
                11.74997673
              ],
              [
                103.52702126,
                11.74951671
              ],
              [
                103.52694553,
                11.74947891
              ],
              [
                103.5268222,
                11.74946892
              ],
              [
                103.52643875,
                11.74949116
              ],
              [
                103.52608165,
                11.74951186
              ],
              [
                103.52564518,
                11.74969259
              ],
              [
                103.52496851,
                11.75001115
              ],
              [
                103.52459761,
                11.75014952
              ],
              [
                103.52419079,
                11.74990425
              ],
              [
                103.5236992,
                11.74953696
              ],
              [
                103.52339704,
                11.74924547
              ],
              [
                103.52297248,
                11.7487663
              ],
              [
                103.52251851,
                11.74846468
              ],
              [
                103.52179939,
                11.74804945
              ],
              [
                103.52143938,
                11.747926
              ],
              [
                103.52106978,
                11.74782121
              ],
              [
                103.52085164,
                11.74779202
              ],
              [
                103.52071811,
                11.74791291
              ],
              [
                103.52044188,
                11.74809853
              ],
              [
                103.51986118,
                11.74842286
              ],
              [
                103.51960448,
                11.7485057
              ],
              [
                103.51858282,
                11.74754139
              ],
              [
                103.51785032,
                11.74702007
              ],
              [
                103.51714935,
                11.74655432
              ],
              [
                103.51704373,
                11.74637876
              ],
              [
                103.51677984,
                11.74603135
              ],
              [
                103.51663892,
                11.7457594
              ],
              [
                103.51647024,
                11.74535636
              ],
              [
                103.51634791,
                11.74515933
              ],
              [
                103.51628519,
                11.74514328
              ],
              [
                103.51627393,
                11.74510364
              ],
              [
                103.514626,
                11.74429611
              ],
              [
                103.51444863,
                11.74325873
              ],
              [
                103.51440701,
                11.74249243
              ],
              [
                103.5142265,
                11.74204085
              ],
              [
                103.51386162,
                11.7418587
              ],
              [
                103.51345199,
                11.74149606
              ],
              [
                103.51338817,
                11.74149001
              ],
              [
                103.51320948,
                11.74130198
              ],
              [
                103.51257517,
                11.74141222
              ],
              [
                103.51225527,
                11.74150081
              ],
              [
                103.51180547,
                11.74153255
              ],
              [
                103.51075247,
                11.74175238
              ],
              [
                103.51034187,
                11.74156998
              ],
              [
                103.5098882,
                11.74089166
              ],
              [
                103.50970697,
                11.74057527
              ],
              [
                103.50950967,
                11.74050932
              ],
              [
                103.50943308,
                11.74048372
              ],
              [
                103.50833605,
                11.74038787
              ],
              [
                103.50787681,
                11.74074598
              ],
              [
                103.50787172,
                11.74169228
              ],
              [
                103.50777711,
                11.74227761
              ],
              [
                103.50770404,
                11.74235776
              ],
              [
                103.50719214,
                11.74251955
              ],
              [
                103.507095,
                11.7427272
              ],
              [
                103.50701666,
                11.74301064
              ],
              [
                103.50705333,
                11.74333253
              ],
              [
                103.50703255,
                11.74362563
              ],
              [
                103.50671804,
                11.74362399
              ],
              [
                103.50649158,
                11.74321723
              ],
              [
                103.50623909,
                11.74260378
              ],
              [
                103.50617559,
                11.7424495
              ],
              [
                103.50585815,
                11.74195214
              ],
              [
                103.50572315,
                11.74154586
              ],
              [
                103.50535828,
                11.7413637
              ],
              [
                103.50494841,
                11.74104611
              ],
              [
                103.50399003,
                11.74068059
              ],
              [
                103.50362468,
                11.74058854
              ],
              [
                103.50321311,
                11.74058639
              ],
              [
                103.50280106,
                11.74067436
              ],
              [
                103.50243401,
                11.74089775
              ],
              [
                103.50202147,
                11.74107584
              ],
              [
                103.50147198,
                11.74120815
              ],
              [
                103.5009242,
                11.74102502
              ],
              [
                103.50042263,
                11.74075201
              ],
              [
                103.49987705,
                11.74016332
              ],
              [
                103.49923903,
                11.7397544
              ],
              [
                103.49837212,
                11.73938934
              ],
              [
                103.49745754,
                11.73938453
              ],
              [
                103.49649649,
                11.73951466
              ],
              [
                103.4961917,
                11.73958505
              ],
              [
                103.49535179,
                11.73977902
              ],
              [
                103.49489547,
                11.73959636
              ],
              [
                103.49467172,
                11.73869392
              ],
              [
                103.49449174,
                11.73815221
              ],
              [
                103.49380776,
                11.7377881
              ],
              [
                103.49344388,
                11.73742567
              ],
              [
                103.49308074,
                11.73692806
              ],
              [
                103.49294772,
                11.73616129
              ],
              [
                103.49267604,
                11.73566416
              ],
              [
                103.49222046,
                11.73534631
              ],
              [
                103.49180964,
                11.73520896
              ],
              [
                103.4915832,
                11.73480219
              ],
              [
                103.49163212,
                11.73421663
              ],
              [
                103.49186321,
                11.73376722
              ],
              [
                103.49209479,
                11.73322768
              ],
              [
                103.49209846,
                11.73255175
              ],
              [
                103.49219358,
                11.7318763
              ],
              [
                103.49237943,
                11.73133652
              ],
              [
                103.49243119,
                11.73096902
              ],
              [
                103.49247456,
                11.73066107
              ],
              [
                103.49238702,
                11.7299396
              ],
              [
                103.49211388,
                11.72971285
              ],
              [
                103.49151917,
                11.72975477
              ],
              [
                103.49124398,
                11.72990541
              ],
              [
                103.49078533,
                11.73015647
              ],
              [
                103.49037084,
                11.73069504
              ],
              [
                103.49000477,
                11.73073817
              ],
              [
                103.48959224,
                11.73091624
              ],
              [
                103.48908948,
                11.73086852
              ],
              [
                103.48858918,
                11.73037018
              ],
              [
                103.48831775,
                11.72982799
              ],
              [
                103.48822973,
                11.72919664
              ],
              [
                103.48823341,
                11.72852071
              ],
              [
                103.48828184,
                11.72802527
              ],
              [
                103.48837599,
                11.72753008
              ],
              [
                103.48822706,
                11.72720255
              ],
              [
                103.48815005,
                11.72703319
              ],
              [
                103.48786452,
                11.72687774
              ],
              [
                103.48764853,
                11.72676016
              ],
              [
                103.48710103,
                11.72653194
              ],
              [
                103.48509126,
                11.72611574
              ],
              [
                103.48467996,
                11.7260685
              ],
              [
                103.48431513,
                11.72588631
              ],
              [
                103.48390507,
                11.72561376
              ],
              [
                103.4835867,
                11.72529663
              ],
              [
                103.48347413,
                11.7249195
              ],
              [
                103.48345198,
                11.72484528
              ],
              [
                103.48331677,
                11.72448406
              ],
              [
                103.48304388,
                11.72421224
              ],
              [
                103.48277174,
                11.72380523
              ],
              [
                103.48286565,
                11.72335509
              ],
              [
                103.48286836,
                11.72285941
              ],
              [
                103.48268693,
                11.72258807
              ],
              [
                103.48232211,
                11.72240589
              ],
              [
                103.48191082,
                11.72235864
              ],
              [
                103.48168293,
                11.72222224
              ],
              [
                103.48163917,
                11.72186151
              ],
              [
                103.48191525,
                11.72154753
              ],
              [
                103.48101998,
                11.72014705
              ],
              [
                103.4800533,
                11.71937647
              ],
              [
                103.47935386,
                11.71855947
              ],
              [
                103.47896229,
                11.71805776
              ],
              [
                103.4780769,
                11.71683044
              ],
              [
                103.47759579,
                11.71603853
              ],
              [
                103.47699267,
                11.71536556
              ],
              [
                103.47641455,
                11.71457111
              ],
              [
                103.47302467,
                11.71576551
              ],
              [
                103.46870455,
                11.71831889
              ],
              [
                103.46626073,
                11.71527468
              ],
              [
                103.46395483,
                11.71511076
              ],
              [
                103.46198584,
                11.70964416
              ],
              [
                103.45076084,
                11.7094321
              ],
              [
                103.44972323,
                11.70245493
              ],
              [
                103.44536241,
                11.7004889
              ],
              [
                103.43984776,
                11.69926295
              ],
              [
                103.43547301,
                11.69711026
              ],
              [
                103.43362327,
                11.69588026
              ],
              [
                103.43312048,
                11.69465761
              ],
              [
                103.43323928,
                11.69295399
              ],
              [
                103.43477628,
                11.69152721
              ],
              [
                103.4354756,
                11.6901676
              ],
              [
                103.43475109,
                11.68928316
              ],
              [
                103.43232146,
                11.6878541
              ],
              [
                103.43039373,
                11.68755653
              ],
              [
                103.42959449,
                11.68726512
              ],
              [
                103.42916171,
                11.68654516
              ],
              [
                103.42880616,
                11.68574623
              ],
              [
                103.42840899,
                11.68446004
              ],
              [
                103.42779642,
                11.68334442
              ],
              [
                103.42655191,
                11.68175556
              ],
              [
                103.42618992,
                11.68139479
              ],
              [
                103.42558457,
                11.68115227
              ],
              [
                103.42455235,
                11.68129611
              ],
              [
                103.42318289,
                11.68206597
              ],
              [
                103.4221118,
                11.68334899
              ],
              [
                103.4209182,
                11.68384598
              ],
              [
                103.41978969,
                11.68383976
              ],
              [
                103.41900776,
                11.68352649
              ],
              [
                103.41819536,
                11.68305855
              ],
              [
                103.41744741,
                11.682282
              ],
              [
                103.41688429,
                11.68008784
              ],
              [
                103.41675875,
                11.6780511
              ],
              [
                103.41372407,
                11.67552588
              ],
              [
                103.41291188,
                11.67502704
              ],
              [
                103.41106386,
                11.67476964
              ],
              [
                103.40965381,
                11.67466915
              ],
              [
                103.40871536,
                11.67432408
              ],
              [
                103.40812455,
                11.67348659
              ],
              [
                103.40753179,
                11.67298895
              ],
              [
                103.40681137,
                11.67289226
              ],
              [
                103.40646983,
                11.67304941
              ],
              [
                103.40485116,
                11.67675304
              ],
              [
                103.40424138,
                11.68153352
              ],
              [
                103.40458585,
                11.68918961
              ],
              [
                103.40571788,
                11.69493653
              ],
              [
                103.40797288,
                11.70173133
              ],
              [
                103.40766006,
                11.70192137
              ],
              [
                103.40780384,
                11.70218813
              ],
              [
                103.40808422,
                11.70249865
              ],
              [
                103.40854399,
                11.70314027
              ],
              [
                103.40864497,
                11.70311971
              ],
              [
                103.40901622,
                11.70398689
              ],
              [
                103.40863384,
                11.70506616
              ],
              [
                103.40824899,
                11.70657797
              ],
              [
                103.40751946,
                11.70805697
              ],
              [
                103.40723536,
                11.70839526
              ],
              [
                103.4071089,
                11.70857994
              ],
              [
                103.40691832,
                11.70901143
              ],
              [
                103.39468689,
                11.71619184
              ],
              [
                103.39464978,
                11.71623457
              ],
              [
                103.3931738,
                11.71665884
              ],
              [
                103.39175909,
                11.71733062
              ],
              [
                103.39150811,
                11.71736011
              ],
              [
                103.39093678,
                11.71737017
              ],
              [
                103.39009661,
                11.71747576
              ],
              [
                103.38943718,
                11.71765743
              ],
              [
                103.389215,
                11.71761654
              ],
              [
                103.38912842,
                11.71764444
              ],
              [
                103.38909142,
                11.71780997
              ],
              [
                103.38824227,
                11.71826864
              ],
              [
                103.38789759,
                11.7182358
              ],
              [
                103.38759384,
                11.71807733
              ],
              [
                103.38714768,
                11.71779902
              ],
              [
                103.38670967,
                11.71764207
              ],
              [
                103.38630247,
                11.71757798
              ],
              [
                103.38589491,
                11.71746073
              ],
              [
                103.38542555,
                11.71741855
              ],
              [
                103.38429513,
                11.71772114
              ],
              [
                103.38416848,
                11.7179367
              ],
              [
                103.38385335,
                11.71821299
              ],
              [
                103.38316328,
                11.71827088
              ],
              [
                103.38266095,
                11.71839163
              ],
              [
                103.38187485,
                11.71878884
              ],
              [
                103.38134062,
                11.7190021
              ],
              [
                103.38109596,
                11.71904322
              ],
              [
                103.38080712,
                11.71909177
              ],
              [
                103.37986408,
                11.71951898
              ],
              [
                103.37929688,
                11.72001012
              ],
              [
                103.37879131,
                11.72068698
              ],
              [
                103.37824969,
                11.72216694
              ],
              [
                103.37749564,
                11.72244073
              ],
              [
                103.37689961,
                11.72249915
              ],
              [
                103.37655421,
                11.72258988
              ],
              [
                103.37617601,
                11.72292759
              ],
              [
                103.37592213,
                11.72345139
              ],
              [
                103.37579564,
                11.72363605
              ],
              [
                103.37513582,
                11.72387948
              ],
              [
                103.37460249,
                11.72393824
              ],
              [
                103.37416267,
                11.72409022
              ],
              [
                103.37375348,
                11.72436596
              ],
              [
                103.37356338,
                11.72470474
              ],
              [
                103.37293437,
                11.72504103
              ],
              [
                103.37255634,
                11.72534784
              ],
              [
                103.37186707,
                11.72546729
              ],
              [
                103.37152066,
                11.72552733
              ],
              [
                103.371262,
                11.72559655
              ],
              [
                103.37095543,
                11.72567859
              ],
              [
                103.37080275,
                11.72573333
              ],
              [
                103.37046148,
                11.72585568
              ],
              [
                103.37004532,
                11.72599106
              ],
              [
                103.36966785,
                11.72604201
              ],
              [
                103.36929164,
                11.72603986
              ],
              [
                103.36904119,
                11.72597664
              ],
              [
                103.36891778,
                11.72563608
              ],
              [
                103.36898212,
                11.72535838
              ],
              [
                103.36929998,
                11.72461868
              ],
              [
                103.36927044,
                11.72430955
              ],
              [
                103.36917748,
                11.72412364
              ],
              [
                103.36842959,
                11.72334696
              ],
              [
                103.36821304,
                11.72285139
              ],
              [
                103.36784288,
                11.72266227
              ],
              [
                103.36680642,
                11.72213274
              ],
              [
                103.36643077,
                11.72192167
              ],
              [
                103.36574431,
                11.72147785
              ],
              [
                103.36446166,
                11.72100708
              ],
              [
                103.3638042,
                11.72084884
              ],
              [
                103.36236481,
                11.72037716
              ],
              [
                103.36120593,
                11.72018515
              ],
              [
                103.3605105,
                11.71984793
              ],
              [
                103.35976035,
                11.72144951
              ],
              [
                103.35663971,
                11.72435097
              ],
              [
                103.3563584,
                11.72461251
              ],
              [
                103.35312904,
                11.72459394
              ],
              [
                103.34990868,
                11.72305989
              ],
              [
                103.34683312,
                11.72304213
              ],
              [
                103.34359385,
                11.72469043
              ],
              [
                103.34068292,
                11.72285498
              ],
              [
                103.33916508,
                11.71951212
              ],
              [
                103.33702854,
                11.71677185
              ],
              [
                103.3334963,
                11.71599357
              ],
              [
                103.33163465,
                11.71871058
              ],
              [
                103.33155979,
                11.7188151
              ],
              [
                103.32806775,
                11.72369081
              ],
              [
                103.32433917,
                11.72995818
              ],
              [
                103.32262492,
                11.73553737
              ],
              [
                103.32182922,
                11.73812697
              ],
              [
                103.32554438,
                11.74661086
              ],
              [
                103.32562168,
                11.74678738
              ],
              [
                103.32837365,
                11.7500658
              ],
              [
                103.33269595,
                11.75664367
              ],
              [
                103.33145144,
                11.7598556
              ],
              [
                103.33047675,
                11.7623711
              ],
              [
                103.32134584,
                11.76698156
              ],
              [
                103.30896174,
                11.76762591
              ],
              [
                103.30640946,
                11.76937843
              ],
              [
                103.30274549,
                11.77189421
              ],
              [
                103.30262138,
                11.77188935
              ],
              [
                103.3018874,
                11.77254426
              ],
              [
                103.30137939,
                11.77281839
              ],
              [
                103.30079442,
                11.77313404
              ],
              [
                103.29982761,
                11.77288975
              ],
              [
                103.29928796,
                11.77269275
              ],
              [
                103.29849915,
                11.77240479
              ],
              [
                103.29656186,
                11.77251247
              ],
              [
                103.29502872,
                11.77348275
              ],
              [
                103.29425264,
                11.77404902
              ],
              [
                103.293891,
                11.77380834
              ],
              [
                103.29255888,
                11.77391961
              ],
              [
                103.29109982,
                11.77498419
              ],
              [
                103.29051728,
                11.77488493
              ],
              [
                103.28928576,
                11.77473479
              ],
              [
                103.28795437,
                11.77472679
              ],
              [
                103.28674033,
                11.77531578
              ],
              [
                103.28468198,
                11.77542265
              ],
              [
                103.2830353,
                11.77544215
              ],
              [
                103.28165462,
                11.77564292
              ],
              [
                103.28032026,
                11.7761119
              ],
              [
                103.27910546,
                11.77682011
              ],
              [
                103.27789584,
                11.77669355
              ],
              [
                103.27668772,
                11.77632847
              ],
              [
                103.27584344,
                11.77584633
              ],
              [
                103.27511924,
                11.77536427
              ],
              [
                103.27367375,
                11.7744021
              ],
              [
                103.27242845,
                11.77325545
              ],
              [
                103.27167487,
                11.77248883
              ],
              [
                103.27025979,
                11.77104925
              ],
              [
                103.27013982,
                11.77123963
              ],
              [
                103.27012307,
                11.77391831
              ],
              [
                103.2701111,
                11.77583165
              ],
              [
                103.27009075,
                11.77908433
              ],
              [
                103.26986302,
                11.7844405
              ],
              [
                103.26899881,
                11.79056005
              ],
              [
                103.26459323,
                11.79313553
              ],
              [
                103.26156376,
                11.79490648
              ],
              [
                103.26125103,
                11.79599442
              ],
              [
                103.25959079,
                11.80176997
              ],
              [
                103.26537424,
                11.80862182
              ],
              [
                103.26824691,
                11.8150971
              ],
              [
                103.26603864,
                11.81831684
              ],
              [
                103.2653065,
                11.8193843
              ],
              [
                103.25618641,
                11.82183976
              ],
              [
                103.25036197,
                11.82144515
              ],
              [
                103.24416654,
                11.82212441
              ],
              [
                103.24159446,
                11.82569607
              ],
              [
                103.24156821,
                11.82613481
              ],
              [
                103.24118673,
                11.83250995
              ],
              [
                103.24151652,
                11.83789338
              ],
              [
                103.24842697,
                11.8393712
              ],
              [
                103.250144,
                11.85570538
              ],
              [
                103.25224247,
                11.86935121
              ],
              [
                103.25363085,
                11.88012258
              ],
              [
                103.26350566,
                11.88879999
              ],
              [
                103.25972731,
                11.89522814
              ],
              [
                103.25650041,
                11.89617145
              ],
              [
                103.25427252,
                11.89815606
              ],
              [
                103.25364511,
                11.89846731
              ],
              [
                103.25298825,
                11.89888115
              ],
              [
                103.25191,
                11.89986554
              ],
              [
                103.25179003,
                11.90013649
              ],
              [
                103.25177681,
                11.90016634
              ],
              [
                103.25165571,
                11.900408
              ],
              [
                103.25142004,
                11.90087829
              ],
              [
                103.25140425,
                11.9009098
              ],
              [
                103.25140193,
                11.90091442
              ],
              [
                103.2514001,
                11.90091808
              ],
              [
                103.25076046,
                11.90173282
              ],
              [
                103.25047427,
                11.90201113
              ],
              [
                103.25003496,
                11.90228848
              ],
              [
                103.2493334,
                11.90252112
              ],
              [
                103.24880755,
                11.90264713
              ],
              [
                103.24774853,
                11.90264868
              ],
              [
                103.24692578,
                11.90270007
              ],
              [
                103.24677649,
                11.90274805
              ],
              [
                103.24508529,
                11.90625894
              ],
              [
                103.24337736,
                11.9074761
              ],
              [
                103.23959568,
                11.91017104
              ],
              [
                103.23193645,
                11.91155811
              ],
              [
                103.23192155,
                11.91386035
              ],
              [
                103.23186679,
                11.92232032
              ],
              [
                103.22928877,
                11.92660917
              ],
              [
                103.22869624,
                11.92718524
              ],
              [
                103.22605069,
                11.92975725
              ],
              [
                103.22525577,
                11.93053006
              ],
              [
                103.22704233,
                11.93592262
              ],
              [
                103.22792723,
                11.93932198
              ],
              [
                103.23097346,
                11.9424148
              ],
              [
                103.22969901,
                11.94907443
              ],
              [
                103.22952443,
                11.95225562
              ],
              [
                103.23166423,
                11.95454217
              ],
              [
                103.23486956,
                11.95865385
              ],
              [
                103.23222864,
                11.96242568
              ],
              [
                103.23449636,
                11.96872877
              ],
              [
                103.23231508,
                11.97280655
              ],
              [
                103.22841924,
                11.97447207
              ],
              [
                103.22567823,
                11.97564384
              ],
              [
                103.22072933,
                11.97924936
              ],
              [
                103.22019299,
                11.98011669
              ],
              [
                103.21839582,
                11.98302295
              ],
              [
                103.21883395,
                11.98675875
              ],
              [
                103.21973657,
                11.98994675
              ],
              [
                103.21832943,
                11.9932716
              ],
              [
                103.21554195,
                11.99582997
              ],
              [
                103.21273862,
                11.99673007
              ],
              [
                103.21091437,
                11.99731578
              ],
              [
                103.20812778,
                11.99972253
              ],
              [
                103.20851017,
                12.00217752
              ],
              [
                103.20871844,
                12.0035147
              ],
              [
                103.20946204,
                12.00745938
              ],
              [
                103.20975187,
                12.01018887
              ],
              [
                103.2078847,
                12.01320762
              ],
              [
                103.20678914,
                12.01592823
              ],
              [
                103.20738981,
                12.01820511
              ],
              [
                103.20968176,
                12.0207959
              ],
              [
                103.20966773,
                12.02291731
              ],
              [
                103.21042839,
                12.024286
              ],
              [
                103.21286734,
                12.02793847
              ],
              [
                103.21208263,
                12.03020648
              ],
              [
                103.21022634,
                12.0315584
              ],
              [
                103.21017931,
                12.03166469
              ],
              [
                103.21023729,
                12.03224733
              ],
              [
                103.21023163,
                12.03310366
              ],
              [
                103.20979154,
                12.03387157
              ],
              [
                103.20940278,
                12.03426915
              ],
              [
                103.2084296,
                12.03526442
              ],
              [
                103.20548093,
                12.03463357
              ],
              [
                103.20427064,
                12.03421245
              ],
              [
                103.20371444,
                12.03365776
              ],
              [
                103.2035321,
                12.03301363
              ],
              [
                103.20354094,
                12.03168184
              ],
              [
                103.20340616,
                12.03090023
              ],
              [
                103.20248162,
                12.02960836
              ],
              [
                103.20168942,
                12.02946548
              ],
              [
                103.20099144,
                12.02918543
              ],
              [
                103.20080457,
                12.02904868
              ],
              [
                103.20029499,
                12.02867576
              ],
              [
                103.19964397,
                12.02835008
              ],
              [
                103.1987115,
                12.02825221
              ],
              [
                103.19801292,
                12.028064
              ],
              [
                103.19788454,
                12.02800467
              ],
              [
                103.19740826,
                12.02778455
              ],
              [
                103.19699021,
                12.0275063
              ],
              [
                103.19595847,
                12.02737666
              ],
              [
                103.19565419,
                12.02733169
              ],
              [
                103.19499157,
                12.02717665
              ],
              [
                103.19456698,
                12.02707731
              ],
              [
                103.19405379,
                12.02707399
              ],
              [
                103.19358358,
                12.02762205
              ],
              [
                103.19297309,
                12.02821514
              ],
              [
                103.1922251,
                12.02843992
              ],
              [
                103.19138441,
                12.02857225
              ],
              [
                103.19096207,
                12.02893692
              ],
              [
                103.19081873,
                12.02944118
              ],
              [
                103.19058208,
                12.02994482
              ],
              [
                103.1897377,
                12.03062823
              ],
              [
                103.18908301,
                12.03085361
              ],
              [
                103.18885066,
                12.03071433
              ],
              [
                103.18783012,
                12.02983512
              ],
              [
                103.18731754,
                12.02973994
              ],
              [
                103.18698943,
                12.02996744
              ],
              [
                103.18656801,
                12.03019433
              ],
              [
                103.18601031,
                12.02986923
              ],
              [
                103.18558951,
                12.03000427
              ],
              [
                103.18526047,
                12.03036954
              ],
              [
                103.18477913,
                12.03257082
              ],
              [
                103.18445132,
                12.03275239
              ],
              [
                103.18393905,
                12.03261128
              ],
              [
                103.18356674,
                12.03247109
              ],
              [
                103.18347189,
                12.0327001
              ],
              [
                103.18309465,
                12.03329467
              ],
              [
                103.18267167,
                12.03375117
              ],
              [
                103.18359612,
                12.03504309
              ],
              [
                103.18363815,
                12.03573225
              ],
              [
                103.18353743,
                12.0368338
              ],
              [
                103.18302022,
                12.03742746
              ],
              [
                103.18198631,
                12.03800447
              ],
              [
                103.18122812,
                12.03850669
              ],
              [
                103.18061958,
                12.03904147
              ],
              [
                103.1804891,
                12.03915613
              ],
              [
                103.18057963,
                12.03957004
              ],
              [
                103.18098414,
                12.03987281
              ],
              [
                103.18098283,
                12.03990773
              ],
              [
                103.18136606,
                12.04061415
              ],
              [
                103.1819201,
                12.04144145
              ],
              [
                103.1818945,
                12.04213278
              ],
              [
                103.18175817,
                12.04264712
              ],
              [
                103.18097312,
                12.04331089
              ],
              [
                103.18018568,
                12.04403114
              ],
              [
                103.17950444,
                12.04504473
              ],
              [
                103.17905253,
                12.04618183
              ],
              [
                103.17889241,
                12.04732988
              ],
              [
                103.17884752,
                12.04853857
              ],
              [
                103.1797493,
                12.05572263
              ],
              [
                103.17976475,
                12.05687748
              ],
              [
                103.18017825,
                12.05833434
              ],
              [
                103.18071092,
                12.05973775
              ],
              [
                103.18130424,
                12.06108506
              ],
              [
                103.18187337,
                12.0615091
              ],
              [
                103.18250315,
                12.06187816
              ],
              [
                103.18349198,
                12.06203037
              ],
              [
                103.18411333,
                12.06262874
              ],
              [
                103.18431889,
                12.06338598
              ],
              [
                103.18397079,
                12.0648729
              ],
              [
                103.18341501,
                12.0656602
              ],
              [
                103.18273795,
                12.06655856
              ],
              [
                103.18230317,
                12.06723478
              ],
              [
                103.18227094,
                12.06809894
              ],
              [
                103.18242698,
                12.06862309
              ],
              [
                103.18316482,
                12.06922675
              ],
              [
                103.18378829,
                12.06976865
              ],
              [
                103.18470597,
                12.07026275
              ],
              [
                103.18544896,
                12.07093904
              ],
              [
                103.18609331,
                12.07227508
              ],
              [
                103.18673649,
                12.07385547
              ],
              [
                103.18681685,
                12.07483787
              ],
              [
                103.186947,
                12.07605448
              ],
              [
                103.18691267,
                12.07697624
              ],
              [
                103.18694321,
                12.07772669
              ],
              [
                103.18680475,
                12.07829864
              ],
              [
                103.18631382,
                12.07891462
              ],
              [
                103.18583766,
                12.07912845
              ],
              [
                103.18513243,
                12.07921763
              ],
              [
                103.18448093,
                12.07942467
              ],
              [
                103.18375824,
                12.07997586
              ],
              [
                103.18344262,
                12.08059862
              ],
              [
                103.18376076,
                12.08147523
              ],
              [
                103.1843236,
                12.0820721
              ],
              [
                103.18493414,
                12.08295966
              ],
              [
                103.18508779,
                12.08354142
              ],
              [
                103.18518108,
                12.08417929
              ],
              [
                103.18520739,
                12.08504496
              ],
              [
                103.18355441,
                12.08700355
              ],
              [
                103.18321076,
                12.08837525
              ],
              [
                103.18299024,
                12.08957827
              ],
              [
                103.18288228,
                12.09090179
              ],
              [
                103.18285878,
                12.09153437
              ],
              [
                103.1826989,
                12.09268242
              ],
              [
                103.18224478,
                12.09387712
              ],
              [
                103.18191378,
                12.09490315
              ],
              [
                103.18140563,
                12.09598
              ],
              [
                103.1804276,
                12.09709783
              ],
              [
                103.17999276,
                12.09777404
              ],
              [
                103.17938046,
                12.09850219
              ],
              [
                103.17887651,
                12.0994638
              ],
              [
                103.1781951,
                12.10047736
              ],
              [
                103.17751551,
                12.1014333
              ],
              [
                103.17629117,
                12.10288846
              ],
              [
                103.17526118,
                12.10383079
              ],
              [
                103.17422272,
                12.10500468
              ],
              [
                103.17359743,
                12.10607734
              ],
              [
                103.17337261,
                12.10739557
              ],
              [
                103.17313271,
                12.10911705
              ],
              [
                103.17286865,
                12.10991527
              ],
              [
                103.1721395,
                12.11063811
              ],
              [
                103.1717523,
                12.11160386
              ],
              [
                103.17165301,
                12.11269693
              ],
              [
                103.17163158,
                12.11327302
              ],
              [
                103.17148009,
                12.11418949
              ],
              [
                103.17080072,
                12.1151454
              ],
              [
                103.17050888,
                12.11669141
              ],
              [
                103.17045514,
                12.11813165
              ],
              [
                103.17081672,
                12.11941305
              ],
              [
                103.17099871,
                12.120804
              ],
              [
                103.17119368,
                12.1218493
              ],
              [
                103.17173061,
                12.12313751
              ],
              [
                103.17217428,
                12.12378785
              ],
              [
                103.17302298,
                12.12456855
              ],
              [
                103.17412038,
                12.12495542
              ],
              [
                103.17492726,
                12.12515675
              ],
              [
                103.1748604,
                12.12542467
              ],
              [
                103.17568826,
                12.12551487
              ],
              [
                103.17594933,
                12.1254943
              ],
              [
                103.17705769,
                12.12621536
              ],
              [
                103.17852941,
                12.12753796
              ],
              [
                103.17983481,
                12.12862332
              ],
              [
                103.18039561,
                12.12927781
              ],
              [
                103.18054954,
                12.12986072
              ],
              [
                103.18115142,
                12.1309776
              ],
              [
                103.18164917,
                12.1317458
              ],
              [
                103.1823313,
                12.13228923
              ],
              [
                103.18383774,
                12.13269005
              ],
              [
                103.18541273,
                12.13303882
              ],
              [
                103.1854808,
                12.13343412
              ],
              [
                103.18570198,
                12.13430558
              ],
              [
                103.18619156,
                12.13467148
              ],
              [
                103.18634337,
                12.13421261
              ],
              [
                103.18670509,
                12.13421272
              ],
              [
                103.18673812,
                12.13377735
              ],
              [
                103.18710632,
                12.134482
              ],
              [
                103.18716074,
                12.13615571
              ],
              [
                103.18695102,
                12.13707068
              ],
              [
                103.18687528,
                12.13753004
              ],
              [
                103.1871376,
                12.13834641
              ],
              [
                103.18792784,
                12.13912555
              ],
              [
                103.18865081,
                12.14013136
              ],
              [
                103.18996725,
                12.14248675
              ],
              [
                103.19023804,
                12.14307267
              ],
              [
                103.190277,
                12.1435938
              ],
              [
                103.1902104,
                12.14537859
              ],
              [
                103.19066288,
                12.14579961
              ],
              [
                103.1912367,
                12.14610843
              ],
              [
                103.19176041,
                12.14618529
              ],
              [
                103.19226483,
                12.14677952
              ],
              [
                103.19222837,
                12.14775889
              ],
              [
                103.19186256,
                12.1481497
              ],
              [
                103.19138444,
                12.14842001
              ],
              [
                103.19084988,
                12.14863232
              ],
              [
                103.19043214,
                12.14884766
              ],
              [
                103.19000144,
                12.14940866
              ],
              [
                103.18991486,
                12.15015494
              ],
              [
                103.19006709,
                12.15235244
              ],
              [
                103.19037262,
                12.15357471
              ],
              [
                103.19074728,
                12.15451045
              ],
              [
                103.19137727,
                12.15487953
              ],
              [
                103.19190099,
                12.15495639
              ],
              [
                103.19242923,
                12.15491804
              ],
              [
                103.19325415,
                12.15452502
              ],
              [
                103.19388985,
                12.15455585
              ],
              [
                103.19453152,
                12.15442898
              ],
              [
                103.19457566,
                12.1543612
              ],
              [
                103.19473204,
                12.15436701
              ],
              [
                103.19525606,
                12.15444388
              ],
              [
                103.19577767,
                12.15457835
              ],
              [
                103.19646412,
                12.15500653
              ],
              [
                103.19660909,
                12.15581874
              ],
              [
                103.19657896,
                12.15662528
              ],
              [
                103.19643652,
                12.15731246
              ],
              [
                103.19623102,
                12.15811221
              ],
              [
                103.19625945,
                12.15892026
              ],
              [
                103.19669028,
                12.15991738
              ],
              [
                103.19706525,
                12.16085311
              ],
              [
                103.19733999,
                12.16132494
              ],
              [
                103.19771918,
                12.16214545
              ],
              [
                103.19797675,
                12.16307816
              ],
              [
                103.19807007,
                12.16371603
              ],
              [
                103.19815706,
                12.16452672
              ],
              [
                103.19858369,
                12.16563793
              ],
              [
                103.19930493,
                12.16670134
              ],
              [
                103.20004939,
                12.16713216
              ],
              [
                103.20044576,
                12.16749291
              ],
              [
                103.20112774,
                12.16803632
              ],
              [
                103.20203281,
                12.1688772
              ],
              [
                103.20242258,
                12.16940965
              ],
              [
                103.20304418,
                12.17000915
              ],
              [
                103.20378021,
                12.17067041
              ],
              [
                103.20481297,
                12.17122738
              ],
              [
                103.2057914,
                12.17166649
              ],
              [
                103.20677645,
                12.17193276
              ],
              [
                103.20764677,
                12.17213727
              ],
              [
                103.20886788,
                12.17235423
              ],
              [
                103.2111972,
                12.17266988
              ],
              [
                103.21317153,
                12.17308717
              ],
              [
                103.21402893,
                12.17363733
              ],
              [
                103.21490138,
                12.17378421
              ],
              [
                103.2156525,
                12.17404216
              ],
              [
                103.21635195,
                12.17412577
              ],
              [
                103.2173998,
                12.1742783
              ],
              [
                103.22190026,
                12.17444178
              ],
              [
                103.22253666,
                12.17463796
              ],
              [
                103.22316703,
                12.17500697
              ],
              [
                103.22356527,
                12.17531009
              ],
              [
                103.22491013,
                12.1769153
              ],
              [
                103.22573121,
                12.17844482
              ],
              [
                103.22623366,
                12.17909774
              ],
              [
                103.22661928,
                12.17974539
              ],
              [
                103.22711963,
                12.18045593
              ],
              [
                103.22767405,
                12.18128319
              ],
              [
                103.22812666,
                12.18170303
              ],
              [
                103.22869399,
                12.18218575
              ],
              [
                103.23014674,
                12.18246852
              ],
              [
                103.2307312,
                12.18249034
              ],
              [
                103.23137845,
                12.18239732
              ],
              [
                103.23214701,
                12.18219547
              ],
              [
                103.23320964,
                12.18194466
              ],
              [
                103.23376334,
                12.18191089
              ],
              [
                103.23419145,
                12.18210348
              ],
              [
                103.23451638,
                12.18195422
              ],
              [
                103.23518858,
                12.18224771
              ],
              [
                103.23533396,
                12.18305992
              ],
              [
                103.23531684,
                12.18352081
              ],
              [
                103.23506787,
                12.18391581
              ],
              [
                103.23481498,
                12.18442491
              ],
              [
                103.23473719,
                12.18494192
              ],
              [
                103.23476326,
                12.18498651
              ],
              [
                103.23428352,
                12.18507121
              ],
              [
                103.23390988,
                12.1854722
              ],
              [
                103.23366466,
                12.18629772
              ],
              [
                103.23322066,
                12.1869888
              ],
              [
                103.23267473,
                12.18688571
              ],
              [
                103.23190404,
                12.1871463
              ],
              [
                103.23124177,
                12.18764147
              ],
              [
                103.23080926,
                12.18826014
              ],
              [
                103.23036354,
                12.18922448
              ],
              [
                103.23027914,
                12.18991318
              ],
              [
                103.23037044,
                12.19060866
              ],
              [
                103.23086871,
                12.19137681
              ],
              [
                103.23183224,
                12.19221912
              ],
              [
                103.23269215,
                12.19271049
              ],
              [
                103.23337635,
                12.19319735
              ],
              [
                103.23439426,
                12.19415638
              ],
              [
                103.23524518,
                12.19487932
              ],
              [
                103.23580835,
                12.19547726
              ],
              [
                103.23613755,
                12.19606579
              ],
              [
                103.23670493,
                12.19654737
              ],
              [
                103.23704284,
                12.19690545
              ],
              [
                103.23790248,
                12.19739794
              ],
              [
                103.23850262,
                12.19748539
              ],
              [
                103.23909636,
                12.19902134
              ],
              [
                103.23802343,
                12.20125622
              ],
              [
                103.23582636,
                12.20486239
              ],
              [
                103.23404005,
                12.20835591
              ],
              [
                103.23200427,
                12.21351668
              ],
              [
                103.23148384,
                12.21932218
              ],
              [
                103.23100238,
                12.22081394
              ],
              [
                103.22945765,
                12.22344798
              ],
              [
                103.22795789,
                12.2273938
              ],
              [
                103.2277243,
                12.22757732
              ],
              [
                103.22722717,
                12.22814028
              ],
              [
                103.22693533,
                12.22874501
              ],
              [
                103.22643658,
                12.22955061
              ],
              [
                103.22593999,
                12.23003269
              ],
              [
                103.22507283,
                12.23059326
              ],
              [
                103.22432766,
                12.23135682
              ],
              [
                103.22398091,
                12.2319189
              ],
              [
                103.2238869,
                12.2325793
              ],
              [
                103.22397994,
                12.23370059
              ],
              [
                103.22321821,
                12.23409545
              ],
              [
                103.22210367,
                12.23443173
              ],
              [
                103.2207526,
                12.23505234
              ],
              [
                103.21872475,
                12.23929326
              ],
              [
                103.21762883,
                12.2440012
              ],
              [
                103.2179426,
                12.24808781
              ],
              [
                103.21862186,
                12.25056782
              ],
              [
                103.22108888,
                12.25593839
              ],
              [
                103.22282029,
                12.25854159
              ],
              [
                103.22531224,
                12.26115084
              ],
              [
                103.22815483,
                12.2638211
              ],
              [
                103.23030685,
                12.26521912
              ],
              [
                103.23753441,
                12.26827123
              ],
              [
                103.24118842,
                12.26928883
              ],
              [
                103.24233027,
                12.26989275
              ],
              [
                103.24354963,
                12.27006276
              ],
              [
                103.24926194,
                12.27193498
              ],
              [
                103.25183524,
                12.27207118
              ],
              [
                103.25387969,
                12.27243336
              ],
              [
                103.25639239,
                12.2752924
              ],
              [
                103.25641324,
                12.2760799
              ],
              [
                103.25568298,
                12.27723003
              ],
              [
                103.25316801,
                12.27882412
              ],
              [
                103.25085017,
                12.2800963
              ],
              [
                103.24933914,
                12.28159394
              ],
              [
                103.24849666,
                12.28371956
              ],
              [
                103.24792439,
                12.28611808
              ],
              [
                103.24792305,
                12.28704194
              ],
              [
                103.2481665,
                12.28699255
              ],
              [
                103.24887789,
                12.2869971
              ],
              [
                103.24918404,
                12.28705225
              ],
              [
                103.24925472,
                12.28706498
              ],
              [
                103.24974074,
                12.28715253
              ],
              [
                103.2505531,
                12.28725767
              ],
              [
                103.25121236,
                12.28746177
              ],
              [
                103.25192178,
                12.28776613
              ],
              [
                103.2524804,
                12.28781967
              ],
              [
                103.25329409,
                12.28772492
              ],
              [
                103.25405816,
                12.28759747
              ],
              [
                103.25450908,
                12.28754496
              ],
              [
                103.25495474,
                12.28765755
              ],
              [
                103.25558568,
                12.28788107
              ],
              [
                103.25625333,
                12.28817798
              ],
              [
                103.25673571,
                12.28836396
              ],
              [
                103.25733187,
                12.28822143
              ],
              [
                103.25752075,
                12.28778365
              ],
              [
                103.25760021,
                12.28701592
              ],
              [
                103.25782773,
                12.28635889
              ],
              [
                103.25824005,
                12.28588595
              ],
              [
                103.25913835,
                12.28505027
              ],
              [
                103.25996057,
                12.28447018
              ],
              [
                103.26048429,
                12.28441412
              ],
              [
                103.26102352,
                12.28442843
              ],
              [
                103.26107327,
                12.28437373
              ],
              [
                103.26176509,
                12.28321657
              ],
              [
                103.26215135,
                12.28279304
              ],
              [
                103.26259635,
                12.28234729
              ],
              [
                103.26311092,
                12.28198107
              ],
              [
                103.26406993,
                12.28155892
              ],
              [
                103.26522605,
                12.28169844
              ],
              [
                103.26607708,
                12.28245636
              ],
              [
                103.26682309,
                12.28315598
              ],
              [
                103.26780258,
                12.28399493
              ],
              [
                103.26889818,
                12.28517698
              ],
              [
                103.26937709,
                12.28516645
              ],
              [
                103.27000878,
                12.28481225
              ],
              [
                103.27056075,
                12.28338074
              ],
              [
                103.27079557,
                12.28287602
              ],
              [
                103.27165046,
                12.28185771
              ],
              [
                103.27258644,
                12.28109075
              ],
              [
                103.27427237,
                12.2793161
              ],
              [
                103.27485772,
                12.2786633
              ],
              [
                103.27547852,
                12.27781638
              ],
              [
                103.27636809,
                12.27698132
              ],
              [
                103.27676649,
                12.27640869
              ],
              [
                103.27759752,
                12.27565235
              ],
              [
                103.27800795,
                12.27486285
              ],
              [
                103.27866352,
                12.27418676
              ],
              [
                103.2795521,
                12.27381042
              ],
              [
                103.28096515,
                12.27392663
              ],
              [
                103.28205123,
                12.27410068
              ],
              [
                103.28302067,
                12.27405591
              ],
              [
                103.28382737,
                12.27377057
              ],
              [
                103.28504257,
                12.27356688
              ],
              [
                103.28638608,
                12.27351088
              ],
              [
                103.28741357,
                12.27363934
              ],
              [
                103.28817296,
                12.27365199
              ],
              [
                103.28908368,
                12.27389384
              ],
              [
                103.28977173,
                12.27445632
              ],
              [
                103.29009709,
                12.27527077
              ],
              [
                103.29067756,
                12.27701449
              ],
              [
                103.29109706,
                12.2774849
              ],
              [
                103.2918552,
                12.27809414
              ],
              [
                103.29239093,
                12.27875962
              ],
              [
                103.29313721,
                12.27951681
              ],
              [
                103.29356842,
                12.27999972
              ],
              [
                103.29397647,
                12.2803322
              ],
              [
                103.29496744,
                12.28132029
              ],
              [
                103.29548046,
                12.28176755
              ],
              [
                103.29606402,
                12.28210112
              ],
              [
                103.29681083,
                12.28237695
              ],
              [
                103.29738261,
                12.28275677
              ],
              [
                103.29819908,
                12.28341156
              ],
              [
                103.2985483,
                12.28391656
              ],
              [
                103.29883934,
                12.28444378
              ],
              [
                103.29935197,
                12.28517804
              ],
              [
                103.29999364,
                12.28554586
              ],
              [
                103.30065825,
                12.28609801
              ],
              [
                103.30183651,
                12.28700475
              ],
              [
                103.30240772,
                12.28747609
              ],
              [
                103.30309489,
                12.28858882
              ],
              [
                103.30384131,
                12.28924316
              ],
              [
                103.3047042,
                12.28996715
              ],
              [
                103.3055791,
                12.29060985
              ],
              [
                103.30638346,
                12.2914137
              ],
              [
                103.30736274,
                12.2924932
              ],
              [
                103.30814393,
                12.29319295
              ],
              [
                103.30907647,
                12.29421453
              ],
              [
                103.30964776,
                12.29481241
              ],
              [
                103.31115224,
                12.29601831
              ],
              [
                103.3117354,
                12.29660383
              ],
              [
                103.31213132,
                12.29722322
              ],
              [
                103.3123464,
                12.29747847
              ],
              [
                103.31267019,
                12.29892125
              ],
              [
                103.31279503,
                12.30023182
              ],
              [
                103.31298897,
                12.30114988
              ],
              [
                103.31338271,
                12.30206918
              ],
              [
                103.3139084,
                12.30318575
              ],
              [
                103.31430423,
                12.30377761
              ],
              [
                103.31490111,
                12.30417423
              ],
              [
                103.31549842,
                12.30450536
              ],
              [
                103.31623059,
                12.30457536
              ],
              [
                103.31716339,
                12.30451562
              ],
              [
                103.31809661,
                12.30439038
              ],
              [
                103.31889538,
                12.30446078
              ],
              [
                103.31929206,
                12.30492166
              ],
              [
                103.3194877,
                12.30557776
              ],
              [
                103.31961756,
                12.30610249
              ],
              [
                103.31974618,
                12.30682367
              ],
              [
                103.31994057,
                12.30767624
              ],
              [
                103.32046837,
                12.30846537
              ],
              [
                103.32239188,
                12.30972151
              ],
              [
                103.32319025,
                12.30985739
              ],
              [
                103.32372347,
                12.30979517
              ],
              [
                103.32432495,
                12.30947141
              ],
              [
                103.3247924,
                12.3092778
              ],
              [
                103.32565987,
                12.30902115
              ],
              [
                103.32645659,
                12.30941898
              ],
              [
                103.32725206,
                12.31001327
              ],
              [
                103.32791102,
                12.31113064
              ],
              [
                103.32817162,
                12.3120491
              ],
              [
                103.32843389,
                12.31270562
              ],
              [
                103.32862955,
                12.31336172
              ],
              [
                103.3286225,
                12.31447502
              ],
              [
                103.32841896,
                12.31506319
              ],
              [
                103.32834987,
                12.31545571
              ],
              [
                103.32861131,
                12.3162432
              ],
              [
                103.32907379,
                12.31683544
              ],
              [
                103.32993507,
                12.31756111
              ],
              [
                103.33052953,
                12.31835063
              ],
              [
                103.33112274,
                12.31933662
              ],
              [
                103.33145079,
                12.32012451
              ],
              [
                103.33217846,
                12.32091485
              ],
              [
                103.33250735,
                12.32157176
              ],
              [
                103.33377158,
                12.32177595
              ],
              [
                103.33450174,
                12.32217336
              ],
              [
                103.33530058,
                12.32224372
              ],
              [
                103.33576598,
                12.32237754
              ],
              [
                103.33682711,
                12.3231044
              ],
              [
                103.33775586,
                12.32369948
              ],
              [
                103.33848438,
                12.32435883
              ],
              [
                103.33914878,
                12.32462483
              ],
              [
                103.3394781,
                12.32521625
              ],
              [
                103.33960842,
                12.32567548
              ],
              [
                103.33973628,
                12.32652764
              ],
              [
                103.33999775,
                12.32731513
              ],
              [
                103.34039203,
                12.32816891
              ],
              [
                103.34105438,
                12.32876235
              ],
              [
                103.34165219,
                12.32902795
              ],
              [
                103.34218668,
                12.32876924
              ],
              [
                103.34265539,
                12.32837914
              ],
              [
                103.34305667,
                12.32811961
              ],
              [
                103.34352374,
                12.32799146
              ],
              [
                103.34438879,
                12.3281277
              ],
              [
                103.34545408,
                12.32819965
              ],
              [
                103.34625376,
                12.32813901
              ],
              [
                103.34685485,
                12.32788068
              ],
              [
                103.34772032,
                12.32795142
              ],
              [
                103.34858702,
                12.32782568
              ],
              [
                103.34925308,
                12.32782971
              ],
              [
                103.34998779,
                12.3275067
              ],
              [
                103.35072087,
                12.32744564
              ],
              [
                103.35158756,
                12.32731989
              ],
              [
                103.35232268,
                12.32693139
              ],
              [
                103.35305739,
                12.32660837
              ],
              [
                103.35385911,
                12.32622025
              ],
              [
                103.3547303,
                12.32537412
              ],
              [
                103.35559862,
                12.3249864
              ],
              [
                103.35626671,
                12.32466297
              ],
              [
                103.35673336,
                12.32460029
              ],
              [
                103.35733077,
                12.32493134
              ],
              [
                103.35806058,
                12.32539418
              ],
              [
                103.35892279,
                12.32598879
              ],
              [
                103.35958559,
                12.3265167
              ],
              [
                103.36018056,
                12.32724069
              ],
              [
                103.36077473,
                12.32809565
              ],
              [
                103.36116745,
                12.32921136
              ],
              [
                103.36156099,
                12.3301961
              ],
              [
                103.36181847,
                12.33163846
              ],
              [
                103.36194558,
                12.3326216
              ],
              [
                103.36220591,
                12.33360554
              ],
              [
                103.36246827,
                12.33426203
              ],
              [
                103.36252797,
                12.33537574
              ],
              [
                103.3625239,
                12.33603063
              ],
              [
                103.36211814,
                12.33701057
              ],
              [
                103.36211448,
                12.33759997
              ],
              [
                103.36244305,
                12.33832235
              ],
              [
                103.36270704,
                12.33871689
              ],
              [
                103.36303602,
                12.33937378
              ],
              [
                103.36389544,
                12.3404268
              ],
              [
                103.36455463,
                12.34154412
              ],
              [
                103.36501521,
                12.34246376
              ],
              [
                103.36586692,
                12.34476108
              ],
              [
                103.36606066,
                12.34574461
              ],
              [
                103.36632182,
                12.34659757
              ],
              [
                103.36671621,
                12.34745133
              ],
              [
                103.36704561,
                12.34804273
              ],
              [
                103.36744001,
                12.34889648
              ],
              [
                103.36777063,
                12.34929141
              ],
              [
                103.36823489,
                12.34962165
              ],
              [
                103.36883642,
                12.3492978
              ],
              [
                103.36910571,
                12.34884097
              ],
              [
                103.36937621,
                12.34818767
              ],
              [
                103.3697109,
                12.34792771
              ],
              [
                103.37064427,
                12.34780231
              ],
              [
                103.37117595,
                12.34800196
              ],
              [
                103.37197327,
                12.34833418
              ],
              [
                103.37397001,
                12.34860808
              ],
              [
                103.37490217,
                12.34867913
              ],
              [
                103.37616619,
                12.34894864
              ],
              [
                103.3774294,
                12.34934911
              ],
              [
                103.37855818,
                12.34994526
              ],
              [
                103.37922189,
                12.35034216
              ],
              [
                103.37962036,
                12.35054101
              ],
              [
                103.37981818,
                12.35086965
              ],
              [
                103.38054891,
                12.35120145
              ],
              [
                103.38114802,
                12.35127051
              ],
              [
                103.38188237,
                12.3510129
              ],
              [
                103.38261713,
                12.35068981
              ],
              [
                103.38461993,
                12.34998128
              ],
              [
                103.38568654,
                12.34985662
              ],
              [
                103.38682016,
                12.34966685
              ],
              [
                103.3874879,
                12.34940884
              ],
              [
                103.38822464,
                12.34875828
              ],
              [
                103.38822745,
                12.34829985
              ]
            ]
          ]
        ]
      }
    },
    {
      "type": "Feature",
      "properties": {
        "geo_id": "geo_kh_0035",
        "name": "Кардамоновы горы",
        "geometry_scope": "Composite of Central Cardamom Mountains National Park and Southern Cardamom Mountains National Park; operational protected-area core, not a geomorphological boundary of the entire range",
        "source_dataset": "Natural protected areas in Cambodia (1993-2023)",
        "source_publisher": "Open Development Cambodia / source government records",
        "source_url": "https://opendevelopmentcambodia.net/dataset/?id=protectedareas",
        "source_map_id": "pa_np_89",
        "source_name": "Southern Cardamom Mountains National Park",
        "source_reference": "Sub_decree_No_89__09.05.2016.pdf",
        "source_checked_at": "2026-10-01",
        "accuracy": "approximate"
      },
      "geometry": {
        "type": "MultiPolygon",
        "coordinates": [
          [
            [
              [
                103.0884302,
                12.00937208
              ],
              [
                103.08818558,
                12.00100013
              ],
              [
                103.09122414,
                12.00072194
              ],
              [
                103.09166332,
                11.99744757
              ],
              [
                103.09186508,
                11.99594328
              ],
              [
                103.09443332,
                11.99452512
              ],
              [
                103.09616774,
                11.99356736
              ],
              [
                103.09654432,
                11.99335941
              ],
              [
                103.10173232,
                11.98965788
              ],
              [
                103.10345521,
                11.98928244
              ],
              [
                103.10705428,
                11.98849813
              ],
              [
                103.10966848,
                11.98373271
              ],
              [
                103.11287884,
                11.98019967
              ],
              [
                103.11425822,
                11.9786816
              ],
              [
                103.12094419,
                11.97782967
              ],
              [
                103.12860251,
                11.97907669
              ],
              [
                103.13998349,
                11.97989981
              ],
              [
                103.14787486,
                11.98040049
              ],
              [
                103.15089084,
                11.9834099
              ],
              [
                103.15376828,
                11.9844752
              ],
              [
                103.15342296,
                11.99060138
              ],
              [
                103.15628526,
                11.99390868
              ],
              [
                103.16096751,
                11.99752688
              ],
              [
                103.16214263,
                12.00336413
              ],
              [
                103.16499706,
                12.00786713
              ],
              [
                103.16724524,
                12.01221666
              ],
              [
                103.17376614,
                12.01345514
              ],
              [
                103.17615829,
                12.01900137
              ],
              [
                103.18725928,
                12.02962222
              ],
              [
                103.18731754,
                12.02973994
              ],
              [
                103.18783012,
                12.02983512
              ],
              [
                103.18885066,
                12.03071433
              ],
              [
                103.18908301,
                12.03085361
              ],
              [
                103.1897377,
                12.03062823
              ],
              [
                103.19058208,
                12.02994482
              ],
              [
                103.19081873,
                12.02944118
              ],
              [
                103.19096207,
                12.02893692
              ],
              [
                103.19138441,
                12.02857225
              ],
              [
                103.1922251,
                12.02843992
              ],
              [
                103.19297309,
                12.02821514
              ],
              [
                103.19358358,
                12.02762205
              ],
              [
                103.19405379,
                12.02707399
              ],
              [
                103.19456698,
                12.02707731
              ],
              [
                103.19499157,
                12.02717665
              ],
              [
                103.19565419,
                12.02733169
              ],
              [
                103.19595847,
                12.02737666
              ],
              [
                103.19699021,
                12.0275063
              ],
              [
                103.19740826,
                12.02778455
              ],
              [
                103.19788454,
                12.02800467
              ],
              [
                103.19801292,
                12.028064
              ],
              [
                103.1987115,
                12.02825221
              ],
              [
                103.19964397,
                12.02835008
              ],
              [
                103.20029499,
                12.02867576
              ],
              [
                103.20080457,
                12.02904868
              ],
              [
                103.20099144,
                12.02918543
              ],
              [
                103.20168942,
                12.02946548
              ],
              [
                103.20248162,
                12.02960836
              ],
              [
                103.20340616,
                12.03090023
              ],
              [
                103.20354094,
                12.03168184
              ],
              [
                103.2035321,
                12.03301363
              ],
              [
                103.20371444,
                12.03365776
              ],
              [
                103.20427064,
                12.03421245
              ],
              [
                103.20548093,
                12.03463357
              ],
              [
                103.2084296,
                12.03526442
              ],
              [
                103.20940278,
                12.03426915
              ],
              [
                103.20979154,
                12.03387157
              ],
              [
                103.21023163,
                12.03310366
              ],
              [
                103.21023729,
                12.03224733
              ],
              [
                103.21017931,
                12.03166469
              ],
              [
                103.21022634,
                12.0315584
              ],
              [
                103.21208263,
                12.03020648
              ],
              [
                103.21286734,
                12.02793847
              ],
              [
                103.21042839,
                12.024286
              ],
              [
                103.20966773,
                12.02291731
              ],
              [
                103.20968176,
                12.0207959
              ],
              [
                103.20738981,
                12.01820511
              ],
              [
                103.20678914,
                12.01592823
              ],
              [
                103.2078847,
                12.01320762
              ],
              [
                103.20975187,
                12.01018887
              ],
              [
                103.20946204,
                12.00745938
              ],
              [
                103.20871844,
                12.0035147
              ],
              [
                103.20851017,
                12.00217752
              ],
              [
                103.20812778,
                11.99972253
              ],
              [
                103.21091437,
                11.99731578
              ],
              [
                103.21273862,
                11.99673007
              ],
              [
                103.21554195,
                11.99582997
              ],
              [
                103.21832943,
                11.9932716
              ],
              [
                103.21973657,
                11.98994675
              ],
              [
                103.21883395,
                11.98675875
              ],
              [
                103.21839582,
                11.98302295
              ],
              [
                103.22019299,
                11.98011669
              ],
              [
                103.22072933,
                11.97924936
              ],
              [
                103.22567823,
                11.97564384
              ],
              [
                103.22841924,
                11.97447207
              ],
              [
                103.23231508,
                11.97280655
              ],
              [
                103.23449636,
                11.96872877
              ],
              [
                103.23222864,
                11.96242568
              ],
              [
                103.23486956,
                11.95865385
              ],
              [
                103.23166423,
                11.95454217
              ],
              [
                103.22952443,
                11.95225562
              ],
              [
                103.22969901,
                11.94907443
              ],
              [
                103.23097346,
                11.9424148
              ],
              [
                103.22792723,
                11.93932198
              ],
              [
                103.22704233,
                11.93592262
              ],
              [
                103.22525577,
                11.93053006
              ],
              [
                103.22605069,
                11.92975725
              ],
              [
                103.22869624,
                11.92718524
              ],
              [
                103.22928877,
                11.92660917
              ],
              [
                103.23186679,
                11.92232032
              ],
              [
                103.23192155,
                11.91386035
              ],
              [
                103.23193645,
                11.91155811
              ],
              [
                103.23959568,
                11.91017104
              ],
              [
                103.24337736,
                11.9074761
              ],
              [
                103.24508529,
                11.90625894
              ],
              [
                103.24677649,
                11.90274805
              ],
              [
                103.24692578,
                11.90270007
              ],
              [
                103.24774853,
                11.90264868
              ],
              [
                103.24880755,
                11.90264713
              ],
              [
                103.2493334,
                11.90252112
              ],
              [
                103.25003496,
                11.90228848
              ],
              [
                103.25047427,
                11.90201113
              ],
              [
                103.25076046,
                11.90173282
              ],
              [
                103.2514001,
                11.90091808
              ],
              [
                103.25140193,
                11.90091442
              ],
              [
                103.25140425,
                11.9009098
              ],
              [
                103.25142004,
                11.90087829
              ],
              [
                103.25165571,
                11.900408
              ],
              [
                103.25177681,
                11.90016634
              ],
              [
                103.25179003,
                11.90013649
              ],
              [
                103.25191,
                11.89986554
              ],
              [
                103.25298825,
                11.89888115
              ],
              [
                103.25364511,
                11.89846731
              ],
              [
                103.25427252,
                11.89815606
              ],
              [
                103.25650041,
                11.89617145
              ],
              [
                103.25972731,
                11.89522814
              ],
              [
                103.26350566,
                11.88879999
              ],
              [
                103.25363085,
                11.88012258
              ],
              [
                103.25224247,
                11.86935121
              ],
              [
                103.250144,
                11.85570538
              ],
              [
                103.24842697,
                11.8393712
              ],
              [
                103.24151652,
                11.83789338
              ],
              [
                103.24118673,
                11.83250995
              ],
              [
                103.24156821,
                11.82613481
              ],
              [
                103.24159446,
                11.82569607
              ],
              [
                103.24416654,
                11.82212441
              ],
              [
                103.25036197,
                11.82144515
              ],
              [
                103.25618641,
                11.82183976
              ],
              [
                103.2653065,
                11.8193843
              ],
              [
                103.26603864,
                11.81831684
              ],
              [
                103.26824691,
                11.8150971
              ],
              [
                103.26537424,
                11.80862182
              ],
              [
                103.25959079,
                11.80176997
              ],
              [
                103.26125103,
                11.79599442
              ],
              [
                103.26156376,
                11.79490648
              ],
              [
                103.26459323,
                11.79313553
              ],
              [
                103.26899881,
                11.79056005
              ],
              [
                103.26986302,
                11.7844405
              ],
              [
                103.27009075,
                11.77908433
              ],
              [
                103.2701111,
                11.77583165
              ],
              [
                103.27012307,
                11.77391831
              ],
              [
                103.27013982,
                11.77123963
              ],
              [
                103.27025979,
                11.77104925
              ],
              [
                103.27167487,
                11.77248883
              ],
              [
                103.27242845,
                11.77325545
              ],
              [
                103.27367375,
                11.7744021
              ],
              [
                103.27511924,
                11.77536427
              ],
              [
                103.27584344,
                11.77584633
              ],
              [
                103.27668772,
                11.77632847
              ],
              [
                103.27789584,
                11.77669355
              ],
              [
                103.27910546,
                11.77682011
              ],
              [
                103.28032026,
                11.7761119
              ],
              [
                103.28165462,
                11.77564292
              ],
              [
                103.2830353,
                11.77544215
              ],
              [
                103.28468198,
                11.77542265
              ],
              [
                103.28674033,
                11.77531578
              ],
              [
                103.28795437,
                11.77472679
              ],
              [
                103.28928576,
                11.77473479
              ],
              [
                103.29051728,
                11.77488493
              ],
              [
                103.29109982,
                11.77498419
              ],
              [
                103.29255888,
                11.77391961
              ],
              [
                103.293891,
                11.77380834
              ],
              [
                103.29425264,
                11.77404902
              ],
              [
                103.29502872,
                11.77348275
              ],
              [
                103.29656186,
                11.77251247
              ],
              [
                103.29849915,
                11.77240479
              ],
              [
                103.29928796,
                11.77269275
              ],
              [
                103.29982761,
                11.77288975
              ],
              [
                103.30079442,
                11.77313404
              ],
              [
                103.30137939,
                11.77281839
              ],
              [
                103.3018874,
                11.77254426
              ],
              [
                103.30262138,
                11.77188935
              ],
              [
                103.30274549,
                11.77189421
              ],
              [
                103.30640946,
                11.76937843
              ],
              [
                103.30896174,
                11.76762591
              ],
              [
                103.32134584,
                11.76698156
              ],
              [
                103.33047675,
                11.7623711
              ],
              [
                103.33145144,
                11.7598556
              ],
              [
                103.33269595,
                11.75664367
              ],
              [
                103.32837365,
                11.7500658
              ],
              [
                103.32562168,
                11.74678738
              ],
              [
                103.32554438,
                11.74661086
              ],
              [
                103.32182922,
                11.73812697
              ],
              [
                103.32262492,
                11.73553737
              ],
              [
                103.32433917,
                11.72995818
              ],
              [
                103.32806775,
                11.72369081
              ],
              [
                103.33155979,
                11.7188151
              ],
              [
                103.33163465,
                11.71871058
              ],
              [
                103.3334963,
                11.71599357
              ],
              [
                103.33702854,
                11.71677185
              ],
              [
                103.33916508,
                11.71951212
              ],
              [
                103.34068292,
                11.72285498
              ],
              [
                103.34359385,
                11.72469043
              ],
              [
                103.34683312,
                11.72304213
              ],
              [
                103.34990868,
                11.72305989
              ],
              [
                103.35312904,
                11.72459394
              ],
              [
                103.3563584,
                11.72461251
              ],
              [
                103.35663971,
                11.72435097
              ],
              [
                103.35976035,
                11.72144951
              ],
              [
                103.3605105,
                11.71984793
              ],
              [
                103.36120593,
                11.72018515
              ],
              [
                103.36236481,
                11.72037716
              ],
              [
                103.3638042,
                11.72084884
              ],
              [
                103.36446166,
                11.72100708
              ],
              [
                103.36574431,
                11.72147785
              ],
              [
                103.36643077,
                11.72192167
              ],
              [
                103.36680642,
                11.72213274
              ],
              [
                103.36784288,
                11.72266227
              ],
              [
                103.36821304,
                11.72285139
              ],
              [
                103.36842959,
                11.72334696
              ],
              [
                103.36917748,
                11.72412364
              ],
              [
                103.36927044,
                11.72430955
              ],
              [
                103.36929998,
                11.72461868
              ],
              [
                103.36898212,
                11.72535838
              ],
              [
                103.36891778,
                11.72563608
              ],
              [
                103.36904119,
                11.72597664
              ],
              [
                103.36929164,
                11.72603986
              ],
              [
                103.36966785,
                11.72604201
              ],
              [
                103.37004532,
                11.72599106
              ],
              [
                103.37046148,
                11.72585568
              ],
              [
                103.37080275,
                11.72573333
              ],
              [
                103.37095543,
                11.72567859
              ],
              [
                103.371262,
                11.72559655
              ],
              [
                103.37152066,
                11.72552733
              ],
              [
                103.37186707,
                11.72546729
              ],
              [
                103.37255634,
                11.72534784
              ],
              [
                103.37293437,
                11.72504103
              ],
              [
                103.37356338,
                11.72470474
              ],
              [
                103.37375348,
                11.72436596
              ],
              [
                103.37416267,
                11.72409022
              ],
              [
                103.37460249,
                11.72393824
              ],
              [
                103.37513582,
                11.72387948
              ],
              [
                103.37579564,
                11.72363605
              ],
              [
                103.37592213,
                11.72345139
              ],
              [
                103.37617601,
                11.72292759
              ],
              [
                103.37655421,
                11.72258988
              ],
              [
                103.37689961,
                11.72249915
              ],
              [
                103.37749564,
                11.72244073
              ],
              [
                103.37824969,
                11.72216694
              ],
              [
                103.37879131,
                11.72068698
              ],
              [
                103.37929688,
                11.72001012
              ],
              [
                103.37986408,
                11.71951898
              ],
              [
                103.38080712,
                11.71909177
              ],
              [
                103.38109596,
                11.71904322
              ],
              [
                103.38134062,
                11.7190021
              ],
              [
                103.38187485,
                11.71878884
              ],
              [
                103.38266095,
                11.71839163
              ],
              [
                103.38316328,
                11.71827088
              ],
              [
                103.38385335,
                11.71821299
              ],
              [
                103.38416848,
                11.7179367
              ],
              [
                103.38429513,
                11.71772114
              ],
              [
                103.38542555,
                11.71741855
              ],
              [
                103.38589491,
                11.71746073
              ],
              [
                103.38630247,
                11.71757798
              ],
              [
                103.38670967,
                11.71764207
              ],
              [
                103.38714768,
                11.71779902
              ],
              [
                103.38759384,
                11.71807733
              ],
              [
                103.38789759,
                11.7182358
              ],
              [
                103.38824227,
                11.71826864
              ],
              [
                103.38909142,
                11.71780997
              ],
              [
                103.38912842,
                11.71764444
              ],
              [
                103.389215,
                11.71761654
              ],
              [
                103.38943718,
                11.71765743
              ],
              [
                103.39009661,
                11.71747576
              ],
              [
                103.39093678,
                11.71737017
              ],
              [
                103.39150811,
                11.71736011
              ],
              [
                103.39175909,
                11.71733062
              ],
              [
                103.3931738,
                11.71665884
              ],
              [
                103.39464978,
                11.71623457
              ],
              [
                103.39468689,
                11.71619184
              ],
              [
                103.40691832,
                11.70901143
              ],
              [
                103.4071089,
                11.70857994
              ],
              [
                103.40723536,
                11.70839526
              ],
              [
                103.40751946,
                11.70805697
              ],
              [
                103.40824899,
                11.70657797
              ],
              [
                103.40863384,
                11.70506616
              ],
              [
                103.40901622,
                11.70398689
              ],
              [
                103.40864497,
                11.70311971
              ],
              [
                103.40854399,
                11.70314027
              ],
              [
                103.40808422,
                11.70249865
              ],
              [
                103.40780384,
                11.70218813
              ],
              [
                103.40766006,
                11.70192137
              ],
              [
                103.40797288,
                11.70173133
              ],
              [
                103.40571788,
                11.69493653
              ],
              [
                103.40458585,
                11.68918961
              ],
              [
                103.40424138,
                11.68153352
              ],
              [
                103.40485116,
                11.67675304
              ],
              [
                103.40646983,
                11.67304941
              ],
              [
                103.40670511,
                11.67251107
              ],
              [
                103.40729873,
                11.67115278
              ],
              [
                103.41302998,
                11.67239719
              ],
              [
                103.41553852,
                11.67509002
              ],
              [
                103.41714771,
                11.67757155
              ],
              [
                103.41675875,
                11.6780511
              ],
              [
                103.41688429,
                11.68008784
              ],
              [
                103.41744741,
                11.682282
              ],
              [
                103.41819536,
                11.68305855
              ],
              [
                103.41900776,
                11.68352649
              ],
              [
                103.41978969,
                11.68383976
              ],
              [
                103.4209182,
                11.68384598
              ],
              [
                103.4221118,
                11.68334899
              ],
              [
                103.42318289,
                11.68206597
              ],
              [
                103.42455235,
                11.68129611
              ],
              [
                103.42558457,
                11.68115227
              ],
              [
                103.42618992,
                11.68139479
              ],
              [
                103.42655191,
                11.68175556
              ],
              [
                103.42779642,
                11.68334442
              ],
              [
                103.42840899,
                11.68446004
              ],
              [
                103.42880616,
                11.68574623
              ],
              [
                103.42916171,
                11.68654516
              ],
              [
                103.42959449,
                11.68726512
              ],
              [
                103.43039373,
                11.68755653
              ],
              [
                103.43232146,
                11.6878541
              ],
              [
                103.43475109,
                11.68928316
              ],
              [
                103.4354756,
                11.6901676
              ],
              [
                103.43477628,
                11.69152721
              ],
              [
                103.43323928,
                11.69295399
              ],
              [
                103.43312048,
                11.69465761
              ],
              [
                103.43362327,
                11.69588026
              ],
              [
                103.43547301,
                11.69711026
              ],
              [
                103.43984776,
                11.69926295
              ],
              [
                103.44536241,
                11.7004889
              ],
              [
                103.44972323,
                11.70245493
              ],
              [
                103.45076084,
                11.7094321
              ],
              [
                103.46198584,
                11.70964416
              ],
              [
                103.46395483,
                11.71511076
              ],
              [
                103.46626073,
                11.71527468
              ],
              [
                103.46870455,
                11.71831889
              ],
              [
                103.47302467,
                11.71576551
              ],
              [
                103.47641455,
                11.71457111
              ],
              [
                103.47699267,
                11.71536556
              ],
              [
                103.47759579,
                11.71603853
              ],
              [
                103.4780769,
                11.71683044
              ],
              [
                103.47896229,
                11.71805776
              ],
              [
                103.47935386,
                11.71855947
              ],
              [
                103.4800533,
                11.71937647
              ],
              [
                103.48101998,
                11.72014705
              ],
              [
                103.48191525,
                11.72154753
              ],
              [
                103.48163917,
                11.72186151
              ],
              [
                103.48168293,
                11.72222224
              ],
              [
                103.48191082,
                11.72235864
              ],
              [
                103.48232211,
                11.72240589
              ],
              [
                103.48268693,
                11.72258807
              ],
              [
                103.48286836,
                11.72285941
              ],
              [
                103.48286565,
                11.72335509
              ],
              [
                103.48277174,
                11.72380523
              ],
              [
                103.48304388,
                11.72421224
              ],
              [
                103.48331677,
                11.72448406
              ],
              [
                103.48345198,
                11.72484528
              ],
              [
                103.48347413,
                11.7249195
              ],
              [
                103.4835867,
                11.72529663
              ],
              [
                103.48390507,
                11.72561376
              ],
              [
                103.48431513,
                11.72588631
              ],
              [
                103.48467996,
                11.7260685
              ],
              [
                103.48509126,
                11.72611574
              ],
              [
                103.48710103,
                11.72653194
              ],
              [
                103.48764853,
                11.72676016
              ],
              [
                103.48786452,
                11.72687774
              ],
              [
                103.48815005,
                11.72703319
              ],
              [
                103.48822706,
                11.72720255
              ],
              [
                103.48837599,
                11.72753008
              ],
              [
                103.48828184,
                11.72802527
              ],
              [
                103.48823341,
                11.72852071
              ],
              [
                103.48822973,
                11.72919664
              ],
              [
                103.48831775,
                11.72982799
              ],
              [
                103.48858918,
                11.73037018
              ],
              [
                103.48908948,
                11.73086852
              ],
              [
                103.48959224,
                11.73091624
              ],
              [
                103.49000477,
                11.73073817
              ],
              [
                103.49037084,
                11.73069504
              ],
              [
                103.49078533,
                11.73015647
              ],
              [
                103.49124398,
                11.72990541
              ],
              [
                103.49151917,
                11.72975477
              ],
              [
                103.49211388,
                11.72971285
              ],
              [
                103.49238702,
                11.7299396
              ],
              [
                103.49247456,
                11.73066107
              ],
              [
                103.49243119,
                11.73096902
              ],
              [
                103.49237943,
                11.73133652
              ],
              [
                103.49219358,
                11.7318763
              ],
              [
                103.49209846,
                11.73255175
              ],
              [
                103.49209479,
                11.73322768
              ],
              [
                103.49186321,
                11.73376722
              ],
              [
                103.49163212,
                11.73421663
              ],
              [
                103.4915832,
                11.73480219
              ],
              [
                103.49180964,
                11.73520896
              ],
              [
                103.49222046,
                11.73534631
              ],
              [
                103.49267604,
                11.73566416
              ],
              [
                103.49294772,
                11.73616129
              ],
              [
                103.49308074,
                11.73692806
              ],
              [
                103.49344388,
                11.73742567
              ],
              [
                103.49380776,
                11.7377881
              ],
              [
                103.49449174,
                11.73815221
              ],
              [
                103.49467172,
                11.73869392
              ],
              [
                103.49489547,
                11.73959636
              ],
              [
                103.49535179,
                11.73977902
              ],
              [
                103.4961917,
                11.73958505
              ],
              [
                103.49649649,
                11.73951466
              ],
              [
                103.49745754,
                11.73938453
              ],
              [
                103.49837212,
                11.73938934
              ],
              [
                103.49923903,
                11.7397544
              ],
              [
                103.49987705,
                11.74016332
              ],
              [
                103.50042263,
                11.74075201
              ],
              [
                103.5009242,
                11.74102502
              ],
              [
                103.50147198,
                11.74120815
              ],
              [
                103.50202147,
                11.74107584
              ],
              [
                103.50243401,
                11.74089775
              ],
              [
                103.50280106,
                11.74067436
              ],
              [
                103.50321311,
                11.74058639
              ],
              [
                103.50362468,
                11.74058854
              ],
              [
                103.50399003,
                11.74068059
              ],
              [
                103.50494841,
                11.74104611
              ],
              [
                103.50535828,
                11.7413637
              ],
              [
                103.50572315,
                11.74154586
              ],
              [
                103.50585815,
                11.74195214
              ],
              [
                103.50617559,
                11.7424495
              ],
              [
                103.50623909,
                11.74260378
              ],
              [
                103.50649158,
                11.74321723
              ],
              [
                103.50671804,
                11.74362399
              ],
              [
                103.50703255,
                11.74362563
              ],
              [
                103.50705333,
                11.74333253
              ],
              [
                103.50701666,
                11.74301064
              ],
              [
                103.507095,
                11.7427272
              ],
              [
                103.50719214,
                11.74251955
              ],
              [
                103.50770404,
                11.74235776
              ],
              [
                103.50777711,
                11.74227761
              ],
              [
                103.50787172,
                11.74169228
              ],
              [
                103.50787681,
                11.74074598
              ],
              [
                103.50833605,
                11.74038787
              ],
              [
                103.50943308,
                11.74048372
              ],
              [
                103.50950967,
                11.74050932
              ],
              [
                103.50970697,
                11.74057527
              ],
              [
                103.5098882,
                11.74089166
              ],
              [
                103.51034187,
                11.74156998
              ],
              [
                103.51075247,
                11.74175238
              ],
              [
                103.51180547,
                11.74153255
              ],
              [
                103.51225527,
                11.74150081
              ],
              [
                103.51257517,
                11.74141222
              ],
              [
                103.51320948,
                11.74130198
              ],
              [
                103.51338817,
                11.74149001
              ],
              [
                103.51345199,
                11.74149606
              ],
              [
                103.51386162,
                11.7418587
              ],
              [
                103.5142265,
                11.74204085
              ],
              [
                103.51440701,
                11.74249243
              ],
              [
                103.51444863,
                11.74325873
              ],
              [
                103.514626,
                11.74429611
              ],
              [
                103.51627393,
                11.74510364
              ],
              [
                103.51628519,
                11.74514328
              ],
              [
                103.51634791,
                11.74515933
              ],
              [
                103.51647024,
                11.74535636
              ],
              [
                103.51663892,
                11.7457594
              ],
              [
                103.51677984,
                11.74603135
              ],
              [
                103.51704373,
                11.74637876
              ],
              [
                103.51714935,
                11.74655432
              ],
              [
                103.51785032,
                11.74702007
              ],
              [
                103.51858282,
                11.74754139
              ],
              [
                103.51960448,
                11.7485057
              ],
              [
                103.51986118,
                11.74842286
              ],
              [
                103.52044188,
                11.74809853
              ],
              [
                103.52071811,
                11.74791291
              ],
              [
                103.52085164,
                11.74779202
              ],
              [
                103.52106978,
                11.74782121
              ],
              [
                103.52143938,
                11.747926
              ],
              [
                103.52179939,
                11.74804945
              ],
              [
                103.52251851,
                11.74846468
              ],
              [
                103.52297248,
                11.7487663
              ],
              [
                103.52339704,
                11.74924547
              ],
              [
                103.5236992,
                11.74953696
              ],
              [
                103.52419079,
                11.74990425
              ],
              [
                103.52459761,
                11.75014952
              ],
              [
                103.52496851,
                11.75001115
              ],
              [
                103.52564518,
                11.74969259
              ],
              [
                103.52608165,
                11.74951186
              ],
              [
                103.52643875,
                11.74949116
              ],
              [
                103.5268222,
                11.74946892
              ],
              [
                103.52694553,
                11.74947891
              ],
              [
                103.52702126,
                11.74951671
              ],
              [
                103.52736051,
                11.74997673
              ],
              [
                103.52731061,
                11.75068669
              ],
              [
                103.52727837,
                11.75114537
              ],
              [
                103.52731292,
                11.75150923
              ],
              [
                103.52724437,
                11.75215076
              ],
              [
                103.52718813,
                11.75267706
              ],
              [
                103.52696088,
                11.75366034
              ],
              [
                103.52694896,
                11.75371192
              ],
              [
                103.526894,
                11.75381819
              ],
              [
                103.5269654,
                11.75466963
              ],
              [
                103.52710212,
                11.75531532
              ],
              [
                103.52725351,
                11.75582147
              ],
              [
                103.52739494,
                11.7559999
              ],
              [
                103.52786551,
                11.7563137
              ],
              [
                103.52808542,
                11.75645238
              ],
              [
                103.52831261,
                11.75656578
              ],
              [
                103.52871865,
                11.75696068
              ],
              [
                103.52933553,
                11.7573853
              ],
              [
                103.52985393,
                11.75765861
              ],
              [
                103.52982471,
                11.75779875
              ],
              [
                103.52956499,
                11.75812126
              ],
              [
                103.52941361,
                11.75835778
              ],
              [
                103.52934677,
                11.75843225
              ],
              [
                103.52939363,
                11.75854472
              ],
              [
                103.52960115,
                11.75878896
              ],
              [
                103.52991902,
                11.75910545
              ],
              [
                103.5300638,
                11.75924961
              ],
              [
                103.53013004,
                11.75928736
              ],
              [
                103.53034898,
                11.75916691
              ],
              [
                103.5305487,
                11.75909312
              ],
              [
                103.53069764,
                11.7590134
              ],
              [
                103.53073908,
                11.75899122
              ],
              [
                103.53125235,
                11.75885358
              ],
              [
                103.53132828,
                11.75885397
              ],
              [
                103.53162083,
                11.75917346
              ],
              [
                103.5318175,
                11.75964176
              ],
              [
                103.53186788,
                11.75984483
              ],
              [
                103.53193952,
                11.75993265
              ],
              [
                103.53635089,
                11.76116803
              ],
              [
                103.54254138,
                11.76579249
              ],
              [
                103.55418514,
                11.76757406
              ],
              [
                103.56418793,
                11.78618715
              ],
              [
                103.57051688,
                11.79563804
              ],
              [
                103.57691826,
                11.80347411
              ],
              [
                103.58556727,
                11.81033966
              ],
              [
                103.58678382,
                11.81130531
              ],
              [
                103.58933751,
                11.80592812
              ],
              [
                103.59213654,
                11.80075217
              ],
              [
                103.59347486,
                11.79975151
              ],
              [
                103.59489929,
                11.79952486
              ],
              [
                103.59593571,
                11.7987011
              ],
              [
                103.59699464,
                11.7973541
              ],
              [
                103.5975907,
                11.79597032
              ],
              [
                103.60085908,
                11.79392884
              ],
              [
                103.60184428,
                11.79303958
              ],
              [
                103.60567824,
                11.78957888
              ],
              [
                103.60705041,
                11.78754533
              ],
              [
                103.6071169,
                11.78744678
              ],
              [
                103.60749883,
                11.78688075
              ],
              [
                103.60821585,
                11.78622245
              ],
              [
                103.60836456,
                11.78608592
              ],
              [
                103.6089939,
                11.78520243
              ],
              [
                103.60970449,
                11.7840216
              ],
              [
                103.61032992,
                11.78328956
              ],
              [
                103.61087265,
                11.78251629
              ],
              [
                103.61116669,
                11.7817418
              ],
              [
                103.61137618,
                11.7812936
              ],
              [
                103.61186135,
                11.78070211
              ],
              [
                103.61187664,
                11.78068346
              ],
              [
                103.61247653,
                11.78033971
              ],
              [
                103.61266487,
                11.77946512
              ],
              [
                103.61289625,
                11.77884241
              ],
              [
                103.61365319,
                11.77790099
              ],
              [
                103.61367304,
                11.77787438
              ],
              [
                103.61400626,
                11.77754929
              ],
              [
                103.6143795,
                11.77751027
              ],
              [
                103.61442933,
                11.77749269
              ],
              [
                103.61506008,
                11.77713739
              ],
              [
                103.6148976,
                11.77648338
              ],
              [
                103.61526757,
                11.7758027
              ],
              [
                103.61530035,
                11.77571786
              ],
              [
                103.61544985,
                11.7758336
              ],
              [
                103.61606165,
                11.77593731
              ],
              [
                103.61612909,
                11.77576273
              ],
              [
                103.61625344,
                11.77576333
              ],
              [
                103.61641821,
                11.77596832
              ],
              [
                103.61644792,
                11.77595872
              ],
              [
                103.61664398,
                11.77538885
              ],
              [
                103.61701859,
                11.77502337
              ],
              [
                103.61707399,
                11.77500343
              ],
              [
                103.61712792,
                11.77495081
              ],
              [
                103.61733128,
                11.77478851
              ],
              [
                103.6175592,
                11.77460662
              ],
              [
                103.61775147,
                11.77458629
              ],
              [
                103.61799934,
                11.77475085
              ],
              [
                103.61824904,
                11.77454787
              ],
              [
                103.61831605,
                11.77481759
              ],
              [
                103.61836971,
                11.77528354
              ],
              [
                103.61853632,
                11.775121
              ],
              [
                103.6186629,
                11.77467239
              ],
              [
                103.61874641,
                11.77455028
              ],
              [
                103.61895283,
                11.77471463
              ],
              [
                103.61899265,
                11.77504153
              ],
              [
                103.61886708,
                11.77528595
              ],
              [
                103.61886606,
                11.77549014
              ],
              [
                103.6189902,
                11.77553158
              ],
              [
                103.61923929,
                11.77545111
              ],
              [
                103.61961456,
                11.77500371
              ],
              [
                103.61986529,
                11.77459654
              ],
              [
                103.62019788,
                11.77439396
              ],
              [
                103.62061338,
                11.77419178
              ],
              [
                103.62073833,
                11.77406987
              ],
              [
                103.62090677,
                11.77353978
              ],
              [
                103.62128122,
                11.77325573
              ],
              [
                103.62157338,
                11.77284876
              ],
              [
                103.62165872,
                11.77235911
              ],
              [
                103.62182552,
                11.77215573
              ],
              [
                103.62227809,
                11.77228568
              ],
              [
                103.62269449,
                11.77244579
              ],
              [
                103.62298442,
                11.77248803
              ],
              [
                103.62335907,
                11.77216314
              ],
              [
                103.62377415,
                11.77204263
              ],
              [
                103.62398159,
                11.77200279
              ],
              [
                103.62418842,
                11.77208547
              ],
              [
                103.62468578,
                11.77208787
              ],
              [
                103.62497754,
                11.77176257
              ],
              [
                103.62498458,
                11.77173204
              ],
              [
                103.6253216,
                11.77202793
              ],
              [
                103.62534966,
                11.7720336
              ],
              [
                103.62516686,
                11.77158395
              ],
              [
                103.62475025,
                11.77101368
              ],
              [
                103.625172,
                11.77055078
              ],
              [
                103.62559272,
                11.7702945
              ],
              [
                103.62601318,
                11.77008989
              ],
              [
                103.62633033,
                11.76957482
              ],
              [
                103.62680527,
                11.76895718
              ],
              [
                103.62764696,
                11.76839297
              ],
              [
                103.62822523,
                11.76808579
              ],
              [
                103.62890809,
                11.76783078
              ],
              [
                103.62932855,
                11.76762616
              ],
              [
                103.62928124,
                11.76659272
              ],
              [
                103.62912728,
                11.7659204
              ],
              [
                103.62840391,
                11.76585093
              ],
              [
                103.63088829,
                11.76269005
              ],
              [
                103.63151672,
                11.76166934
              ],
              [
                103.63254636,
                11.75999696
              ],
              [
                103.63204202,
                11.75963183
              ],
              [
                103.63136403,
                11.75890534
              ],
              [
                103.63073668,
                11.75854071
              ],
              [
                103.63000193,
                11.75869216
              ],
              [
                103.62937024,
                11.75920573
              ],
              [
                103.62858382,
                11.75920195
              ],
              [
                103.62779894,
                11.75888821
              ],
              [
                103.62743502,
                11.75826654
              ],
              [
                103.62749051,
                11.75764688
              ],
              [
                103.62780764,
                11.7571318
              ],
              [
                103.62844009,
                11.75646326
              ],
              [
                103.62917612,
                11.75605351
              ],
              [
                103.62996151,
                11.75626393
              ],
              [
                103.63054051,
                11.75580176
              ],
              [
                103.63028195,
                11.75507728
              ],
              [
                103.62949605,
                11.75497018
              ],
              [
                103.62918277,
                11.75471038
              ],
              [
                103.62928992,
                11.75424595
              ],
              [
                103.62981649,
                11.75378354
              ],
              [
                103.6308149,
                11.75332338
              ],
              [
                103.63060723,
                11.7529091
              ],
              [
                103.6299799,
                11.75254447
              ],
              [
                103.62919273,
                11.75269567
              ],
              [
                103.62871936,
                11.75300336
              ],
              [
                103.62808896,
                11.75325863
              ],
              [
                103.62756572,
                11.75304947
              ],
              [
                103.62741074,
                11.75258379
              ],
              [
                103.62725653,
                11.75196312
              ],
              [
                103.62678904,
                11.75108265
              ],
              [
                103.62673995,
                11.75041083
              ],
              [
                103.62700617,
                11.74958554
              ],
              [
                103.62795163,
                11.74922847
              ],
              [
                103.62795419,
                11.74871188
              ],
              [
                103.62800891,
                11.7482472
              ],
              [
                103.62853598,
                11.74768146
              ],
              [
                103.62822449,
                11.74706004
              ],
              [
                103.62712407,
                11.74695143
              ],
              [
                103.62665403,
                11.74658755
              ],
              [
                103.62623796,
                11.74591397
              ],
              [
                103.62608452,
                11.74513832
              ],
              [
                103.62551015,
                11.74467062
              ],
              [
                103.62456931,
                11.74409782
              ],
              [
                103.62404789,
                11.74352705
              ],
              [
                103.62394714,
                11.7427
              ],
              [
                103.62405814,
                11.74146069
              ],
              [
                103.62359093,
                11.74052855
              ],
              [
                103.6235403,
                11.74016669
              ],
              [
                103.6238569,
                11.73975493
              ],
              [
                103.62438267,
                11.7394475
              ],
              [
                103.6251207,
                11.73862449
              ],
              [
                103.62543883,
                11.73790277
              ],
              [
                103.62549765,
                11.73661155
              ],
              [
                103.62529154,
                11.73588731
              ],
              [
                103.62456043,
                11.73531553
              ],
              [
                103.62351658,
                11.73438062
              ],
              [
                103.62315371,
                11.73355231
              ],
              [
                103.62211167,
                11.73225578
              ],
              [
                103.62201016,
                11.73158371
              ],
              [
                103.62217178,
                11.73070626
              ],
              [
                103.62233187,
                11.73013877
              ],
              [
                103.62254361,
                11.72972651
              ],
              [
                103.6230172,
                11.72936717
              ],
              [
                103.62369945,
                11.72921547
              ],
              [
                103.62406769,
                11.72895894
              ],
              [
                103.62485479,
                11.72880775
              ],
              [
                103.62590348,
                11.72876113
              ],
              [
                103.626799,
                11.7278872
              ],
              [
                103.62677123,
                11.72758931
              ],
              [
                103.62575644,
                11.72669401
              ],
              [
                103.6250274,
                11.72570895
              ],
              [
                103.62413854,
                11.72523974
              ],
              [
                103.62335631,
                11.72440941
              ],
              [
                103.62346499,
                11.72363503
              ],
              [
                103.62367877,
                11.72280949
              ],
              [
                103.62399765,
                11.7219328
              ],
              [
                103.62431524,
                11.7213144
              ],
              [
                103.62494812,
                11.72054254
              ],
              [
                103.62557896,
                11.72018394
              ],
              [
                103.62605176,
                11.71997957
              ],
              [
                103.62673272,
                11.72008616
              ],
              [
                103.62699584,
                11.71988078
              ],
              [
                103.6283654,
                11.71854418
              ],
              [
                103.62989119,
                11.71741496
              ],
              [
                103.63010392,
                11.71679605
              ],
              [
                103.63021512,
                11.71550507
              ],
              [
                103.63011512,
                11.71452304
              ],
              [
                103.62881304,
                11.71281201
              ],
              [
                103.62776721,
                11.7122904
              ],
              [
                103.62766441,
                11.71187662
              ],
              [
                103.62772065,
                11.71110198
              ],
              [
                103.6280909,
                11.71043217
              ],
              [
                103.62893341,
                11.7096613
              ],
              [
                103.62946014,
                11.70914722
              ],
              [
                103.62993623,
                11.70827127
              ],
              [
                103.63093777,
                11.70713952
              ],
              [
                103.63188308,
                11.70678241
              ],
              [
                103.63230471,
                11.70631948
              ],
              [
                103.63199376,
                11.70559475
              ],
              [
                103.6311571,
                11.70517747
              ],
              [
                103.63052809,
                11.70517446
              ],
              [
                103.6294777,
                11.70558273
              ],
              [
                103.62868813,
                11.70625053
              ],
              [
                103.62800517,
                11.70655723
              ],
              [
                103.62706113,
                11.70665602
              ],
              [
                103.62632856,
                11.70639421
              ],
              [
                103.62570184,
                11.70592626
              ],
              [
                103.62565249,
                11.7053061
              ],
              [
                103.62576344,
                11.70406678
              ],
              [
                103.62597617,
                11.70344788
              ],
              [
                103.62639959,
                11.70262334
              ],
              [
                103.62666372,
                11.70221132
              ],
              [
                103.6273459,
                11.70205961
              ],
              [
                103.62860417,
                11.70201397
              ],
              [
                103.63033393,
                11.70202224
              ],
              [
                103.63085886,
                11.70186977
              ],
              [
                103.63065351,
                11.70099056
              ],
              [
                103.63018786,
                11.69974848
              ],
              [
                103.62967158,
                11.69814454
              ],
              [
                103.62883368,
                11.69798555
              ],
              [
                103.62616096,
                11.69786943
              ],
              [
                103.62579583,
                11.69750606
              ],
              [
                103.624961,
                11.69672715
              ],
              [
                103.62438646,
                11.69631111
              ],
              [
                103.6238104,
                11.69620502
              ],
              [
                103.62339158,
                11.69609969
              ],
              [
                103.62307939,
                11.69563325
              ],
              [
                103.62271784,
                11.69454664
              ],
              [
                103.62230286,
                11.69366642
              ],
              [
                103.62199425,
                11.69247675
              ],
              [
                103.62199885,
                11.69154689
              ],
              [
                103.62247237,
                11.69118754
              ],
              [
                103.62284182,
                11.69067271
              ],
              [
                103.6232123,
                11.68995124
              ],
              [
                103.62358303,
                11.68917811
              ],
              [
                103.62390211,
                11.68824975
              ],
              [
                103.62395835,
                11.68747512
              ],
              [
                103.62418925,
                11.6868196
              ],
              [
                103.62371312,
                11.68650344
              ],
              [
                103.62302493,
                11.68613395
              ],
              [
                103.62085243,
                11.68539113
              ],
              [
                103.62042756,
                11.6854414
              ],
              [
                103.62016089,
                11.68570168
              ],
              [
                103.61994625,
                11.68617147
              ],
              [
                103.61962624,
                11.68648381
              ],
              [
                103.61920085,
                11.6866387
              ],
              [
                103.61882725,
                11.68705541
              ],
              [
                103.61845312,
                11.68757674
              ],
              [
                103.61771031,
                11.68752085
              ],
              [
                103.61744856,
                11.68678721
              ],
              [
                103.61745453,
                11.68558403
              ],
              [
                103.61751098,
                11.68490423
              ],
              [
                103.61804537,
                11.68417442
              ],
              [
                103.61836745,
                11.68344359
              ],
              [
                103.61826933,
                11.68182141
              ],
              [
                103.61806092,
                11.68103571
              ],
              [
                103.61822689,
                11.67967636
              ],
              [
                103.61817796,
                11.67883912
              ],
              [
                103.61786495,
                11.67773904
              ],
              [
                103.61744476,
                11.67684769
              ],
              [
                103.61734224,
                11.67611481
              ],
              [
                103.61755843,
                11.67533115
              ],
              [
                103.61772257,
                11.67433799
              ],
              [
                103.61799105,
                11.67371153
              ],
              [
                103.61820698,
                11.67298018
              ],
              [
                103.61799779,
                11.67235142
              ],
              [
                103.61746939,
                11.67187806
              ],
              [
                103.61651432,
                11.67182114
              ],
              [
                103.61598281,
                11.67197552
              ],
              [
                103.61486827,
                11.67197015
              ],
              [
                103.61386066,
                11.67180835
              ],
              [
                103.61259366,
                11.6704421
              ],
              [
                103.61164069,
                11.66996668
              ],
              [
                103.61058443,
                11.66891531
              ],
              [
                103.60979329,
                11.66791753
              ],
              [
                103.60905419,
                11.66712926
              ],
              [
                103.60836581,
                11.66681205
              ],
              [
                103.60767587,
                11.66680871
              ],
              [
                103.60714411,
                11.66701539
              ],
              [
                103.60624162,
                11.66706332
              ],
              [
                103.60587142,
                11.66679996
              ],
              [
                103.60576736,
                11.66638095
              ],
              [
                103.60577546,
                11.66475929
              ],
              [
                103.60615218,
                11.66371486
              ],
              [
                103.60652838,
                11.66277505
              ],
              [
                103.60716889,
                11.66204577
              ],
              [
                103.60754274,
                11.66157676
              ],
              [
                103.60780992,
                11.66121187
              ],
              [
                103.60786482,
                11.66084594
              ],
              [
                103.6077605,
                11.66047925
              ],
              [
                103.60728677,
                11.65969226
              ],
              [
                103.6065992,
                11.65921811
              ],
              [
                103.60628364,
                11.65864114
              ],
              [
                103.60575607,
                11.65801082
              ],
              [
                103.60512131,
                11.65758924
              ],
              [
                103.60453832,
                11.65742947
              ],
              [
                103.60363638,
                11.65737278
              ],
              [
                103.60225656,
                11.65736608
              ],
              [
                103.60135515,
                11.65720476
              ],
              [
                103.60055962,
                11.65709627
              ],
              [
                103.59965742,
                11.65709187
              ],
              [
                103.59801251,
                11.65703155
              ],
              [
                103.59700391,
                11.65707894
              ],
              [
                103.59620865,
                11.65691812
              ],
              [
                103.59557312,
                11.65665346
              ],
              [
                103.59467356,
                11.65612594
              ],
              [
                103.59244937,
                11.65517343
              ],
              [
                103.59176052,
                11.65496081
              ],
              [
                103.59053939,
                11.65505945
              ],
              [
                103.58968948,
                11.65521223
              ],
              [
                103.58894677,
                11.65515627
              ],
              [
                103.58815046,
                11.65520468
              ],
              [
                103.58751363,
                11.65520155
              ],
              [
                103.58714373,
                11.65488586
              ],
              [
                103.58698717,
                11.65436196
              ],
              [
                103.58688764,
                11.65305366
              ],
              [
                103.58668118,
                11.65190177
              ],
              [
                103.58636991,
                11.6504878
              ],
              [
                103.58568372,
                11.64975205
              ],
              [
                103.58504769,
                11.64959199
              ],
              [
                103.58409193,
                11.64969191
              ],
              [
                103.58313484,
                11.65005339
              ],
              [
                103.58233696,
                11.65041565
              ],
              [
                103.58159214,
                11.65077816
              ],
              [
                103.58068944,
                11.65087834
              ],
              [
                103.58021315,
                11.65061443
              ],
              [
                103.57978993,
                11.65035078
              ],
              [
                103.57920937,
                11.64972016
              ],
              [
                103.57894722,
                11.64909112
              ],
              [
                103.57879253,
                11.64820104
              ],
              [
                103.57879546,
                11.64762562
              ],
              [
                103.57863812,
                11.64725865
              ],
              [
                103.57821464,
                11.64704731
              ],
              [
                103.57768449,
                11.64694007
              ],
              [
                103.57646313,
                11.64709097
              ],
              [
                103.57598606,
                11.64698398
              ],
              [
                103.57524497,
                11.64661413
              ],
              [
                103.57460949,
                11.64634942
              ],
              [
                103.57397242,
                11.64639858
              ],
              [
                103.57333427,
                11.64665698
              ],
              [
                103.57269506,
                11.64712462
              ],
              [
                103.5717913,
                11.64743401
              ],
              [
                103.57131449,
                11.64727471
              ],
              [
                103.57099823,
                11.64685464
              ],
              [
                103.5709473,
                11.64643589
              ],
              [
                103.57089984,
                11.6453371
              ],
              [
                103.57101025,
                11.64450065
              ],
              [
                103.57101373,
                11.6438206
              ],
              [
                103.57059266,
                11.64313845
              ],
              [
                103.5700108,
                11.64276938
              ],
              [
                103.56937854,
                11.64187693
              ],
              [
                103.56954523,
                11.64041301
              ],
              [
                103.57019191,
                11.63848067
              ],
              [
                103.57003539,
                11.63795677
              ],
              [
                103.5697186,
                11.63764132
              ],
              [
                103.56920292,
                11.63752971
              ],
              [
                103.56897648,
                11.6374807
              ],
              [
                103.56807382,
                11.63758084
              ],
              [
                103.56732796,
                11.63815256
              ],
              [
                103.56663328,
                11.63909073
              ],
              [
                103.56628697,
                11.63947934
              ],
              [
                103.56585702,
                11.63959813
              ],
              [
                103.56397975,
                11.63657473
              ],
              [
                103.56166354,
                11.63397971
              ],
              [
                103.55599659,
                11.63179848
              ],
              [
                103.55336708,
                11.6335076
              ],
              [
                103.55311797,
                11.63415244
              ],
              [
                103.55159623,
                11.63809151
              ],
              [
                103.55139198,
                11.63822427
              ],
              [
                103.55078016,
                11.63862191
              ],
              [
                103.54896663,
                11.63980058
              ],
              [
                103.54741475,
                11.63983775
              ],
              [
                103.54401571,
                11.63991912
              ],
              [
                103.54112853,
                11.6351682
              ],
              [
                103.54138241,
                11.62987894
              ],
              [
                103.54303798,
                11.62696247
              ],
              [
                103.5434693,
                11.62620265
              ],
              [
                103.54365247,
                11.62569729
              ],
              [
                103.54402183,
                11.62497987
              ],
              [
                103.54458515,
                11.62465421
              ],
              [
                103.54499089,
                11.62453874
              ],
              [
                103.5452058,
                11.62447757
              ],
              [
                103.54561071,
                11.62443762
              ],
              [
                103.54643184,
                11.62444766
              ],
              [
                103.5464523,
                11.62444424
              ],
              [
                103.54748758,
                11.62427122
              ],
              [
                103.54775804,
                11.62440328
              ],
              [
                103.54818277,
                11.62461067
              ],
              [
                103.54888699,
                11.62453712
              ],
              [
                103.54918684,
                11.62423081
              ],
              [
                103.54958537,
                11.62442495
              ],
              [
                103.54970251,
                11.62369783
              ],
              [
                103.54965508,
                11.62330763
              ],
              [
                103.5500996,
                11.62293963
              ],
              [
                103.55060344,
                11.62255498
              ],
              [
                103.55109224,
                11.62241309
              ],
              [
                103.55146206,
                11.62198438
              ],
              [
                103.55153381,
                11.6214824
              ],
              [
                103.55117801,
                11.61990185
              ],
              [
                103.5511093,
                11.61911212
              ],
              [
                103.55053179,
                11.61817631
              ],
              [
                103.5501647,
                11.61777006
              ],
              [
                103.54978281,
                11.61780491
              ],
              [
                103.54978207,
                11.61780347
              ],
              [
                103.54912655,
                11.61753805
              ],
              [
                103.54839418,
                11.61701012
              ],
              [
                103.54869732,
                11.61585521
              ],
              [
                103.54896424,
                11.61558982
              ],
              [
                103.54906502,
                11.61548962
              ],
              [
                103.54907828,
                11.61547644
              ],
              [
                103.54912156,
                11.6154334
              ],
              [
                103.54953055,
                11.61502676
              ],
              [
                103.55026942,
                11.61504119
              ],
              [
                103.55069443,
                11.61487606
              ],
              [
                103.55142085,
                11.61516676
              ],
              [
                103.55203781,
                11.61550873
              ],
              [
                103.5523878,
                11.61545913
              ],
              [
                103.55260963,
                11.6154277
              ],
              [
                103.55275574,
                11.61537737
              ],
              [
                103.55309849,
                11.61525929
              ],
              [
                103.55311374,
                11.61525404
              ],
              [
                103.55416247,
                11.61489277
              ],
              [
                103.55428612,
                11.61485018
              ],
              [
                103.55464111,
                11.61485195
              ],
              [
                103.554943,
                11.61485347
              ],
              [
                103.55509592,
                11.6148696
              ],
              [
                103.55561162,
                11.614924
              ],
              [
                103.555782,
                11.61494198
              ],
              [
                103.55605188,
                11.61504644
              ],
              [
                103.55731758,
                11.61505277
              ],
              [
                103.5581168,
                11.61534381
              ],
              [
                103.55893288,
                11.61561653
              ],
              [
                103.55903679,
                11.61562947
              ],
              [
                103.55906822,
                11.61563561
              ],
              [
                103.55986229,
                11.61563958
              ],
              [
                103.56058982,
                11.61571497
              ],
              [
                103.56226217,
                11.61608212
              ],
              [
                103.56313418,
                11.61637351
              ],
              [
                103.56415215,
                11.61659387
              ],
              [
                103.56444184,
                11.61688236
              ],
              [
                103.5647319,
                11.61709909
              ],
              [
                103.56487455,
                11.6176739
              ],
              [
                103.56494003,
                11.61773911
              ],
              [
                103.56627412,
                11.6164519
              ],
              [
                103.5672721,
                11.61560557
              ],
              [
                103.56742143,
                11.61547893
              ],
              [
                103.5674336,
                11.61546197
              ],
              [
                103.56823796,
                11.61474834
              ],
              [
                103.56889564,
                11.61424926
              ],
              [
                103.5698452,
                11.6136081
              ],
              [
                103.57021062,
                11.61332286
              ],
              [
                103.57035875,
                11.61282126
              ],
              [
                103.57065284,
                11.61224861
              ],
              [
                103.57138366,
                11.61167812
              ],
              [
                103.57124137,
                11.61103155
              ],
              [
                103.57161226,
                11.60966989
              ],
              [
                103.57161846,
                11.60958998
              ],
              [
                103.57169016,
                11.6086656
              ],
              [
                103.57198205,
                11.60852352
              ],
              [
                103.57249157,
                11.60852604
              ],
              [
                103.57265838,
                11.60865896
              ],
              [
                103.57285405,
                11.60881488
              ],
              [
                103.57304033,
                11.6088158
              ],
              [
                103.57307242,
                11.60881596
              ],
              [
                103.57315526,
                11.60863466
              ],
              [
                103.57336686,
                11.60817155
              ],
              [
                103.5734422,
                11.60766958
              ],
              [
                103.57344298,
                11.60766862
              ],
              [
                103.57373518,
                11.60731221
              ],
              [
                103.57404685,
                11.60725236
              ],
              [
                103.57409949,
                11.60724225
              ],
              [
                103.57468398,
                11.60681456
              ],
              [
                103.57490454,
                11.60638507
              ],
              [
                103.57545028,
                11.60585238
              ],
              [
                103.57548976,
                11.60581385
              ],
              [
                103.57636613,
                11.60524407
              ],
              [
                103.57667149,
                11.60520259
              ],
              [
                103.57753165,
                11.604363
              ],
              [
                103.57765985,
                11.60423786
              ],
              [
                103.57912095,
                11.60281168
              ],
              [
                103.58363694,
                11.5975601
              ],
              [
                103.58096168,
                11.59582447
              ],
              [
                103.5788454,
                11.5944984
              ],
              [
                103.57563566,
                11.59350184
              ],
              [
                103.57506356,
                11.59148964
              ],
              [
                103.57667574,
                11.58934467
              ],
              [
                103.57756948,
                11.58533031
              ],
              [
                103.57700609,
                11.58159583
              ],
              [
                103.57542013,
                11.57857395
              ],
              [
                103.57368501,
                11.57626897
              ],
              [
                103.57297466,
                11.57282082
              ],
              [
                103.57435397,
                11.57099427
              ],
              [
                103.57502631,
                11.57010391
              ],
              [
                103.57606191,
                11.56680787
              ],
              [
                103.58129476,
                11.56826882
              ],
              [
                103.5847896,
                11.56799886
              ],
              [
                103.58887819,
                11.56543529
              ],
              [
                103.58942375,
                11.5649835
              ],
              [
                103.58972835,
                11.56473125
              ],
              [
                103.59055886,
                11.56404348
              ],
              [
                103.59321443,
                11.56184425
              ],
              [
                103.5947105,
                11.55831172
              ],
              [
                103.59499117,
                11.55852143
              ],
              [
                103.59571858,
                11.55859671
              ],
              [
                103.5978316,
                11.55810459
              ],
              [
                103.59899496,
                11.55832551
              ],
              [
                103.59935017,
                11.5557345
              ],
              [
                103.60026819,
                11.55556389
              ],
              [
                103.60244108,
                11.55133051
              ],
              [
                103.60536517,
                11.55058674
              ],
              [
                103.60580971,
                11.5494349
              ],
              [
                103.60723353,
                11.54574558
              ],
              [
                103.61775174,
                11.5463082
              ],
              [
                103.61968023,
                11.54641131
              ],
              [
                103.62401441,
                11.54366616
              ],
              [
                103.6243543,
                11.53699877
              ],
              [
                103.62531703,
                11.52866708
              ],
              [
                103.62966152,
                11.52019976
              ],
              [
                103.63229159,
                11.51806823
              ],
              [
                103.63590742,
                11.51513771
              ],
              [
                103.63836501,
                11.52347022
              ],
              [
                103.63884541,
                11.52607026
              ],
              [
                103.63899014,
                11.52632221
              ],
              [
                103.63999439,
                11.52807036
              ],
              [
                103.64010652,
                11.52822922
              ],
              [
                103.64111416,
                11.52965669
              ],
              [
                103.64225454,
                11.5314262
              ],
              [
                103.64335639,
                11.53179639
              ],
              [
                103.64415344,
                11.53227703
              ],
              [
                103.64551005,
                11.53359096
              ],
              [
                103.64603252,
                11.53457324
              ],
              [
                103.64602771,
                11.53465707
              ],
              [
                103.64600579,
                11.53503875
              ],
              [
                103.64600158,
                11.53511218
              ],
              [
                103.64615527,
                11.5358023
              ],
              [
                103.6459647,
                11.53669535
              ],
              [
                103.64578158,
                11.53755344
              ],
              [
                103.64570292,
                11.53833034
              ],
              [
                103.64570037,
                11.53835547
              ],
              [
                103.64573071,
                11.53847083
              ],
              [
                103.64602128,
                11.53958768
              ],
              [
                103.64600794,
                11.54055491
              ],
              [
                103.64600562,
                11.54072345
              ],
              [
                103.64587718,
                11.54116717
              ],
              [
                103.64560181,
                11.54211844
              ],
              [
                103.64575075,
                11.54269501
              ],
              [
                103.64587833,
                11.54318886
              ],
              [
                103.64610095,
                11.54329983
              ],
              [
                103.6465146,
                11.54350601
              ],
              [
                103.64667408,
                11.54366621
              ],
              [
                103.64720534,
                11.54419982
              ],
              [
                103.64723276,
                11.54425455
              ],
              [
                103.64723499,
                11.54491244
              ],
              [
                103.647018,
                11.5454923
              ],
              [
                103.64708837,
                11.54599499
              ],
              [
                103.64723992,
                11.54637378
              ],
              [
                103.6472407,
                11.54660265
              ],
              [
                103.64735505,
                11.54666154
              ],
              [
                103.64872336,
                11.54736615
              ],
              [
                103.64998255,
                11.54801455
              ],
              [
                103.6505162,
                11.54857459
              ],
              [
                103.65091281,
                11.54899082
              ],
              [
                103.65096997,
                11.54903226
              ],
              [
                103.65176628,
                11.54960959
              ],
              [
                103.65247705,
                11.54983979
              ],
              [
                103.65298414,
                11.55000403
              ],
              [
                103.65411097,
                11.55025902
              ],
              [
                103.65548306,
                11.55045977
              ],
              [
                103.65633913,
                11.5506516
              ],
              [
                103.65771301,
                11.55095946
              ],
              [
                103.65831066,
                11.55093969
              ],
              [
                103.65897193,
                11.55091781
              ],
              [
                103.65910396,
                11.55085674
              ],
              [
                103.65981618,
                11.55052729
              ],
              [
                103.66071677,
                11.55112365
              ],
              [
                103.6608353,
                11.55117053
              ],
              [
                103.66209582,
                11.5516691
              ],
              [
                103.66263353,
                11.55165728
              ],
              [
                103.66341285,
                11.55164014
              ],
              [
                103.66508826,
                11.55172549
              ],
              [
                103.66521755,
                11.55173208
              ],
              [
                103.66676886,
                11.55160246
              ],
              [
                103.66684543,
                11.55157857
              ],
              [
                103.66857092,
                11.55104
              ],
              [
                103.67005665,
                11.55144916
              ],
              [
                103.67044416,
                11.5518154
              ],
              [
                103.67075839,
                11.55211239
              ],
              [
                103.67153796,
                11.55219056
              ],
              [
                103.67213605,
                11.55250517
              ],
              [
                103.67230582,
                11.55259448
              ],
              [
                103.67352758,
                11.55323716
              ],
              [
                103.67486861,
                11.55281566
              ],
              [
                103.67500196,
                11.55277375
              ],
              [
                103.67599257,
                11.55190352
              ],
              [
                103.67709404,
                11.55156573
              ],
              [
                103.67740987,
                11.55166074
              ],
              [
                103.67810635,
                11.55197257
              ],
              [
                103.67914244,
                11.5524998
              ],
              [
                103.67977474,
                11.55307579
              ],
              [
                103.6811636,
                11.55404954
              ],
              [
                103.6820545,
                11.55421746
              ],
              [
                103.68318279,
                11.55435821
              ],
              [
                103.68414796,
                11.55436385
              ],
              [
                103.68426422,
                11.55436234
              ],
              [
                103.68543039,
                11.55434723
              ],
              [
                103.68639938,
                11.55430724
              ],
              [
                103.68799875,
                11.55407489
              ],
              [
                103.68909991,
                11.55364136
              ],
              [
                103.6912969,
                11.55231541
              ],
              [
                103.69157007,
                11.55217869
              ],
              [
                103.69167905,
                11.55212414
              ],
              [
                103.69275157,
                11.55158735
              ],
              [
                103.69478086,
                11.55042738
              ],
              [
                103.6953234,
                11.55011726
              ],
              [
                103.69701277,
                11.54925461
              ],
              [
                103.69775245,
                11.548704
              ],
              [
                103.69901389,
                11.54776497
              ],
              [
                103.69945097,
                11.54737898
              ],
              [
                103.70006756,
                11.54659594
              ],
              [
                103.70094485,
                11.54573867
              ],
              [
                103.70160083,
                11.54552631
              ],
              [
                103.70262168,
                11.54510027
              ],
              [
                103.70298391,
                11.54546072
              ],
              [
                103.70373558,
                11.54602191
              ],
              [
                103.70419867,
                11.54623963
              ],
              [
                103.70443549,
                11.54632841
              ],
              [
                103.70494295,
                11.54676127
              ],
              [
                103.70508686,
                11.54712075
              ],
              [
                103.70508423,
                11.54769487
              ],
              [
                103.70505188,
                11.5477454
              ],
              [
                103.70510659,
                11.54784195
              ],
              [
                103.70450473,
                11.54924634
              ],
              [
                103.70422876,
                11.55068835
              ],
              [
                103.70557808,
                11.55188467
              ],
              [
                103.70581743,
                11.55209687
              ],
              [
                103.70656997,
                11.55245866
              ],
              [
                103.70701351,
                11.5526955
              ],
              [
                103.70804888,
                11.55336472
              ],
              [
                103.71067093,
                11.55418899
              ],
              [
                103.71111651,
                11.55456296
              ],
              [
                103.71182298,
                11.5551559
              ],
              [
                103.71184403,
                11.55518251
              ],
              [
                103.71241869,
                11.55590898
              ],
              [
                103.71368491,
                11.55703801
              ],
              [
                103.71493765,
                11.55767541
              ],
              [
                103.71522492,
                11.55782158
              ],
              [
                103.7153476,
                11.55791316
              ],
              [
                103.71538591,
                11.55795886
              ],
              [
                103.71632526,
                11.55907953
              ],
              [
                103.71696018,
                11.56123309
              ],
              [
                103.71791133,
                11.5623699
              ],
              [
                103.71870604,
                11.56316437
              ],
              [
                103.71992576,
                11.56423103
              ],
              [
                103.72138429,
                11.56492688
              ],
              [
                103.72147205,
                11.56491718
              ],
              [
                103.72287824,
                11.56476168
              ],
              [
                103.723235,
                11.56496142
              ],
              [
                103.72481928,
                11.56584843
              ],
              [
                103.7249938,
                11.56594016
              ],
              [
                103.72603566,
                11.56648782
              ],
              [
                103.72694509,
                11.56702534
              ],
              [
                103.72800101,
                11.56764945
              ],
              [
                103.72805847,
                11.56768341
              ],
              [
                103.7287664,
                11.5686125
              ],
              [
                103.72910051,
                11.56905099
              ],
              [
                103.72963548,
                11.57083565
              ],
              [
                103.73256231,
                11.573199
              ],
              [
                103.7327245,
                11.57332996
              ],
              [
                103.73299306,
                11.57344363
              ],
              [
                103.73643819,
                11.57490177
              ],
              [
                103.7366638,
                11.57499726
              ],
              [
                103.74116188,
                11.57584528
              ],
              [
                103.74418126,
                11.57574537
              ],
              [
                103.74663033,
                11.57559211
              ],
              [
                103.74776134,
                11.57495957
              ],
              [
                103.74912918,
                11.5748129
              ],
              [
                103.75039717,
                11.57411426
              ],
              [
                103.75120922,
                11.57348146
              ],
              [
                103.75281811,
                11.57254581
              ],
              [
                103.75438423,
                11.57218621
              ],
              [
                103.75439808,
                11.57218303
              ],
              [
                103.7546235,
                11.57203102
              ],
              [
                103.75557552,
                11.57141354
              ],
              [
                103.75631318,
                11.57101133
              ],
              [
                103.75696651,
                11.57081578
              ],
              [
                103.75725875,
                11.57072831
              ],
              [
                103.75729547,
                11.57071732
              ],
              [
                103.75830284,
                11.57053727
              ],
              [
                103.7588534,
                11.57023253
              ],
              [
                103.76019329,
                11.56949089
              ],
              [
                103.7616321,
                11.56923031
              ],
              [
                103.76300809,
                11.56943737
              ],
              [
                103.76420142,
                11.56921981
              ],
              [
                103.76550872,
                11.5692785
              ],
              [
                103.76715102,
                11.56972854
              ],
              [
                103.7673186,
                11.569563
              ],
              [
                103.76789572,
                11.56899293
              ],
              [
                103.76862729,
                11.56827028
              ],
              [
                103.76890776,
                11.56799323
              ],
              [
                103.7691102,
                11.5671999
              ],
              [
                103.76912613,
                11.56713746
              ],
              [
                103.76910068,
                11.56614051
              ],
              [
                103.77000834,
                11.56525602
              ],
              [
                103.77029942,
                11.56495577
              ],
              [
                103.77097867,
                11.5642915
              ],
              [
                103.7717992,
                11.56363611
              ],
              [
                103.77189958,
                11.56363118
              ],
              [
                103.77197173,
                11.56370294
              ],
              [
                103.77269925,
                11.56377779
              ],
              [
                103.77320967,
                11.56356464
              ],
              [
                103.77372071,
                11.56320796
              ],
              [
                103.77423051,
                11.56313835
              ],
              [
                103.77437826,
                11.5626366
              ],
              [
                103.77405426,
                11.56236803
              ],
              [
                103.77408144,
                11.56189395
              ],
              [
                103.7747534,
                11.56123674
              ],
              [
                103.77550091,
                11.56064432
              ],
              [
                103.77575346,
                11.56044417
              ],
              [
                103.78075101,
                11.5578702
              ],
              [
                103.78269757,
                11.56571986
              ],
              [
                103.7832731,
                11.56661854
              ],
              [
                103.78383516,
                11.56717995
              ],
              [
                103.78392079,
                11.56726548
              ],
              [
                103.78455158,
                11.56724892
              ],
              [
                103.78513057,
                11.56774638
              ],
              [
                103.78517564,
                11.56774443
              ],
              [
                103.78706242,
                11.5676627
              ],
              [
                103.78708154,
                11.56766188
              ],
              [
                103.78727212,
                11.56786359
              ],
              [
                103.78767117,
                11.56828596
              ],
              [
                103.78830951,
                11.56946697
              ],
              [
                103.78833671,
                11.56951729
              ],
              [
                103.78806747,
                11.57026086
              ],
              [
                103.78789803,
                11.57072879
              ],
              [
                103.78970441,
                11.57059558
              ],
              [
                103.79039062,
                11.57088779
              ],
              [
                103.79054262,
                11.57189155
              ],
              [
                103.79051748,
                11.57269328
              ],
              [
                103.79052236,
                11.57297359
              ],
              [
                103.79079129,
                11.57378949
              ],
              [
                103.79086295,
                11.5740069
              ],
              [
                103.79097964,
                11.57412638
              ],
              [
                103.79131402,
                11.57446878
              ],
              [
                103.79209525,
                11.57459071
              ],
              [
                103.79371312,
                11.57514448
              ],
              [
                103.79421043,
                11.57565289
              ],
              [
                103.79431103,
                11.5758634
              ],
              [
                103.79448536,
                11.57622818
              ],
              [
                103.79455372,
                11.57634162
              ],
              [
                103.79481857,
                11.57678112
              ],
              [
                103.79577484,
                11.5769162
              ],
              [
                103.79642247,
                11.57638317
              ],
              [
                103.79730545,
                11.57683893
              ],
              [
                103.79845768,
                11.57764781
              ],
              [
                103.7986151,
                11.57779571
              ],
              [
                103.79898694,
                11.57795466
              ],
              [
                103.79942152,
                11.57845885
              ],
              [
                103.7994857,
                11.57898304
              ],
              [
                103.79952367,
                11.57904914
              ],
              [
                103.80007294,
                11.57932278
              ],
              [
                103.80050814,
                11.57968343
              ],
              [
                103.80057878,
                11.58018611
              ],
              [
                103.80050101,
                11.58023676
              ],
              [
                103.80035981,
                11.58032874
              ],
              [
                103.80021239,
                11.58075874
              ],
              [
                103.8003849,
                11.58098752
              ],
              [
                103.80042953,
                11.58104672
              ],
              [
                103.80049334,
                11.58143422
              ],
              [
                103.80088704,
                11.58213982
              ],
              [
                103.80109814,
                11.58235643
              ],
              [
                103.80190681,
                11.58318614
              ],
              [
                103.80310742,
                11.58442754
              ],
              [
                103.80312931,
                11.58449834
              ],
              [
                103.80338513,
                11.5853259
              ],
              [
                103.80387775,
                11.58691947
              ],
              [
                103.80404846,
                11.58709233
              ],
              [
                103.80474522,
                11.58779785
              ],
              [
                103.80523313,
                11.58931323
              ],
              [
                103.80540875,
                11.59014543
              ],
              [
                103.80557242,
                11.59092101
              ],
              [
                103.80557951,
                11.59095461
              ],
              [
                103.8060511,
                11.59172624
              ],
              [
                103.80626748,
                11.59189025
              ],
              [
                103.80725295,
                11.59263724
              ],
              [
                103.80748886,
                11.59281606
              ],
              [
                103.80772967,
                11.5929954
              ],
              [
                103.81734117,
                11.60041406
              ],
              [
                103.82342924,
                11.61391941
              ],
              [
                103.82775145,
                11.6162758
              ],
              [
                103.83236155,
                11.61641411
              ],
              [
                103.83428943,
                11.61965156
              ],
              [
                103.83916867,
                11.62188399
              ],
              [
                103.84737869,
                11.62329267
              ],
              [
                103.85192386,
                11.62450698
              ],
              [
                103.85698533,
                11.63301995
              ],
              [
                103.8678624,
                11.64382852
              ],
              [
                103.87034356,
                11.6484316
              ],
              [
                103.87406922,
                11.65673326
              ],
              [
                103.87407214,
                11.65673022
              ],
              [
                103.87945814,
                11.65114668
              ],
              [
                103.88180487,
                11.64694523
              ],
              [
                103.88300504,
                11.64501875
              ],
              [
                103.88454059,
                11.64255388
              ],
              [
                103.89095369,
                11.64104752
              ],
              [
                103.89431506,
                11.63702972
              ],
              [
                103.89513805,
                11.63621653
              ],
              [
                103.89972663,
                11.6318944
              ],
              [
                103.90081904,
                11.63039902
              ],
              [
                103.90265456,
                11.62788635
              ],
              [
                103.91256257,
                11.62620136
              ],
              [
                103.91917712,
                11.6205398
              ],
              [
                103.92336871,
                11.61672497
              ],
              [
                103.92441297,
                11.61577455
              ],
              [
                103.92685889,
                11.61075959
              ],
              [
                103.92941236,
                11.60933362
              ],
              [
                103.92980919,
                11.6007224
              ],
              [
                103.93091708,
                11.59653978
              ],
              [
                103.93456869,
                11.59344311
              ],
              [
                103.93519027,
                11.58949791
              ],
              [
                103.93703342,
                11.5833442
              ],
              [
                103.93798735,
                11.58155773
              ],
              [
                103.93996587,
                11.57785238
              ],
              [
                103.94369033,
                11.57716328
              ],
              [
                103.94567192,
                11.57679662
              ],
              [
                103.94726395,
                11.57143713
              ],
              [
                103.94958894,
                11.56748037
              ],
              [
                103.9570007,
                11.56439697
              ],
              [
                103.96368047,
                11.56238735
              ],
              [
                103.9664834,
                11.55892831
              ],
              [
                103.96906199,
                11.55732874
              ],
              [
                103.97146856,
                11.55583585
              ],
              [
                103.97165809,
                11.55300886
              ],
              [
                103.97172514,
                11.55200884
              ],
              [
                103.97088688,
                11.5490153
              ],
              [
                103.97549572,
                11.54927085
              ],
              [
                103.97876716,
                11.55035899
              ],
              [
                103.98033294,
                11.55347469
              ],
              [
                103.98311143,
                11.55671427
              ],
              [
                103.98577298,
                11.55875718
              ],
              [
                103.99013254,
                11.56092562
              ],
              [
                103.99632601,
                11.56327677
              ],
              [
                103.99649301,
                11.56334017
              ],
              [
                104.00170322,
                11.56515251
              ],
              [
                104.00472219,
                11.56911048
              ],
              [
                104.00848969,
                11.57337405
              ],
              [
                104.01105517,
                11.57700916
              ],
              [
                104.01172683,
                11.57796084
              ],
              [
                104.0129886,
                11.57974863
              ],
              [
                104.01845533,
                11.58385598
              ],
              [
                104.02172636,
                11.57906054
              ],
              [
                104.02367033,
                11.57209473
              ],
              [
                104.0238862,
                11.52944276
              ],
              [
                104.02401498,
                11.50394139
              ],
              [
                104.02401794,
                11.50335553
              ],
              [
                104.02459498,
                11.5019412
              ],
              [
                104.025185,
                11.5012469
              ],
              [
                104.02629063,
                11.50075214
              ],
              [
                104.02803711,
                11.50027985
              ],
              [
                104.02916797,
                11.5002791
              ],
              [
                104.0304864,
                11.50022359
              ],
              [
                104.03219435,
                11.49924009
              ],
              [
                104.0336991,
                11.49790232
              ],
              [
                104.03489018,
                11.4968292
              ],
              [
                104.03668955,
                11.49545166
              ],
              [
                104.03868823,
                11.49460601
              ],
              [
                104.04052156,
                11.49444476
              ],
              [
                104.04162096,
                11.49484512
              ],
              [
                104.04568991,
                11.49774641
              ],
              [
                104.04737101,
                11.49761853
              ],
              [
                104.04936312,
                11.4971051
              ],
              [
                104.05258193,
                11.49585754
              ],
              [
                104.05332624,
                11.49535471
              ],
              [
                104.05552256,
                11.49158546
              ],
              [
                104.05819131,
                11.48633248
              ],
              [
                104.05941361,
                11.48298098
              ],
              [
                104.06109651,
                11.47677824
              ],
              [
                104.06262951,
                11.47235345
              ],
              [
                104.0643752,
                11.46247894
              ],
              [
                104.0646612,
                11.45861529
              ],
              [
                104.06344076,
                11.45550414
              ],
              [
                104.06128088,
                11.45391251
              ],
              [
                104.05818685,
                11.45301639
              ],
              [
                104.05479987,
                11.45218259
              ],
              [
                104.0529619,
                11.45141256
              ],
              [
                104.05098167,
                11.45018087
              ],
              [
                104.04987892,
                11.44936799
              ],
              [
                104.04899073,
                11.4489028
              ],
              [
                104.04804195,
                11.44796608
              ],
              [
                104.04789831,
                11.44619595
              ],
              [
                104.0477829,
                11.44363037
              ],
              [
                104.04776993,
                11.44287539
              ],
              [
                104.04695981,
                11.44082801
              ],
              [
                104.04520145,
                11.438981
              ],
              [
                104.04186721,
                11.43581653
              ],
              [
                104.0412882,
                11.43473858
              ],
              [
                104.04127809,
                11.43289048
              ],
              [
                104.04386872,
                11.42920847
              ],
              [
                104.04454297,
                11.42870429
              ],
              [
                104.04481684,
                11.42724029
              ],
              [
                104.04437516,
                11.42424691
              ],
              [
                104.0438866,
                11.42037615
              ],
              [
                104.04376101,
                11.41878209
              ],
              [
                104.04391732,
                11.41661669
              ],
              [
                104.04400952,
                11.41565306
              ],
              [
                104.04465113,
                11.41385116
              ],
              [
                104.04556287,
                11.41195067
              ],
              [
                104.04717883,
                11.40921491
              ],
              [
                104.05099648,
                11.4052622
              ],
              [
                104.05110099,
                11.40518228
              ],
              [
                104.05481885,
                11.40233901
              ],
              [
                104.05452359,
                11.40058176
              ],
              [
                104.05333545,
                11.3996192
              ],
              [
                104.04945748,
                11.39994933
              ],
              [
                104.04508059,
                11.40352392
              ],
              [
                104.0421626,
                11.40590694
              ],
              [
                104.03891053,
                11.40666192
              ],
              [
                104.0355621,
                11.40722515
              ],
              [
                104.03177618,
                11.40807399
              ],
              [
                104.02566615,
                11.40776668
              ],
              [
                104.0205771,
                11.40674489
              ],
              [
                104.01709352,
                11.40429289
              ],
              [
                104.01332742,
                11.39939956
              ],
              [
                104.01028643,
                11.39522637
              ],
              [
                104.00561976,
                11.39137066
              ],
              [
                104.00048367,
                11.38656824
              ],
              [
                103.99504677,
                11.3811666
              ],
              [
                103.99113393,
                11.37337761
              ],
              [
                103.98813051,
                11.3655917
              ],
              [
                103.98664153,
                11.35811004
              ],
              [
                103.98940178,
                11.34884859
              ],
              [
                103.98823481,
                11.33598492
              ],
              [
                103.98255093,
                11.31503106
              ],
              [
                103.98147217,
                11.30338626
              ],
              [
                103.98031435,
                11.29697396
              ],
              [
                103.98443095,
                11.2889883
              ],
              [
                103.98702197,
                11.28442236
              ],
              [
                103.98857354,
                11.27396044
              ],
              [
                103.98708796,
                11.2655816
              ],
              [
                103.99107138,
                11.2527354
              ],
              [
                103.99257508,
                11.25109117
              ],
              [
                103.99897826,
                11.24408924
              ],
              [
                104.00686214,
                11.24202219
              ],
              [
                104.00753192,
                11.24176604
              ],
              [
                104.01383911,
                11.23935379
              ],
              [
                104.02021816,
                11.23429071
              ],
              [
                104.02538002,
                11.23068374
              ],
              [
                104.02711803,
                11.22946922
              ],
              [
                104.02714521,
                11.2275681
              ],
              [
                104.02780915,
                11.22637348
              ],
              [
                104.02858336,
                11.22507818
              ],
              [
                104.02805729,
                11.22022478
              ],
              [
                104.02772945,
                11.21680238
              ],
              [
                104.02638581,
                11.21277852
              ],
              [
                104.02406837,
                11.21009131
              ],
              [
                104.02291674,
                11.20664228
              ],
              [
                104.02494295,
                11.20172984
              ],
              [
                104.02959993,
                11.20045303
              ],
              [
                104.03541481,
                11.20075896
              ],
              [
                104.04210586,
                11.19991918
              ],
              [
                104.04604941,
                11.19447676
              ],
              [
                104.04577602,
                11.18916441
              ],
              [
                104.04328022,
                11.18659835
              ],
              [
                104.0420492,
                11.18540191
              ],
              [
                104.03953574,
                11.18520325
              ],
              [
                104.0349796,
                11.18537999
              ],
              [
                104.03226093,
                11.18680673
              ],
              [
                104.02877096,
                11.18698683
              ],
              [
                104.02392179,
                11.18783235
              ],
              [
                104.01946512,
                11.18724357
              ],
              [
                104.0179185,
                11.18599437
              ],
              [
                104.01715149,
                11.18350361
              ],
              [
                104.01569956,
                11.18292462
              ],
              [
                104.0127873,
                11.18425485
              ],
              [
                104.00890837,
                11.18481623
              ],
              [
                104.0040628,
                11.18460874
              ],
              [
                104.00086856,
                11.18335397
              ],
              [
                103.99835314,
                11.18200574
              ],
              [
                103.99593369,
                11.18094492
              ],
              [
                103.99371139,
                11.17892773
              ],
              [
                103.99109946,
                11.17748342
              ],
              [
                103.98916865,
                11.17527579
              ],
              [
                103.98665236,
                11.17421457
              ],
              [
                103.98321268,
                11.17436541
              ],
              [
                103.97856452,
                11.17320118
              ],
              [
                103.97464583,
                11.17132162
              ],
              [
                103.97232785,
                11.16901687
              ],
              [
                103.96810431,
                11.1711556
              ],
              [
                103.96330428,
                11.17185678
              ],
              [
                103.96025645,
                11.17041071
              ],
              [
                103.95793809,
                11.1682494
              ],
              [
                103.95458725,
                11.17024742
              ],
              [
                103.9509061,
                11.17314993
              ],
              [
                103.9486211,
                11.17180558
              ],
              [
                103.94615901,
                11.16921304
              ],
              [
                103.94265387,
                11.17365072
              ],
              [
                103.9400428,
                11.17206244
              ],
              [
                103.93743071,
                11.17076124
              ],
              [
                103.93365354,
                11.17003007
              ],
              [
                103.92958038,
                11.17073328
              ],
              [
                103.92536183,
                11.17143592
              ],
              [
                103.92173485,
                11.1694132
              ],
              [
                103.91752695,
                11.1672448
              ],
              [
                103.91433993,
                11.16421875
              ],
              [
                103.91085261,
                11.16377545
              ],
              [
                103.90532418,
                11.16490369
              ],
              [
                103.90125376,
                11.16488879
              ],
              [
                103.89566947,
                11.164198
              ],
              [
                103.88569926,
                11.16260844
              ],
              [
                103.88509917,
                11.1636585
              ],
              [
                103.88489521,
                11.16461509
              ],
              [
                103.88543855,
                11.16576209
              ],
              [
                103.88474232,
                11.16628395
              ],
              [
                103.88376999,
                11.16551852
              ],
              [
                103.88356079,
                11.16372511
              ],
              [
                103.88254293,
                11.16312001
              ],
              [
                103.88253531,
                11.16376424
              ],
              [
                103.88221588,
                11.16490576
              ],
              [
                103.88183497,
                11.16581506
              ],
              [
                103.88112586,
                11.16782347
              ],
              [
                103.8817922,
                11.17002887
              ],
              [
                103.88204916,
                11.1720519
              ],
              [
                103.88134388,
                11.17298853
              ],
              [
                103.88012406,
                11.17369718
              ],
              [
                103.87834156,
                11.17390187
              ],
              [
                103.87768076,
                11.17450409
              ],
              [
                103.87759144,
                11.17711696
              ],
              [
                103.877345,
                11.17876398
              ],
              [
                103.87646244,
                11.1793552
              ],
              [
                103.87477574,
                11.17994
              ],
              [
                103.8740144,
                11.18130251
              ],
              [
                103.87489819,
                11.18477239
              ],
              [
                103.87460094,
                11.18578626
              ],
              [
                103.8741293,
                11.18682434
              ],
              [
                103.87359032,
                11.18921217
              ],
              [
                103.87318102,
                11.19135001
              ],
              [
                103.87249494,
                11.19420905
              ],
              [
                103.87183827,
                11.19550187
              ],
              [
                103.87145932,
                11.19647021
              ],
              [
                103.87095424,
                11.19778508
              ],
              [
                103.87001746,
                11.19905535
              ],
              [
                103.86970877,
                11.200059
              ],
              [
                103.86944384,
                11.20062426
              ],
              [
                103.86881369,
                11.20053485
              ],
              [
                103.86860988,
                11.20150272
              ],
              [
                103.86899152,
                11.20293961
              ],
              [
                103.86869396,
                11.20387322
              ],
              [
                103.8690021,
                11.20471079
              ],
              [
                103.86847446,
                11.20615215
              ],
              [
                103.86575745,
                11.20800792
              ],
              [
                103.8636112,
                11.20983758
              ],
              [
                103.86318489,
                11.21068027
              ],
              [
                103.86371906,
                11.21226581
              ],
              [
                103.86294315,
                11.21314447
              ],
              [
                103.8608824,
                11.21366218
              ],
              [
                103.85973518,
                11.21485363
              ],
              [
                103.85743317,
                11.21791463
              ],
              [
                103.85579435,
                11.21877526
              ],
              [
                103.85338036,
                11.22067501
              ],
              [
                103.85182136,
                11.22124771
              ],
              [
                103.84820568,
                11.22280397
              ],
              [
                103.8425615,
                11.22529414
              ],
              [
                103.84011222,
                11.22784071
              ],
              [
                103.83738889,
                11.23012681
              ],
              [
                103.83272836,
                11.23202251
              ],
              [
                103.82773623,
                11.23135802
              ],
              [
                103.82382589,
                11.22815967
              ],
              [
                103.82112614,
                11.22460826
              ],
              [
                103.81706124,
                11.22306103
              ],
              [
                103.81221195,
                11.22371162
              ],
              [
                103.80736383,
                11.22407504
              ],
              [
                103.80348028,
                11.2255906
              ],
              [
                103.80017671,
                11.22749122
              ],
              [
                103.795319,
                11.23015108
              ],
              [
                103.78949507,
                11.23204137
              ],
              [
                103.78560894,
                11.23413083
              ],
              [
                103.78306138,
                11.24062765
              ],
              [
                103.77973929,
                11.24861917
              ],
              [
                103.77949998,
                11.25764663
              ],
              [
                103.77811131,
                11.26510506
              ],
              [
                103.77516654,
                11.27370538
              ],
              [
                103.77397803,
                11.27963349
              ],
              [
                103.77127764,
                11.2858449
              ],
              [
                103.77003246,
                11.2955023
              ],
              [
                103.77057504,
                11.30469113
              ],
              [
                103.77034766,
                11.31253705
              ],
              [
                103.77050156,
                11.32191565
              ],
              [
                103.77065544,
                11.33129424
              ],
              [
                103.77257434,
                11.33608688
              ],
              [
                103.77216849,
                11.3402957
              ],
              [
                103.77019963,
                11.34717742
              ],
              [
                103.76784442,
                11.35367473
              ],
              [
                103.76388339,
                11.35645648
              ],
              [
                103.76008657,
                11.35364221
              ],
              [
                103.75876204,
                11.34598122
              ],
              [
                103.75702982,
                11.34291175
              ],
              [
                103.75647366,
                11.33697646
              ],
              [
                103.75639071,
                11.32614711
              ],
              [
                103.75614901,
                11.31673604
              ],
              [
                103.75550333,
                11.29616648
              ],
              [
                103.7521162,
                11.29638432
              ],
              [
                103.74989329,
                11.30594424
              ],
              [
                103.74864499,
                11.31431208
              ],
              [
                103.74554048,
                11.32142957
              ],
              [
                103.74491352,
                11.32345338
              ],
              [
                103.74321052,
                11.3245775
              ],
              [
                103.73693004,
                11.32510114
              ],
              [
                103.73224893,
                11.32457025
              ],
              [
                103.72931358,
                11.32414286
              ],
              [
                103.72391641,
                11.32446432
              ],
              [
                103.71733212,
                11.32261449
              ],
              [
                103.71289033,
                11.31986683
              ],
              [
                103.70968882,
                11.31454775
              ],
              [
                103.71123766,
                11.30838248
              ],
              [
                103.71525355,
                11.30653847
              ],
              [
                103.72124173,
                11.30686755
              ],
              [
                103.7264674,
                11.30598061
              ],
              [
                103.72771006,
                11.30280286
              ],
              [
                103.72712049,
                11.297192
              ],
              [
                103.72575908,
                11.29248729
              ],
              [
                103.72038882,
                11.29140312
              ],
              [
                103.7167673,
                11.28812275
              ],
              [
                103.71272869,
                11.2806413
              ],
              [
                103.70732964,
                11.27391942
              ],
              [
                103.70425486,
                11.26778176
              ],
              [
                103.70078814,
                11.26259928
              ],
              [
                103.69905784,
                11.25933821
              ],
              [
                103.70352217,
                11.25820941
              ],
              [
                103.70198316,
                11.25552334
              ],
              [
                103.70024944,
                11.25302779
              ],
              [
                103.69677951,
                11.2486108
              ],
              [
                103.6946702,
                11.24343423
              ],
              [
                103.68788833,
                11.24263888
              ],
              [
                103.67877579,
                11.24278995
              ],
              [
                103.67490199,
                11.2420072
              ],
              [
                103.65129399,
                11.22619929
              ],
              [
                103.63931253,
                11.22864151
              ],
              [
                103.62746856,
                11.23260613
              ],
              [
                103.60748055,
                11.23691502
              ],
              [
                103.59039345,
                11.24257587
              ],
              [
                103.55031465,
                11.25357205
              ],
              [
                103.54959846,
                11.25941195
              ],
              [
                103.55319279,
                11.26756277
              ],
              [
                103.55824616,
                11.27476379
              ],
              [
                103.56646577,
                11.27887027
              ],
              [
                103.57278851,
                11.28165734
              ],
              [
                103.58389863,
                11.28230302
              ],
              [
                103.59284015,
                11.28760837
              ],
              [
                103.59742176,
                11.29241445
              ],
              [
                103.60274337,
                11.29459256
              ],
              [
                103.60442606,
                11.29747111
              ],
              [
                103.60439135,
                11.30464752
              ],
              [
                103.6017055,
                11.30870157
              ],
              [
                103.60165442,
                11.31922695
              ],
              [
                103.60149232,
                11.31975655
              ],
              [
                103.59734393,
                11.33330843
              ],
              [
                103.59162493,
                11.3524562
              ],
              [
                103.58543297,
                11.35263656
              ],
              [
                103.58003699,
                11.35279362
              ],
              [
                103.57538266,
                11.35277117
              ],
              [
                103.57246228,
                11.35505351
              ],
              [
                103.56857983,
                11.35580018
              ],
              [
                103.56436167,
                11.35383082
              ],
              [
                103.56170232,
                11.35238258
              ],
              [
                103.55974323,
                11.35632004
              ],
              [
                103.55525315,
                11.35737454
              ],
              [
                103.5532879,
                11.36250798
              ],
              [
                103.54624322,
                11.36534386
              ],
              [
                103.54366743,
                11.37131144
              ],
              [
                103.5388745,
                11.37405532
              ],
              [
                103.53684167,
                11.37869315
              ],
              [
                103.53150084,
                11.38010181
              ],
              [
                103.53462613,
                11.38526043
              ],
              [
                103.5268608,
                11.3866569
              ],
              [
                103.52292294,
                11.39740941
              ],
              [
                103.51737666,
                11.41223278
              ],
              [
                103.51436591,
                11.4311264
              ],
              [
                103.51454564,
                11.43133414
              ],
              [
                103.5150456,
                11.4316791
              ],
              [
                103.51554446,
                11.43262075
              ],
              [
                103.51583471,
                11.43303471
              ],
              [
                103.51638061,
                11.43368955
              ],
              [
                103.51693901,
                11.43397716
              ],
              [
                103.51746271,
                11.43421827
              ],
              [
                103.51799794,
                11.43439162
              ],
              [
                103.51841701,
                11.43459829
              ],
              [
                103.51890515,
                11.43506976
              ],
              [
                103.51914892,
                11.43539081
              ],
              [
                103.51907639,
                11.43661887
              ],
              [
                103.51906261,
                11.43761669
              ],
              [
                103.51908435,
                11.43828243
              ],
              [
                103.51914134,
                11.43888959
              ],
              [
                103.51902431,
                11.43919978
              ],
              [
                103.51870851,
                11.43984121
              ],
              [
                103.51857912,
                11.44038075
              ],
              [
                103.51848434,
                11.44114875
              ],
              [
                103.51844789,
                11.44176786
              ],
              [
                103.51845873,
                11.44227308
              ],
              [
                103.51853905,
                11.44274361
              ],
              [
                103.51862628,
                11.44297815
              ],
              [
                103.5185276,
                11.44319526
              ],
              [
                103.51827838,
                11.44374357
              ],
              [
                103.51799661,
                11.44510957
              ],
              [
                103.51764648,
                11.44552255
              ],
              [
                103.51713315,
                11.4459234
              ],
              [
                103.51681836,
                11.44609584
              ],
              [
                103.51567434,
                11.44738062
              ],
              [
                103.51524276,
                11.44775815
              ],
              [
                103.51449656,
                11.44799846
              ],
              [
                103.51382111,
                11.44796339
              ],
              [
                103.51274225,
                11.44817018
              ],
              [
                103.51233303,
                11.45308631
              ],
              [
                103.51229734,
                11.45351513
              ],
              [
                103.51229877,
                11.45364694
              ],
              [
                103.51240104,
                11.46306406
              ],
              [
                103.51475803,
                11.47287498
              ],
              [
                103.51607638,
                11.47860916
              ],
              [
                103.51799351,
                11.48302032
              ],
              [
                103.51893861,
                11.48780928
              ],
              [
                103.51814154,
                11.49182392
              ],
              [
                103.51432904,
                11.49221082
              ],
              [
                103.51095879,
                11.49255279
              ],
              [
                103.50939054,
                11.49560662
              ],
              [
                103.5094747,
                11.49583862
              ],
              [
                103.50985398,
                11.49688418
              ],
              [
                103.5102152,
                11.49787995
              ],
              [
                103.51168564,
                11.50193341
              ],
              [
                103.51170368,
                11.50196749
              ],
              [
                103.51327272,
                11.50497266
              ],
              [
                103.51399346,
                11.50632032
              ],
              [
                103.51405554,
                11.50641085
              ],
              [
                103.51500636,
                11.5082067
              ],
              [
                103.5150175,
                11.50823481
              ],
              [
                103.51504454,
                11.50828539
              ],
              [
                103.51505164,
                11.50829216
              ],
              [
                103.51505731,
                11.50830287
              ],
              [
                103.51506095,
                11.50831583
              ],
              [
                103.51507978,
                11.50835107
              ],
              [
                103.51508874,
                11.50836222
              ],
              [
                103.51512115,
                11.50842344
              ],
              [
                103.51512538,
                11.50843674
              ],
              [
                103.51540454,
                11.50895874
              ],
              [
                103.51808336,
                11.51401903
              ],
              [
                103.51320627,
                11.51411967
              ],
              [
                103.51229824,
                11.5141384
              ],
              [
                103.49008071,
                11.51459575
              ],
              [
                103.40932753,
                11.51368894
              ],
              [
                103.40229569,
                11.51187096
              ],
              [
                103.39993396,
                11.50957077
              ],
              [
                103.39935248,
                11.50850081
              ],
              [
                103.39901523,
                11.50770679
              ],
              [
                103.39832857,
                11.50751091
              ],
              [
                103.39694328,
                11.50776432
              ],
              [
                103.39538356,
                11.50740655
              ],
              [
                103.39464237,
                11.50659144
              ],
              [
                103.39278931,
                11.50455357
              ],
              [
                103.39017075,
                11.50311525
              ],
              [
                103.38843643,
                11.50294294
              ],
              [
                103.38785483,
                11.50298469
              ],
              [
                103.38734008,
                11.50306492
              ],
              [
                103.38710927,
                11.50310284
              ],
              [
                103.3860202,
                11.50365866
              ],
              [
                103.38570249,
                11.50382081
              ],
              [
                103.38565741,
                11.50384382
              ],
              [
                103.38526515,
                11.50404401
              ],
              [
                103.38423216,
                11.50617189
              ],
              [
                103.38274171,
                11.50703375
              ],
              [
                103.38181051,
                11.50697546
              ],
              [
                103.3810309,
                11.50620496
              ],
              [
                103.3802984,
                11.50471037
              ],
              [
                103.38077537,
                11.50380354
              ],
              [
                103.38095062,
                11.50347034
              ],
              [
                103.3811026,
                11.50318138
              ],
              [
                103.38118442,
                11.50269818
              ],
              [
                103.38102526,
                11.50242778
              ],
              [
                103.38097363,
                11.50192482
              ],
              [
                103.38128471,
                11.50192479
              ],
              [
                103.38157905,
                11.50106069
              ],
              [
                103.38183981,
                11.50002286
              ],
              [
                103.38196893,
                11.49970015
              ],
              [
                103.38208727,
                11.49943804
              ],
              [
                103.38270656,
                11.49848358
              ],
              [
                103.38323017,
                11.49783795
              ],
              [
                103.38362556,
                11.4970672
              ],
              [
                103.38458682,
                11.49174326
              ],
              [
                103.38445662,
                11.49011189
              ],
              [
                103.38443239,
                11.4893874
              ],
              [
                103.38471132,
                11.4885934
              ],
              [
                103.38575804,
                11.48701601
              ],
              [
                103.38676151,
                11.48558456
              ],
              [
                103.38724334,
                11.48489722
              ],
              [
                103.3883408,
                11.48333167
              ],
              [
                103.38845445,
                11.48087106
              ],
              [
                103.38843019,
                11.47999741
              ],
              [
                103.38889493,
                11.47885863
              ],
              [
                103.38893966,
                11.47738756
              ],
              [
                103.38982207,
                11.47471875
              ],
              [
                103.39033106,
                11.4717587
              ],
              [
                103.39067499,
                11.46975851
              ],
              [
                103.39034243,
                11.4697521
              ],
              [
                103.38951783,
                11.46973619
              ],
              [
                103.38786237,
                11.47087519
              ],
              [
                103.38652212,
                11.47277381
              ],
              [
                103.38607698,
                11.47346192
              ],
              [
                103.38585926,
                11.47379848
              ],
              [
                103.38473145,
                11.47599695
              ],
              [
                103.38258905,
                11.47755358
              ],
              [
                103.3810286,
                11.47836195
              ],
              [
                103.37957202,
                11.47858439
              ],
              [
                103.3780468,
                11.4795421
              ],
              [
                103.37831577,
                11.48054142
              ],
              [
                103.37754725,
                11.48089989
              ],
              [
                103.37563529,
                11.48036491
              ],
              [
                103.37399852,
                11.47943414
              ],
              [
                103.37292095,
                11.47882135
              ],
              [
                103.37139089,
                11.47795123
              ],
              [
                103.36931362,
                11.47503658
              ],
              [
                103.36888162,
                11.47430191
              ],
              [
                103.36726004,
                11.4727899
              ],
              [
                103.3650335,
                11.47203614
              ],
              [
                103.36366627,
                11.47216169
              ],
              [
                103.36245872,
                11.47227258
              ],
              [
                103.36134012,
                11.47244824
              ],
              [
                103.35997745,
                11.47298074
              ],
              [
                103.35839347,
                11.47389281
              ],
              [
                103.35608065,
                11.47404877
              ],
              [
                103.35485144,
                11.47413165
              ],
              [
                103.35239323,
                11.47456301
              ],
              [
                103.34861845,
                11.47522761
              ],
              [
                103.34636925,
                11.47517645
              ],
              [
                103.34361731,
                11.47327485
              ],
              [
                103.34151546,
                11.46986411
              ],
              [
                103.34094436,
                11.46893735
              ],
              [
                103.34038441,
                11.46815672
              ],
              [
                103.339766,
                11.46748084
              ],
              [
                103.33897376,
                11.46739046
              ],
              [
                103.3382164,
                11.46750706
              ],
              [
                103.33759937,
                11.46796799
              ],
              [
                103.33719206,
                11.46846401
              ],
              [
                103.33667384,
                11.46943697
              ],
              [
                103.33616836,
                11.47038598
              ],
              [
                103.33444708,
                11.47345885
              ],
              [
                103.33441265,
                11.47405643
              ],
              [
                103.33593956,
                11.47453523
              ],
              [
                103.33694192,
                11.47484265
              ],
              [
                103.33712921,
                11.4755319
              ],
              [
                103.33703736,
                11.47693486
              ],
              [
                103.33667718,
                11.47808542
              ],
              [
                103.33571076,
                11.4787308
              ],
              [
                103.33462716,
                11.47894045
              ],
              [
                103.33250665,
                11.47911818
              ],
              [
                103.33069008,
                11.47761407
              ],
              [
                103.32772758,
                11.47516107
              ],
              [
                103.3268737,
                11.47445403
              ],
              [
                103.32463591,
                11.47368974
              ],
              [
                103.3233891,
                11.47375038
              ],
              [
                103.32243412,
                11.47439578
              ],
              [
                103.32086285,
                11.4761925
              ],
              [
                103.31950002,
                11.47688526
              ],
              [
                103.31863782,
                11.47685317
              ],
              [
                103.31755423,
                11.47629941
              ],
              [
                103.31666755,
                11.47584628
              ],
              [
                103.31572372,
                11.47601034
              ],
              [
                103.31368439,
                11.47743566
              ],
              [
                103.31105415,
                11.47927392
              ],
              [
                103.30958566,
                11.47913886
              ],
              [
                103.3092475,
                11.47873801
              ],
              [
                103.3077182,
                11.47559226
              ],
              [
                103.30721667,
                11.47497238
              ],
              [
                103.30634196,
                11.47415935
              ],
              [
                103.30564242,
                11.47370103
              ],
              [
                103.30503662,
                11.47409302
              ],
              [
                103.30431479,
                11.47463461
              ],
              [
                103.30367433,
                11.47526821
              ],
              [
                103.30326691,
                11.47557998
              ],
              [
                103.30269647,
                11.47623659
              ],
              [
                103.30190485,
                11.47690546
              ],
              [
                103.30108982,
                11.47789511
              ],
              [
                103.30063594,
                11.47855126
              ],
              [
                103.30004238,
                11.47928795
              ],
              [
                103.29953029,
                11.47995618
              ],
              [
                103.29912303,
                11.48067023
              ],
              [
                103.29727095,
                11.48145607
              ],
              [
                103.29631576,
                11.48179062
              ],
              [
                103.29477728,
                11.48153077
              ],
              [
                103.29396145,
                11.48131357
              ],
              [
                103.29361137,
                11.48061319
              ],
              [
                103.29354062,
                11.47966019
              ],
              [
                103.29359839,
                11.47924582
              ],
              [
                103.29379605,
                11.47876334
              ],
              [
                103.29440143,
                11.47796797
              ],
              [
                103.29477404,
                11.47758821
              ],
              [
                103.29563577,
                11.47688474
              ],
              [
                103.2962524,
                11.4759301
              ],
              [
                103.29641505,
                11.47545872
              ],
              [
                103.29662425,
                11.47472205
              ],
              [
                103.29642583,
                11.47437737
              ],
              [
                103.29613428,
                11.47413724
              ],
              [
                103.29555134,
                11.47372478
              ],
              [
                103.29503828,
                11.4732664
              ],
              [
                103.29454833,
                11.47272679
              ],
              [
                103.29390677,
                11.47177498
              ],
              [
                103.29357982,
                11.4710397
              ],
              [
                103.2929376,
                11.46934096
              ],
              [
                103.29275031,
                11.46843248
              ],
              [
                103.29265606,
                11.46738782
              ],
              [
                103.2924574,
                11.46656063
              ],
              [
                103.29196758,
                11.46619391
              ],
              [
                103.29124521,
                11.46620664
              ],
              [
                103.29037141,
                11.46630096
              ],
              [
                103.28962591,
                11.46658927
              ],
              [
                103.2889505,
                11.46693674
              ],
              [
                103.28834474,
                11.4671784
              ],
              [
                103.28782062,
                11.46751319
              ],
              [
                103.2866677,
                11.46820589
              ],
              [
                103.28565463,
                11.46897851
              ],
              [
                103.28481616,
                11.4695318
              ],
              [
                103.28414068,
                11.46993576
              ],
              [
                103.28215401,
                11.47207898
              ],
              [
                103.28125326,
                11.4729076
              ],
              [
                103.28020517,
                11.47340427
              ],
              [
                103.27888838,
                11.47357956
              ],
              [
                103.27786309,
                11.4734786
              ],
              [
                103.2771519,
                11.47315801
              ],
              [
                103.27647584,
                11.47271106
              ],
              [
                103.2757761,
                11.47196566
              ],
              [
                103.27526249,
                11.47098972
              ],
              [
                103.27474916,
                11.46992224
              ],
              [
                103.2742934,
                11.4684291
              ],
              [
                103.2743283,
                11.46819992
              ],
              [
                103.27402474,
                11.46744217
              ],
              [
                103.27379079,
                11.46625882
              ],
              [
                103.27379025,
                11.4655458
              ],
              [
                103.27385925,
                11.46451115
              ],
              [
                103.27398687,
                11.46377515
              ],
              [
                103.27424266,
                11.46315404
              ],
              [
                103.27440489,
                11.46214253
              ],
              [
                103.2744743,
                11.46146382
              ],
              [
                103.27443864,
                11.46059127
              ],
              [
                103.27444962,
                11.45977435
              ],
              [
                103.2745538,
                11.45898172
              ],
              [
                103.27467005,
                11.45841855
              ],
              [
                103.27382372,
                11.45880948
              ],
              [
                103.27244546,
                11.45944612
              ],
              [
                103.27046472,
                11.45955418
              ],
              [
                103.26955554,
                11.4593488
              ],
              [
                103.268775,
                11.45946621
              ],
              [
                103.26803008,
                11.46036352
              ],
              [
                103.26880009,
                11.46169581
              ],
              [
                103.26871902,
                11.462075
              ],
              [
                103.26821828,
                11.46266189
              ],
              [
                103.26714697,
                11.46335386
              ],
              [
                103.26735736,
                11.46421615
              ],
              [
                103.26774806,
                11.46470508
              ],
              [
                103.26842612,
                11.46555362
              ],
              [
                103.26874498,
                11.46595265
              ],
              [
                103.2692,
                11.46652206
              ],
              [
                103.26941025,
                11.46726797
              ],
              [
                103.2686412,
                11.46787578
              ],
              [
                103.26652236,
                11.46955035
              ],
              [
                103.26637171,
                11.47067717
              ],
              [
                103.26651492,
                11.47107937
              ],
              [
                103.26679494,
                11.47186579
              ],
              [
                103.2671531,
                11.47287168
              ],
              [
                103.26758615,
                11.47408787
              ],
              [
                103.26819385,
                11.47639664
              ],
              [
                103.26875369,
                11.47683161
              ],
              [
                103.26913858,
                11.47758985
              ],
              [
                103.27033978,
                11.47862073
              ],
              [
                103.2714939,
                11.47934285
              ],
              [
                103.27249873,
                11.4806149
              ],
              [
                103.27346449,
                11.48130373
              ],
              [
                103.27387271,
                11.48180786
              ],
              [
                103.2738498,
                11.48232525
              ],
              [
                103.27336156,
                11.4835337
              ],
              [
                103.27302378,
                11.48383341
              ],
              [
                103.27174212,
                11.48420323
              ],
              [
                103.27110132,
                11.48412486
              ],
              [
                103.27063544,
                11.48443623
              ],
              [
                103.27034465,
                11.48496559
              ],
              [
                103.27028665,
                11.48546018
              ],
              [
                103.27074148,
                11.48602222
              ],
              [
                103.27146425,
                11.486422
              ],
              [
                103.27145461,
                11.48684111
              ],
              [
                103.27144155,
                11.48740933
              ],
              [
                103.27141935,
                11.4883748
              ],
              [
                103.27134032,
                11.49181239
              ],
              [
                103.27143495,
                11.49372036
              ],
              [
                103.27173896,
                11.49511091
              ],
              [
                103.27203128,
                11.49630477
              ],
              [
                103.27202021,
                11.49713298
              ],
              [
                103.27225388,
                11.49775246
              ],
              [
                103.27310571,
                11.49853608
              ],
              [
                103.273688,
                11.49907174
              ],
              [
                103.27441096,
                11.49958677
              ],
              [
                103.27553823,
                11.5000105
              ],
              [
                103.27636957,
                11.50043229
              ],
              [
                103.27688215,
                11.50050087
              ],
              [
                103.27837002,
                11.49949929
              ],
              [
                103.27876921,
                11.49931311
              ],
              [
                103.27972378,
                11.49819554
              ],
              [
                103.28083059,
                11.49795122
              ],
              [
                103.28175356,
                11.49808136
              ],
              [
                103.28250905,
                11.49823571
              ],
              [
                103.2826352,
                11.49835257
              ],
              [
                103.28354737,
                11.49988821
              ],
              [
                103.28347803,
                11.5005545
              ],
              [
                103.28413412,
                11.50192308
              ],
              [
                103.28904229,
                11.50192244
              ],
              [
                103.29090239,
                11.50192218
              ],
              [
                103.29137469,
                11.50239987
              ],
              [
                103.29188735,
                11.50245711
              ],
              [
                103.2922918,
                11.50266299
              ],
              [
                103.29326181,
                11.50324034
              ],
              [
                103.29453137,
                11.50327377
              ],
              [
                103.29527687,
                11.50352673
              ],
              [
                103.29631429,
                11.50505829
              ],
              [
                103.29724614,
                11.50538014
              ],
              [
                103.29952918,
                11.50597882
              ],
              [
                103.30118461,
                11.509018
              ],
              [
                103.30386328,
                11.50875225
              ],
              [
                103.30525079,
                11.50941015
              ],
              [
                103.30646149,
                11.51039796
              ],
              [
                103.30667252,
                11.5130931
              ],
              [
                103.30763997,
                11.51479712
              ],
              [
                103.30835169,
                11.51701944
              ],
              [
                103.30888776,
                11.51752654
              ],
              [
                103.30928008,
                11.51832431
              ],
              [
                103.3094824,
                11.51887356
              ],
              [
                103.31060095,
                11.51950608
              ],
              [
                103.31184726,
                11.51989752
              ],
              [
                103.3133152,
                11.52016141
              ],
              [
                103.31470165,
                11.52102486
              ],
              [
                103.31594825,
                11.52132362
              ],
              [
                103.3169573,
                11.52165109
              ],
              [
                103.31757904,
                11.52185286
              ],
              [
                103.31859259,
                11.52232429
              ],
              [
                103.31935035,
                11.52312984
              ],
              [
                103.32022579,
                11.52363419
              ],
              [
                103.32136595,
                11.52441952
              ],
              [
                103.32243771,
                11.52478731
              ],
              [
                103.32324137,
                11.52476369
              ],
              [
                103.32422006,
                11.52498178
              ],
              [
                103.32752829,
                11.52529124
              ],
              [
                103.32860019,
                11.5258319
              ],
              [
                103.32961392,
                11.52656884
              ],
              [
                103.33033644,
                11.5274318
              ],
              [
                103.33100079,
                11.5280074
              ],
              [
                103.33142065,
                11.52860645
              ],
              [
                103.33164464,
                11.52870655
              ],
              [
                103.33239921,
                11.52904373
              ],
              [
                103.33386688,
                11.52888152
              ],
              [
                103.33461759,
                11.52851302
              ],
              [
                103.33506605,
                11.52829288
              ],
              [
                103.33562513,
                11.52821246
              ],
              [
                103.33596302,
                11.52843135
              ],
              [
                103.33617332,
                11.52939872
              ],
              [
                103.33655823,
                11.53014673
              ],
              [
                103.33730423,
                11.53091828
              ],
              [
                103.3380427,
                11.53158841
              ],
              [
                103.33861023,
                11.53210343
              ],
              [
                103.33932054,
                11.532748
              ],
              [
                103.34019493,
                11.53424574
              ],
              [
                103.3415355,
                11.53573033
              ],
              [
                103.34194037,
                11.53658195
              ],
              [
                103.34202979,
                11.53677004
              ],
              [
                103.34234029,
                11.53742316
              ],
              [
                103.34287647,
                11.53792908
              ],
              [
                103.34305147,
                11.53842502
              ],
              [
                103.34281884,
                11.53901243
              ],
              [
                103.34235443,
                11.53958365
              ],
              [
                103.34205069,
                11.53995726
              ],
              [
                103.34171317,
                11.54045254
              ],
              [
                103.34155072,
                11.54143133
              ],
              [
                103.34176081,
                11.54214557
              ],
              [
                103.34149333,
                11.54286047
              ],
              [
                103.34163474,
                11.54315434
              ],
              [
                103.34181994,
                11.54353922
              ],
              [
                103.3418436,
                11.54424222
              ],
              [
                103.34212601,
                11.54471105
              ],
              [
                103.34241177,
                11.54508036
              ],
              [
                103.34278781,
                11.54556634
              ],
              [
                103.34305609,
                11.54613062
              ],
              [
                103.34311495,
                11.54693665
              ],
              [
                103.34292909,
                11.54775485
              ],
              [
                103.34294106,
                11.54820354
              ],
              [
                103.34327916,
                11.54873318
              ],
              [
                103.34369876,
                11.54904407
              ],
              [
                103.34420588,
                11.55025012
              ],
              [
                103.34441557,
                11.55074879
              ],
              [
                103.3447815,
                11.55161905
              ],
              [
                103.3450584,
                11.55227756
              ],
              [
                103.34523864,
                11.5527062
              ],
              [
                103.34498476,
                11.55358285
              ],
              [
                103.34487907,
                11.55394781
              ],
              [
                103.34465033,
                11.55473768
              ],
              [
                103.34449472,
                11.555275
              ],
              [
                103.34513716,
                11.55597867
              ],
              [
                103.34587015,
                11.55678152
              ],
              [
                103.34673277,
                11.55772634
              ],
              [
                103.34701295,
                11.55831441
              ],
              [
                103.34649502,
                11.55949034
              ],
              [
                103.34625684,
                11.56003111
              ],
              [
                103.34640844,
                11.56056082
              ],
              [
                103.34669992,
                11.5610789
              ],
              [
                103.34667738,
                11.56194211
              ],
              [
                103.3464874,
                11.56302989
              ],
              [
                103.34648012,
                11.56357837
              ],
              [
                103.34670232,
                11.56462604
              ],
              [
                103.34706387,
                11.56516711
              ],
              [
                103.34743705,
                11.56582352
              ],
              [
                103.34784507,
                11.56630723
              ],
              [
                103.34843932,
                11.56659426
              ],
              [
                103.34904496,
                11.56650166
              ],
              [
                103.3494294,
                11.56655922
              ],
              [
                103.34959269,
                11.56670931
              ],
              [
                103.34990703,
                11.56660488
              ],
              [
                103.35058135,
                11.56695762
              ],
              [
                103.29553376,
                11.66346518
              ],
              [
                103.29347089,
                11.66044877
              ],
              [
                103.29115264,
                11.65732947
              ],
              [
                103.288916,
                11.6540268
              ],
              [
                103.28659103,
                11.65083391
              ],
              [
                103.28312059,
                11.64698634
              ],
              [
                103.28352994,
                11.64354459
              ],
              [
                103.28272979,
                11.64076533
              ],
              [
                103.27865634,
                11.64031049
              ],
              [
                103.27457052,
                11.64186462
              ],
              [
                103.27122762,
                11.64098353
              ],
              [
                103.2670535,
                11.63800122
              ],
              [
                103.26423992,
                11.63905486
              ],
              [
                103.26285052,
                11.6400869
              ],
              [
                103.2620059,
                11.64130161
              ],
              [
                103.2606502,
                11.64276437
              ],
              [
                103.25966966,
                11.64365124
              ],
              [
                103.25816673,
                11.64418114
              ],
              [
                103.25693201,
                11.64540194
              ],
              [
                103.25632646,
                11.64655422
              ],
              [
                103.25614038,
                11.64753621
              ],
              [
                103.25618723,
                11.64884606
              ],
              [
                103.2565604,
                11.65017038
              ],
              [
                103.25725678,
                11.65146436
              ],
              [
                103.2577961,
                11.6525666
              ],
              [
                103.25784289,
                11.65287649
              ],
              [
                103.25778464,
                11.65316541
              ],
              [
                103.25727201,
                11.65329225
              ],
              [
                103.2565873,
                11.65297406
              ],
              [
                103.25588496,
                11.65264767
              ],
              [
                103.25448672,
                11.65292394
              ],
              [
                103.25397417,
                11.65290049
              ],
              [
                103.25341462,
                11.65278636
              ],
              [
                103.25293202,
                11.65254986
              ],
              [
                103.25230484,
                11.65224249
              ],
              [
                103.25194314,
                11.65209531
              ],
              [
                103.25165504,
                11.65200278
              ],
              [
                103.2512703,
                11.65193378
              ],
              [
                103.25100421,
                11.6517906
              ],
              [
                103.25078371,
                11.65163539
              ],
              [
                103.25062938,
                11.65149711
              ],
              [
                103.25052443,
                11.65123206
              ],
              [
                103.25017467,
                11.65074857
              ],
              [
                103.24987191,
                11.65063261
              ],
              [
                103.24966382,
                11.65050179
              ],
              [
                103.24948712,
                11.65039071
              ],
              [
                103.24920764,
                11.65012573
              ],
              [
                103.24919577,
                11.64968837
              ],
              [
                103.24942877,
                11.64913611
              ],
              [
                103.24999958,
                11.64868647
              ],
              [
                103.25050067,
                11.64852454
              ],
              [
                103.25096659,
                11.64825957
              ],
              [
                103.25195384,
                11.64802266
              ],
              [
                103.25249283,
                11.64776488
              ],
              [
                103.25274919,
                11.64718903
              ],
              [
                103.25302876,
                11.64688903
              ],
              [
                103.25389138,
                11.64610679
              ],
              [
                103.25414707,
                11.64581783
              ],
              [
                103.25435664,
                11.64529932
              ],
              [
                103.25430994,
                11.64465496
              ],
              [
                103.25420506,
                11.64414811
              ],
              [
                103.25394859,
                11.64373299
              ],
              [
                103.25344746,
                11.64321469
              ],
              [
                103.25291129,
                11.64261595
              ],
              [
                103.25207183,
                11.64088879
              ],
              [
                103.25194339,
                11.64043942
              ],
              [
                103.25120994,
                11.63820588
              ],
              [
                103.24977479,
                11.63490849
              ],
              [
                103.24724437,
                11.63178405
              ],
              [
                103.24378686,
                11.63438966
              ],
              [
                103.24192361,
                11.63582466
              ],
              [
                103.09492482,
                11.71844492
              ],
              [
                103.09492478,
                11.71844494
              ],
              [
                103.08818466,
                11.72230845
              ],
              [
                103.08679902,
                11.72212004
              ],
              [
                103.08656069,
                11.7223894
              ],
              [
                103.08563612,
                11.72343434
              ],
              [
                103.08400498,
                11.72471258
              ],
              [
                103.08152824,
                11.72477265
              ],
              [
                103.08062434,
                11.72479456
              ],
              [
                103.07969793,
                11.72481702
              ],
              [
                103.0794528,
                11.72400226
              ],
              [
                103.07909776,
                11.72282219
              ],
              [
                103.07773977,
                11.72195437
              ],
              [
                103.0745736,
                11.719931
              ],
              [
                103.07356284,
                11.71915019
              ],
              [
                103.07267914,
                11.71846752
              ],
              [
                103.07130973,
                11.71688668
              ],
              [
                103.06983617,
                11.71569719
              ],
              [
                103.0692503,
                11.71453228
              ],
              [
                103.06882025,
                11.71367721
              ],
              [
                103.0681707,
                11.71238567
              ],
              [
                103.06613332,
                11.70968289
              ],
              [
                103.06305924,
                11.70785437
              ],
              [
                103.05873661,
                11.70616762
              ],
              [
                103.05232034,
                11.70722994
              ],
              [
                103.05231599,
                11.70723066
              ],
              [
                103.05152306,
                11.70736193
              ],
              [
                103.0506277,
                11.70751016
              ],
              [
                103.04185535,
                11.7096919
              ],
              [
                103.04079273,
                11.70943042
              ],
              [
                103.03897225,
                11.70966539
              ],
              [
                103.03677068,
                11.71021176
              ],
              [
                103.03646466,
                11.71048654
              ],
              [
                103.03589376,
                11.71088936
              ],
              [
                103.03421482,
                11.71177831
              ],
              [
                103.03234474,
                11.71590287
              ],
              [
                103.03167206,
                11.71800691
              ],
              [
                103.03160018,
                11.71823172
              ],
              [
                103.03108144,
                11.71985421
              ],
              [
                103.02788101,
                11.72422378
              ],
              [
                103.02714564,
                11.72480962
              ],
              [
                103.02601659,
                11.72570906
              ],
              [
                103.02119679,
                11.72614688
              ],
              [
                103.01750532,
                11.7247904
              ],
              [
                103.01549767,
                11.72477308
              ],
              [
                103.01477358,
                11.72454548
              ],
              [
                103.01331254,
                11.72372301
              ],
              [
                103.01262293,
                11.72324256
              ],
              [
                103.0119095,
                11.72256763
              ],
              [
                103.01185601,
                11.72249606
              ],
              [
                103.00827177,
                11.71900716
              ],
              [
                103.00543681,
                11.71799811
              ],
              [
                103.00481403,
                11.71777644
              ],
              [
                103.00444848,
                11.71727443
              ],
              [
                103.00375672,
                11.71632443
              ],
              [
                103.00220355,
                11.71419144
              ],
              [
                103.00199211,
                11.71358326
              ],
              [
                103.00205029,
                11.71342323
              ],
              [
                103.00231816,
                11.71315846
              ],
              [
                103.00209605,
                11.71299761
              ],
              [
                103.00180428,
                11.71299897
              ],
              [
                103.0013399,
                11.71280951
              ],
              [
                103.00105491,
                11.7123535
              ],
              [
                103.0008289,
                11.71199186
              ],
              [
                102.99800131,
                11.70746734
              ],
              [
                102.99028923,
                11.70014339
              ],
              [
                102.98432864,
                11.69225768
              ],
              [
                102.97796214,
                11.6868561
              ],
              [
                102.97410382,
                11.68357656
              ],
              [
                102.97180449,
                11.68276443
              ],
              [
                102.96855743,
                11.68161752
              ],
              [
                102.9673063,
                11.68410243
              ],
              [
                102.96766798,
                11.68773991
              ],
              [
                102.96841368,
                11.69195405
              ],
              [
                102.97400365,
                11.69735034
              ],
              [
                102.97784823,
                11.70254294
              ],
              [
                102.98129778,
                11.70868928
              ],
              [
                102.97991536,
                11.71193184
              ],
              [
                102.97598568,
                11.71840871
              ],
              [
                102.96931709,
                11.72773572
              ],
              [
                102.96148604,
                11.73667159
              ],
              [
                102.95772711,
                11.74621024
              ],
              [
                102.95748504,
                11.75271304
              ],
              [
                102.95296818,
                11.75966346
              ],
              [
                102.94983067,
                11.76384972
              ],
              [
                102.94283422,
                11.76475586
              ],
              [
                102.93932816,
                11.766261
              ],
              [
                102.93368356,
                11.76813321
              ],
              [
                102.93327096,
                11.77138243
              ],
              [
                102.93130226,
                11.77500297
              ],
              [
                102.92739767,
                11.77784418
              ],
              [
                102.92097039,
                11.78047561
              ],
              [
                102.91667443,
                11.78369639
              ],
              [
                102.91334051,
                11.78807197
              ],
              [
                102.91213793,
                11.79303706
              ],
              [
                102.91199834,
                11.7986556
              ],
              [
                102.91109634,
                11.8023794
              ],
              [
                102.90567985,
                11.81010126
              ],
              [
                102.90260609,
                11.8121117
              ],
              [
                102.89869366,
                11.81672936
              ],
              [
                102.89691787,
                11.8219107
              ],
              [
                102.89655885,
                11.82333898
              ],
              [
                102.89588414,
                11.82602315
              ],
              [
                102.89331855,
                11.8289267
              ],
              [
                102.8888127,
                11.8306036
              ],
              [
                102.88198769,
                11.82788194
              ],
              [
                102.87615476,
                11.82879483
              ],
              [
                102.87174676,
                11.83378339
              ],
              [
                102.86759802,
                11.83662169
              ],
              [
                102.86858233,
                11.83760621
              ],
              [
                102.87121132,
                11.84023571
              ],
              [
                102.87580677,
                11.84242232
              ],
              [
                102.87844927,
                11.846029
              ],
              [
                102.87670569,
                11.85175492
              ],
              [
                102.87378539,
                11.85458789
              ],
              [
                102.87156899,
                11.85673794
              ],
              [
                102.86283354,
                11.85619386
              ],
              [
                102.86178774,
                11.86007603
              ],
              [
                102.86058352,
                11.86454613
              ],
              [
                102.8605313,
                11.87124115
              ],
              [
                102.85830343,
                11.87672407
              ],
              [
                102.85434302,
                11.88228773
              ],
              [
                102.85339369,
                11.88362131
              ],
              [
                102.85068187,
                11.88886133
              ],
              [
                102.8507907,
                11.88939025
              ],
              [
                102.8513867,
                11.89228678
              ],
              [
                102.85413653,
                11.89768792
              ],
              [
                102.85238678,
                11.90407107
              ],
              [
                102.85283381,
                11.90717821
              ],
              [
                102.85476687,
                11.91018677
              ],
              [
                102.85826968,
                11.91248506
              ],
              [
                102.8598301,
                11.91476857
              ],
              [
                102.85775032,
                11.91678529
              ],
              [
                102.85687064,
                11.92007211
              ],
              [
                102.85728848,
                11.92329343
              ],
              [
                102.85814976,
                11.92957691
              ],
              [
                102.85888276,
                11.9328704
              ],
              [
                102.86358157,
                11.93365338
              ],
              [
                102.87116513,
                11.93430869
              ],
              [
                102.8802699,
                11.93452691
              ],
              [
                102.8881444,
                11.93682795
              ],
              [
                102.89950967,
                11.94169709
              ],
              [
                102.89950969,
                11.9416971
              ],
              [
                102.90160812,
                11.942608
              ],
              [
                102.91099057,
                11.94626481
              ],
              [
                102.91642306,
                11.95041517
              ],
              [
                102.92046173,
                11.9582168
              ],
              [
                102.92148387,
                11.96322087
              ],
              [
                102.92251023,
                11.96824551
              ],
              [
                102.92254548,
                11.98349025
              ],
              [
                102.92233394,
                11.99394207
              ],
              [
                102.92365416,
                11.99771636
              ],
              [
                102.92417107,
                11.99919409
              ],
              [
                102.94687763,
                11.99953898
              ],
              [
                102.96209529,
                11.99976909
              ],
              [
                102.965294,
                11.99981736
              ],
              [
                102.97054632,
                11.99909027
              ],
              [
                102.97464415,
                11.99682425
              ],
              [
                102.9770002,
                11.99358904
              ],
              [
                102.97994056,
                11.9901667
              ],
              [
                102.98383961,
                11.98847301
              ],
              [
                102.98888039,
                11.99003974
              ],
              [
                102.99041648,
                11.9925378
              ],
              [
                102.99118242,
                11.99407378
              ],
              [
                102.99527862,
                11.99199872
              ],
              [
                102.99915648,
                11.99317433
              ],
              [
                103.00246628,
                11.99443302
              ],
              [
                103.00719983,
                11.99264758
              ],
              [
                103.0108464,
                11.98904875
              ],
              [
                103.01552537,
                11.9869775
              ],
              [
                103.01864194,
                11.98851487
              ],
              [
                103.02208903,
                11.9914234
              ],
              [
                103.02219944,
                11.99710381
              ],
              [
                103.02351894,
                12.00354009
              ],
              [
                103.02574069,
                12.01117845
              ],
              [
                103.02855787,
                12.02046512
              ],
              [
                103.03457023,
                12.02887751
              ],
              [
                103.03890942,
                12.03276613
              ],
              [
                103.04045385,
                12.03415015
              ],
              [
                103.04558874,
                12.03989501
              ],
              [
                103.04689924,
                12.04136114
              ],
              [
                103.04939414,
                12.04412905
              ],
              [
                103.04961082,
                12.04436943
              ],
              [
                103.05324537,
                12.04574003
              ],
              [
                103.05463027,
                12.04320877
              ],
              [
                103.05314199,
                12.03901333
              ],
              [
                103.05437285,
                12.03677992
              ],
              [
                103.05680908,
                12.03605811
              ],
              [
                103.05714068,
                12.03217429
              ],
              [
                103.05625865,
                12.02813255
              ],
              [
                103.05341249,
                12.02273194
              ],
              [
                103.04896848,
                12.01965036
              ],
              [
                103.04600943,
                12.01759841
              ],
              [
                103.04376625,
                12.01565988
              ],
              [
                103.03816309,
                12.0108175
              ],
              [
                103.03501814,
                12.00481682
              ],
              [
                103.03560194,
                12.0006
              ],
              [
                103.03565899,
                12.00018791
              ],
              [
                103.03734521,
                11.99795776
              ],
              [
                103.04174466,
                11.99843697
              ],
              [
                103.0449048,
                12.00234518
              ],
              [
                103.04714226,
                12.00789105
              ],
              [
                103.04822132,
                12.00950917
              ],
              [
                103.05044688,
                12.01284649
              ],
              [
                103.05406709,
                12.01615998
              ],
              [
                103.05679356,
                12.01707575
              ],
              [
                103.05921731,
                12.01759566
              ],
              [
                103.05967403,
                12.01769363
              ],
              [
                103.06197501,
                12.01442132
              ],
              [
                103.0642802,
                12.01055115
              ],
              [
                103.06581126,
                12.00876813
              ],
              [
                103.0682394,
                12.00893439
              ],
              [
                103.06867889,
                12.01117944
              ],
              [
                103.0697289,
                12.0129803
              ],
              [
                103.0686352,
                12.01730731
              ],
              [
                103.06647115,
                12.02267317
              ],
              [
                103.06720683,
                12.02596654
              ],
              [
                103.06946836,
                12.0282242
              ],
              [
                103.07235003,
                12.03110086
              ],
              [
                103.07248379,
                12.03123439
              ],
              [
                103.07367614,
                12.03438145
              ],
              [
                103.07212896,
                12.03840639
              ],
              [
                103.07011339,
                12.04422169
              ],
              [
                103.06839926,
                12.05033798
              ],
              [
                103.06807097,
                12.05377345
              ],
              [
                103.07008431,
                12.05716393
              ],
              [
                103.07260194,
                12.05724258
              ],
              [
                103.07504972,
                12.05471855
              ],
              [
                103.07673712,
                12.05233872
              ],
              [
                103.07736368,
                12.04965262
              ],
              [
                103.0776961,
                12.04561927
              ],
              [
                103.08106009,
                12.04235414
              ],
              [
                103.08259551,
                12.03997321
              ],
              [
                103.08444836,
                12.03565135
              ],
              [
                103.08538058,
                12.03266837
              ],
              [
                103.08570647,
                12.02953176
              ],
              [
                103.08830674,
                12.02685913
              ],
              [
                103.08801996,
                12.02446566
              ],
              [
                103.08562125,
                12.02011463
              ],
              [
                103.08352203,
                12.01636352
              ],
              [
                103.08597245,
                12.01339093
              ],
              [
                103.0884302,
                12.00937208
              ]
            ]
          ]
        ]
      }
    }
  ]
}
