{
  "type": "FeatureCollection",
  "features": [
    {
      "type": "Feature",
      "properties": {
        "geo_id": "geo_ph_0042",
        "name": "Iloilo expedition",
        "component": "Iloilo province",
        "source_geo_id": "geo_ph_0025",
        "source_psgc": "0603000000",
        "source_boundary_level": "province"
      },
      "geometry": {
        "type": "MultiPolygon",
        "coordinates": [
          [
            [
              [
                123.34876473100007,
                11.60605329200007
              ],
              [
                123.35852509200004,
                11.638225409000029
              ],
              [
                123.34199257500006,
                11.632454365000058
              ],
              [
                123.3415293580001,
                11.61479302400005
              ],
              [
                123.34876473100007,
                11.60605329200007
              ]
            ]
          ],
          [
            [
              [
                123.33194805300003,
                11.572770089000073
              ],
              [
                123.34542205600007,
                11.588955957000051
              ],
              [
                123.33902253400002,
                11.596536110000043
              ],
              [
                123.32891235000011,
                11.596792661000048
              ],
              [
                123.321144419,
                11.587398776000041
              ],
              [
                123.33194805300003,
                11.572770089000073
              ]
            ]
          ],
          [
            [
              [
                122.03028776500003,
                10.466848482000046
              ],
              [
                122.0392788900001,
                10.483334282000042
              ],
              [
                122.05065767400004,
                10.486723219000053
              ],
              [
                122.06132462600011,
                10.50063963300005
              ],
              [
                122.06048584300004,
                10.50944377700006
              ],
              [
                122.07449917500004,
                10.53153077400003
              ],
              [
                122.07937109400007,
                10.549115448000064
              ],
              [
                122.090675,
                10.562442876000034
              ],
              [
                122.09459807700011,
                10.574097416000027
              ],
              [
                122.10592032000012,
                10.583387237000064
              ],
              [
                122.13026668200007,
                10.586476885000025
              ],
              [
                122.15928756100004,
                10.596754847000057
              ],
              [
                122.17576811600009,
                10.610977914000046
              ],
              [
                122.18130262400007,
                10.621065124000038
              ],
              [
                122.19386073300008,
                10.626600138000072
              ],
              [
                122.2103470510001,
                10.638872996000032
              ],
              [
                122.25112804700007,
                10.63810783900004
              ],
              [
                122.25698515800002,
                10.650829912000061
              ],
              [
                122.28158777100009,
                10.659157515000059
              ],
              [
                122.303987182,
                10.656129534000058
              ],
              [
                122.32657726500008,
                10.658701543000063
              ],
              [
                122.33446013800004,
                10.668918344000074
              ],
              [
                122.36699800900011,
                10.67115064800004
              ],
              [
                122.37536243500007,
                10.668257504000053
              ],
              [
                122.39326406100008,
                10.670321005000062
              ],
              [
                122.43071513100007,
                10.683438835000063
              ],
              [
                122.45516144400005,
                10.688235755000047
              ],
              [
                122.479448036,
                10.68834612100005
              ],
              [
                122.49980636400004,
                10.679965891000052
              ],
              [
                122.53166930000009,
                10.679330462000054
              ],
              [
                122.56108176100008,
                10.691362079000044
              ],
              [
                122.58091882800011,
                10.687589006000053
              ],
              [
                122.59358583300003,
                10.704695394000055
              ],
              [
                122.60023864100005,
                10.727565817000029
              ],
              [
                122.59903754000004,
                10.736892440000076
              ],
              [
                122.58786094800007,
                10.743050724000055
              ],
              [
                122.59228179100013,
                10.755600451000017
              ],
              [
                122.61145205100001,
                10.774782222000056
              ],
              [
                122.63231534200008,
                10.782608456000046
              ],
              [
                122.64196817200002,
                10.77151353100004
              ],
              [
                122.6558597290001,
                10.784269570000047
              ],
              [
                122.66357596200011,
                10.777858536000053
              ],
              [
                122.67129196300004,
                10.795975156000054
              ],
              [
                122.68339929200012,
                10.794936848000077
              ],
              [
                122.71048317300007,
                10.780001167000023
              ],
              [
                122.73420064200002,
                10.785963645000038
              ],
              [
                122.75015194300009,
                10.811658841000053
              ],
              [
                122.76294897800005,
                10.822918389000053
              ],
              [
                122.76907015800009,
                10.843402272000048
              ],
              [
                122.78001900300002,
                10.851007906000063
              ],
              [
                122.78505763800003,
                10.864431627000046
              ],
              [
                122.78913818200012,
                10.899308512000061
              ],
              [
                122.78461847800008,
                10.90300368800007
              ],
              [
                122.78069853800002,
                10.925520229000028
              ],
              [
                122.77015318600003,
                10.93311518300004
              ],
              [
                122.764636084,
                10.945955576000074
              ],
              [
                122.77269817000001,
                10.960825455000078
              ],
              [
                122.7817240280001,
                10.98792534300003
              ],
              [
                122.7959641540001,
                10.99109343200007
              ],
              [
                122.81582963000007,
                10.99995241700003
              ],
              [
                122.83151762500007,
                11.002750107000054
              ],
              [
                122.850046227,
                10.997410925000052
              ],
              [
                122.85166149400003,
                11.018821029000035
              ],
              [
                122.87650941100003,
                11.032250372000021
              ],
              [
                122.8905184460001,
                11.024100678000023
              ],
              [
                122.9054680170001,
                11.020926226000027
              ],
              [
                122.91592314800003,
                11.039610321000055
              ],
              [
                122.91803619100006,
                11.063252859000045
              ],
              [
                122.93729703800011,
                11.064087123000037
              ],
              [
                122.94373747900012,
                11.056401915000038
              ],
              [
                122.93453463600008,
                11.044070885000053
              ],
              [
                122.9417587480001,
                11.02863433500005
              ],
              [
                122.95232525100006,
                11.033694352000055
              ],
              [
                122.95465576900006,
                11.050685206000024
              ],
              [
                122.94910545400012,
                11.06190160500006
              ],
              [
                122.95532296800002,
                11.06908349200006
              ],
              [
                122.9755802510001,
                11.070109571000046
              ],
              [
                122.98366177200012,
                11.07771461200002
              ],
              [
                122.99311641800011,
                11.078043685000067
              ],
              [
                123.00927381900009,
                11.093926979000061
              ],
              [
                123.01766905900003,
                11.143814193000027
              ],
              [
                123.0278382140001,
                11.165618340000036
              ],
              [
                123.03639293700007,
                11.171628113000054
              ],
              [
                123.054822337,
                11.170135256000039
              ],
              [
                123.07441368100001,
                11.164020820000074
              ],
              [
                123.079928719,
                11.148129062000066
              ],
              [
                123.08942068700004,
                11.145790884000062
              ],
              [
                123.09586132500009,
                11.156887964000077
              ],
              [
                123.12127665500007,
                11.164694573000077
              ],
              [
                123.12789820800005,
                11.181067139000048
              ],
              [
                123.12305139600005,
                11.196424474000025
              ],
              [
                123.11263176900003,
                11.215604713000062
              ],
              [
                123.0937656660001,
                11.223962005000033
              ],
              [
                123.09606235700006,
                11.248368484000025
              ],
              [
                123.09514831000001,
                11.27485007200005
              ],
              [
                123.10689030700009,
                11.292677410000067
              ],
              [
                123.10626398800004,
                11.316820988000075
              ],
              [
                123.09923304800009,
                11.328641543000058
              ],
              [
                123.10460897300005,
                11.341295449000027
              ],
              [
                123.11631577800007,
                11.337942985000037
              ],
              [
                123.13302425100007,
                11.343259420000038
              ],
              [
                123.12620547100005,
                11.361348299000042
              ],
              [
                123.14034392700012,
                11.363778346000059
              ],
              [
                123.14626712200004,
                11.37375942500006
              ],
              [
                123.14340461600011,
                11.398159521000023
              ],
              [
                123.12996121100004,
                11.419087604000023
              ],
              [
                123.14009748,
                11.437029733000031
              ],
              [
                123.15272078600003,
                11.444216492000066
              ],
              [
                123.15991416400004,
                11.475432672000068
              ],
              [
                123.15032114800012,
                11.48667328600004
              ],
              [
                123.13847382100006,
                11.49308433700003
              ],
              [
                123.12008818800005,
                11.517426982000075
              ],
              [
                123.12974444600003,
                11.51989680500003
              ],
              [
                123.13514402100009,
                11.510893258000065
              ],
              [
                123.1507329090001,
                11.542234995000056
              ],
              [
                123.1499078810001,
                11.548113645000056
              ],
              [
                123.16276061100007,
                11.567235462000042
              ],
              [
                123.14176159400006,
                11.591123002000074
              ],
              [
                123.13204404300008,
                11.579688330000067
              ],
              [
                123.13131288400005,
                11.571250268000025
              ],
              [
                123.10597120100012,
                11.54855839300006
              ],
              [
                123.09762898100007,
                11.544387227000072
              ],
              [
                123.0856191040001,
                11.51452260800005
              ],
              [
                123.075251664,
                11.510117901000058
              ],
              [
                123.07178157100009,
                11.482247712000058
              ],
              [
                123.05840648300011,
                11.465682587000058
              ],
              [
                123.05553064800007,
                11.455422850000046
              ],
              [
                123.04558437100002,
                11.447568639000055
              ],
              [
                123.03975689500011,
                11.42792331500004
              ],
              [
                123.04813728400006,
                11.418640423000054
              ],
              [
                123.04603062200009,
                11.40382925000006
              ],
              [
                123.0350895590001,
                11.39518632800002
              ],
              [
                122.99443380000004,
                11.389956553000046
              ],
              [
                122.95087891900005,
                11.370013339000023
              ],
              [
                122.94080518600005,
                11.36043015400003
              ],
              [
                122.93493633700007,
                11.338812838000022
              ],
              [
                122.9375337670001,
                11.322262839000077
              ],
              [
                122.94471706200012,
                11.311485936000052
              ],
              [
                122.93090437300009,
                11.29774797300007
              ],
              [
                122.92136273400001,
                11.298785411000042
              ],
              [
                122.90831056000003,
                11.291244992000033
              ],
              [
                122.89465144100008,
                11.294331418000068
              ],
              [
                122.87220097900001,
                11.281271869000022
              ],
              [
                122.87360262000004,
                11.277873952000048
              ],
              [
                122.855120573,
                11.25593784600005
              ],
              [
                122.86666002000003,
                11.252520134000063
              ],
              [
                122.87307868500011,
                11.237048511000065
              ],
              [
                122.86320664100003,
                11.224577564000072
              ],
              [
                122.86022462700008,
                11.210301866000066
              ],
              [
                122.85035574700011,
                11.195562332000069
              ],
              [
                122.82594338300008,
                11.190160573000073
              ],
              [
                122.81463650900002,
                11.19392378300006
              ],
              [
                122.79181668600008,
                11.186459075000071
              ],
              [
                122.7888167220001,
                11.199299094000025
              ],
              [
                122.77226190300006,
                11.227241049000042
              ],
              [
                122.75322355500009,
                11.223501396000072
              ],
              [
                122.74378872600005,
                11.229183085000043
              ],
              [
                122.726128,
                11.227078518000042
              ],
              [
                122.70824223400007,
                11.21363333100004
              ],
              [
                122.68208955300008,
                11.215811099000064
              ],
              [
                122.65837347600007,
                11.20987188200007
              ],
              [
                122.65058204600007,
                11.211556530000049
              ],
              [
                122.61541831100011,
                11.23597193100005
              ],
              [
                122.62880978300008,
                11.25438428900003
              ],
              [
                122.63289907200009,
                11.266594956000061
              ],
              [
                122.60977306100006,
                11.259274567000034
              ],
              [
                122.59651263900003,
                11.261591893000059
              ],
              [
                122.58331594500011,
                11.25789224300007
              ],
              [
                122.57510193700011,
                11.246882854000033
              ],
              [
                122.55931719600007,
                11.236245889000028
              ],
              [
                122.56157174100007,
                11.223800277000066
              ],
              [
                122.54033981100008,
                11.202374835000056
              ],
              [
                122.52337785900012,
                11.191927539000062
              ],
              [
                122.49446570000009,
                11.17844518000004
              ],
              [
                122.47303762400009,
                11.188091681000056
              ],
              [
                122.45216523400008,
                11.192964759000061
              ],
              [
                122.41910517900011,
                11.195574141000066
              ],
              [
                122.3953327150001,
                11.190131479000057
              ],
              [
                122.32565518700004,
                11.22494626200006
              ],
              [
                122.23994482700006,
                11.133468934000064
              ],
              [
                122.3084573520001,
                11.04731852700007
              ],
              [
                122.31961925200005,
                11.028805747000034
              ],
              [
                122.32373918400002,
                11.015286657000047
              ],
              [
                122.31246292500009,
                10.958055645000059
              ],
              [
                122.32419683600004,
                10.94167671800005
              ],
              [
                122.32363979700007,
                10.933363292000022
              ],
              [
                122.30786046400009,
                10.923071334000042
              ],
              [
                122.29696678700007,
                10.925630946000066
              ],
              [
                122.2829747310001,
                10.911117010000055
              ],
              [
                122.2857364240001,
                10.903057545000024
              ],
              [
                122.28086203700003,
                10.892336224000074
              ],
              [
                122.260612679,
                10.895246205000033
              ],
              [
                122.2648694290001,
                10.876856672000027
              ],
              [
                122.25827484200009,
                10.860611470000038
              ],
              [
                122.24428145000003,
                10.84951326300006
              ],
              [
                122.22436151400008,
                10.852999279000073
              ],
              [
                122.20100347600008,
                10.834685975000072
              ],
              [
                122.19932536600005,
                10.816251925000074
              ],
              [
                122.17497210800003,
                10.755996189000026
              ],
              [
                122.15394495400005,
                10.751227345000075
              ],
              [
                122.11537238300004,
                10.715170645000057
              ],
              [
                122.09472650600004,
                10.699596017000035
              ],
              [
                122.08405293200008,
                10.700210447000073
              ],
              [
                122.06518785800006,
                10.680676879000034
              ],
              [
                122.06031076300007,
                10.659141388000021
              ],
              [
                122.05098571500004,
                10.647015267000029
              ],
              [
                122.04721864800001,
                10.63156335000002
              ],
              [
                122.03481262200012,
                10.623438966000034
              ],
              [
                122.01906709400009,
                10.565216420000068
              ],
              [
                122.02265034200002,
                10.559906409000064
              ],
              [
                122.01584591000005,
                10.544761710000044
              ],
              [
                122.01819370900012,
                10.524373494000029
              ],
              [
                122.01216107800009,
                10.486723335000022
              ],
              [
                122.01303394100013,
                10.476499513000023
              ],
              [
                122.03028776500003,
                10.466848482000046
              ]
            ]
          ],
          [
            [
              [
                123.16086280000003,
                11.491034737000062
              ],
              [
                123.17167880600005,
                11.498594307000074
              ],
              [
                123.17636823400007,
                11.511348326000077
              ],
              [
                123.19101253300005,
                11.512288940000076
              ],
              [
                123.19301393600007,
                11.52298980000006
              ],
              [
                123.16751903900003,
                11.524267804000035
              ],
              [
                123.16086280000003,
                11.491034737000062
              ]
            ]
          ],
          [
            [
              [
                123.19892660300002,
                11.466322694000043
              ],
              [
                123.21710547700002,
                11.459739888000055
              ],
              [
                123.23523249800007,
                11.46491779400003
              ],
              [
                123.23439290300007,
                11.493350841000051
              ],
              [
                123.2392031060001,
                11.508079988000079
              ],
              [
                123.22253896500001,
                11.502750513000022
              ],
              [
                123.21797500500008,
                11.509608982000033
              ],
              [
                123.20019007900011,
                11.504225794000034
              ],
              [
                123.20441622300007,
                11.490864367000029
              ],
              [
                123.1929136980001,
                11.473949126000036
              ],
              [
                123.19892660300002,
                11.466322694000043
              ]
            ]
          ],
          [
            [
              [
                123.25069067200003,
                11.423429531000066
              ],
              [
                123.26157228000011,
                11.423688808000067
              ],
              [
                123.27437749800002,
                11.438203963000033
              ],
              [
                123.27528003100008,
                11.454853010000022
              ],
              [
                123.24736299400003,
                11.465639319000047
              ],
              [
                123.24280165000003,
                11.453727936000064
              ],
              [
                123.25366977300007,
                11.428067403000055
              ],
              [
                123.25069067200003,
                11.423429531000066
              ]
            ]
          ],
          [
            [
              [
                123.14907917000006,
                11.26618737900003
              ],
              [
                123.15151033400004,
                11.249270709000028
              ],
              [
                123.16619685400008,
                11.253969748000028
              ],
              [
                123.1672151460001,
                11.269313824000049
              ],
              [
                123.19384254100008,
                11.293381797000052
              ],
              [
                123.18091969300008,
                11.305383333000066
              ],
              [
                123.15467819100002,
                11.309407795000025
              ],
              [
                123.15596816100005,
                11.27702647600006
              ],
              [
                123.14907917000006,
                11.26618737900003
              ]
            ]
          ],
          [
            [
              [
                123.12100950800004,
                11.21354655300007
              ],
              [
                123.13414509400002,
                11.222785002000023
              ],
              [
                123.13620601200012,
                11.241880795000045
              ],
              [
                123.14623137800005,
                11.260628093000038
              ],
              [
                123.13598811000008,
                11.264086476000044
              ],
              [
                123.13251017800008,
                11.242609963000062
              ],
              [
                123.1232354230001,
                11.23656605800005
              ],
              [
                123.12100950800004,
                11.21354655300007
              ]
            ]
          ],
          [
            [
              [
                123.21450842400009,
                11.24974977900007
              ],
              [
                123.20476907500007,
                11.246772187000033
              ],
              [
                123.19866906200002,
                11.23599747000003
              ],
              [
                123.21352395300006,
                11.23555418800004
              ],
              [
                123.21450842400009,
                11.24974977900007
              ]
            ]
          ],
          [
            [
              [
                123.17273213600005,
                11.192994541000074
              ],
              [
                123.19005163600002,
                11.212340020000052
              ],
              [
                123.18422722000003,
                11.217743149000059
              ],
              [
                123.16530135800008,
                11.222133816000053
              ],
              [
                123.15748664700004,
                11.21134919900004
              ],
              [
                123.163350422,
                11.19403895900007
              ],
              [
                123.17273213600005,
                11.192994541000074
              ]
            ]
          ],
          [
            [
              [
                123.12264589500012,
                11.100633317000074
              ],
              [
                123.12810373800006,
                11.11389902800005
              ],
              [
                123.13617626300004,
                11.119824591000052
              ],
              [
                123.1424222290001,
                11.139584873000045
              ],
              [
                123.13786616200004,
                11.148861231000067
              ],
              [
                123.1168688250001,
                11.144570954000073
              ],
              [
                123.10741955000003,
                11.13237678200005
              ],
              [
                123.11719081400008,
                11.116358734000071
              ],
              [
                123.11349466100013,
                11.107761746000051
              ],
              [
                123.12264589500012,
                11.100633317000074
              ]
            ]
          ]
        ]
      }
    },
    {
      "type": "Feature",
      "properties": {
        "geo_id": "geo_ph_0042",
        "name": "Iloilo expedition",
        "component": "Iloilo City HUC / Calaparan",
        "source_geo_id": "geo_ph_0059",
        "source_psgc": "0631000000",
        "source_boundary_level": "huc"
      },
      "geometry": {
        "type": "Polygon",
        "coordinates": [
          [
            [
              122.53210103900005,
              10.679520377000074
            ],
            [
              122.52436977000002,
              10.679540470000063
            ],
            [
              122.5241715090001,
              10.682162191000032
            ],
            [
              122.5300102860001,
              10.68413963200004
            ],
            [
              122.53210103900005,
              10.679520377000074
            ]
          ]
        ]
      }
    },
    {
      "type": "Feature",
      "properties": {
        "geo_id": "geo_ph_0042",
        "name": "Iloilo expedition",
        "component": "Iloilo City HUC / Santo Niño Norte",
        "source_geo_id": "geo_ph_0059",
        "source_psgc": "0631000000",
        "source_boundary_level": "huc"
      },
      "geometry": {
        "type": "Polygon",
        "coordinates": [
          [
            [
              122.52277347100005,
              10.682283334000033
            ],
            [
              122.5241715090001,
              10.682162191000032
            ],
            [
              122.52436977000002,
              10.679540470000063
            ],
            [
              122.51739362700005,
              10.67969639100005
            ],
            [
              122.51725153900009,
              10.681215749000046
            ],
            [
              122.52277347100005,
              10.682283334000033
            ]
          ]
        ]
      }
    },
    {
      "type": "Feature",
      "properties": {
        "geo_id": "geo_ph_0042",
        "name": "Iloilo expedition",
        "component": "Iloilo City HUC / Aguinaldo",
        "source_geo_id": "geo_ph_0059",
        "source_psgc": "0631000000",
        "source_boundary_level": "huc"
      },
      "geometry": {
        "type": "Polygon",
        "coordinates": [
          [
            [
              122.57355129900009,
              10.707634904000031
            ],
            [
              122.57228998900007,
              10.705243385000074
            ],
            [
              122.57107945500002,
              10.706462380000062
            ],
            [
              122.57146341700002,
              10.70713226600003
            ],
            [
              122.57355129900009,
              10.707634904000031
            ]
          ]
        ]
      }
    },
    {
      "type": "Feature",
      "properties": {
        "geo_id": "geo_ph_0042",
        "name": "Iloilo expedition",
        "component": "Iloilo City HUC / Airport (Tabucan Airport)",
        "source_geo_id": "geo_ph_0059",
        "source_psgc": "0631000000",
        "source_boundary_level": "huc"
      },
      "geometry": {
        "type": "Polygon",
        "coordinates": [
          [
            [
              122.54585161200009,
              10.714920304000032
            ],
            [
              122.54260255500003,
              10.70703824100002
            ],
            [
              122.54078401200002,
              10.703386580000029
            ],
            [
              122.53646551600002,
              10.712262095000028
            ],
            [
              122.53888799300012,
              10.715905491000058
            ],
            [
              122.54585161200009,
              10.714920304000032
            ]
          ]
        ]
      }
    },
    {
      "type": "Feature",
      "properties": {
        "geo_id": "geo_ph_0042",
        "name": "Iloilo expedition",
        "component": "Iloilo City HUC / Alalasan Lapuz",
        "source_geo_id": "geo_ph_0059",
        "source_psgc": "0631000000",
        "source_boundary_level": "huc"
      },
      "geometry": {
        "type": "Polygon",
        "coordinates": [
          [
            [
              122.57603072400002,
              10.705018899000038
            ],
            [
              122.57538354400003,
              10.703995167000073
            ],
            [
              122.57324767300008,
              10.70483435400007
            ],
            [
              122.57250604400008,
              10.705094417000055
            ],
            [
              122.57228998900007,
              10.705243385000074
            ],
            [
              122.57355129900009,
              10.707634904000031
            ],
            [
              122.57603072400002,
              10.705018899000038
            ]
          ]
        ]
      }
    },
    {
      "type": "Feature",
      "properties": {
        "geo_id": "geo_ph_0042",
        "name": "Iloilo expedition",
        "component": "Iloilo City HUC / Arguelles",
        "source_geo_id": "geo_ph_0059",
        "source_psgc": "0631000000",
        "source_boundary_level": "huc"
      },
      "geometry": {
        "type": "Polygon",
        "coordinates": [
          [
            [
              122.5535642640001,
              10.729447924000056
            ],
            [
              122.55551469800002,
              10.727546870000026
            ],
            [
              122.55700812100008,
              10.725550807000047
            ],
            [
              122.55647465200002,
              10.725035296000044
            ],
            [
              122.55494301300007,
              10.726458593000075
            ],
            [
              122.5517855920001,
              10.728200911000044
            ],
            [
              122.55124440500003,
              10.729147843000021
            ],
            [
              122.55114870700004,
              10.729904
            ],
            [
              122.5535642640001,
              10.729447924000056
            ]
          ]
        ]
      }
    },
    {
      "type": "Feature",
      "properties": {
        "geo_id": "geo_ph_0042",
        "name": "Iloilo expedition",
        "component": "Iloilo City HUC / Arsenal Aduana",
        "source_geo_id": "geo_ph_0059",
        "source_psgc": "0631000000",
        "source_boundary_level": "huc"
      },
      "geometry": {
        "type": "Polygon",
        "coordinates": [
          [
            [
              122.57295872500003,
              10.694957229000067
            ],
            [
              122.5719694180001,
              10.69331448500003
            ],
            [
              122.571595752,
              10.693529343000023
            ],
            [
              122.5709698600001,
              10.693931035000048
            ],
            [
              122.5704373850001,
              10.694799811000053
            ],
            [
              122.569562087,
              10.695921017000046
            ],
            [
              122.57147402700002,
              10.697316786000044
            ],
            [
              122.57295872500003,
              10.694957229000067
            ]
          ]
        ]
      }
    },
    {
      "type": "Feature",
      "properties": {
        "geo_id": "geo_ph_0042",
        "name": "Iloilo expedition",
        "component": "Iloilo City HUC / North Avanceña",
        "source_geo_id": "geo_ph_0059",
        "source_psgc": "0631000000",
        "source_boundary_level": "huc"
      },
      "geometry": {
        "type": "Polygon",
        "coordinates": [
          [
            [
              122.54332238300003,
              10.697361841000031
            ],
            [
              122.54203691300006,
              10.695591400000069
            ],
            [
              122.5390140510001,
              10.694076512000038
            ],
            [
              122.53868954100005,
              10.69461087700006
            ],
            [
              122.54045690700002,
              10.696409495000069
            ],
            [
              122.54303461800009,
              10.697850912000035
            ],
            [
              122.54332238300003,
              10.697361841000031
            ]
          ]
        ]
      }
    },
    {
      "type": "Feature",
      "properties": {
        "geo_id": "geo_ph_0042",
        "name": "Iloilo expedition",
        "component": "Iloilo City HUC / Bakhaw",
        "source_geo_id": "geo_ph_0059",
        "source_psgc": "0631000000",
        "source_boundary_level": "huc"
      },
      "geometry": {
        "type": "Polygon",
        "coordinates": [
          [
            [
              122.55598835100011,
              10.720921998000051
            ],
            [
              122.55672279900011,
              10.716717161000076
            ],
            [
              122.55550452600005,
              10.715284436000047
            ],
            [
              122.55273152400002,
              10.716123842000059
            ],
            [
              122.55437060200006,
              10.720785112000044
            ],
            [
              122.5551662790001,
              10.721034125000074
            ],
            [
              122.55598835100011,
              10.720921998000051
            ]
          ]
        ]
      }
    },
    {
      "type": "Feature",
      "properties": {
        "geo_id": "geo_ph_0042",
        "name": "Iloilo expedition",
        "component": "Iloilo City HUC / Balabago",
        "source_geo_id": "geo_ph_0059",
        "source_psgc": "0631000000",
        "source_boundary_level": "huc"
      },
      "geometry": {
        "type": "Polygon",
        "coordinates": [
          [
            [
              122.5807820120001,
              10.748432255000068
            ],
            [
              122.5860777260001,
              10.745283971000049
            ],
            [
              122.57941077900011,
              10.732675576000076
            ],
            [
              122.57440743100005,
              10.73189575200007
            ],
            [
              122.57251687400003,
              10.729218505000063
            ],
            [
              122.56425599600004,
              10.735186984000052
            ],
            [
              122.56809577700005,
              10.741462421000051
            ],
            [
              122.56974129100001,
              10.74391587100007
            ],
            [
              122.57777539000006,
              10.749900247000028
            ],
            [
              122.5807820120001,
              10.748432255000068
            ]
          ]
        ]
      }
    },
    {
      "type": "Feature",
      "properties": {
        "geo_id": "geo_ph_0042",
        "name": "Iloilo expedition",
        "component": "Iloilo City HUC / Balantang",
        "source_geo_id": "geo_ph_0059",
        "source_psgc": "0631000000",
        "source_boundary_level": "huc"
      },
      "geometry": {
        "type": "Polygon",
        "coordinates": [
          [
            [
              122.5711004640001,
              10.764446478000025
            ],
            [
              122.58513816700008,
              10.758726290000027
            ],
            [
              122.5807820120001,
              10.748432255000068
            ],
            [
              122.57777539000006,
              10.749900247000028
            ],
            [
              122.57163416700007,
              10.752931734000072
            ],
            [
              122.56413776000011,
              10.759250958000052
            ],
            [
              122.5711004640001,
              10.764446478000025
            ]
          ]
        ]
      }
    },
    {
      "type": "Feature",
      "properties": {
        "geo_id": "geo_ph_0042",
        "name": "Iloilo expedition",
        "component": "Iloilo City HUC / Baldoza",
        "source_geo_id": "geo_ph_0059",
        "source_psgc": "0631000000",
        "source_boundary_level": "huc"
      },
      "geometry": {
        "type": "Polygon",
        "coordinates": [
          [
            [
              122.58467470500011,
              10.715681544000063
            ],
            [
              122.58410763400002,
              10.713624272000061
            ],
            [
              122.57808313100008,
              10.709619703000044
            ],
            [
              122.57759718400007,
              10.710018294000065
            ],
            [
              122.57541032300003,
              10.714325489000032
            ],
            [
              122.57688276800002,
              10.715050869000038
            ],
            [
              122.58467470500011,
              10.715681544000063
            ]
          ]
        ]
      }
    },
    {
      "type": "Feature",
      "properties": {
        "geo_id": "geo_ph_0042",
        "name": "Iloilo expedition",
        "component": "Iloilo City HUC / Sinikway (Bangkerohan Lapuz)",
        "source_geo_id": "geo_ph_0059",
        "source_psgc": "0631000000",
        "source_boundary_level": "huc"
      },
      "geometry": {
        "type": "Polygon",
        "coordinates": [
          [
            [
              122.57603072400002,
              10.705018899000038
            ],
            [
              122.57355129900009,
              10.707634904000031
            ],
            [
              122.57436626900005,
              10.708426004000046
            ],
            [
              122.57643507000012,
              10.708466265000027
            ],
            [
              122.57603072400002,
              10.705018899000038
            ]
          ]
        ]
      }
    },
    {
      "type": "Feature",
      "properties": {
        "geo_id": "geo_ph_0042",
        "name": "Iloilo expedition",
        "component": "Iloilo City HUC / Bantud",
        "source_geo_id": "geo_ph_0059",
        "source_psgc": "0631000000",
        "source_boundary_level": "huc"
      },
      "geometry": {
        "type": "Polygon",
        "coordinates": [
          [
            [
              122.56652391700004,
              10.70939244300007
            ],
            [
              122.56659045300012,
              10.709142962000044
            ],
            [
              122.56394387000012,
              10.70669876200003
            ],
            [
              122.56216373000007,
              10.708831323000027
            ],
            [
              122.56524325100008,
              10.711424372000067
            ],
            [
              122.56652391700004,
              10.70939244300007
            ]
          ]
        ]
      }
    },
    {
      "type": "Feature",
      "properties": {
        "geo_id": "geo_ph_0042",
        "name": "Iloilo expedition",
        "component": "Iloilo City HUC / Banuyao",
        "source_geo_id": "geo_ph_0059",
        "source_psgc": "0631000000",
        "source_boundary_level": "huc"
      },
      "geometry": {
        "type": "Polygon",
        "coordinates": [
          [
            [
              122.57941077900011,
              10.732675576000076
            ],
            [
              122.582544331,
              10.728781624000021
            ],
            [
              122.58245977400009,
              10.725804169000071
            ],
            [
              122.57669512200005,
              10.725860133000026
            ],
            [
              122.57440743100005,
              10.73189575200007
            ],
            [
              122.57941077900011,
              10.732675576000076
            ]
          ]
        ]
      }
    },
    {
      "type": "Feature",
      "properties": {
        "geo_id": "geo_ph_0042",
        "name": "Iloilo expedition",
        "component": "Iloilo City HUC / Benedicto (Jaro)",
        "source_geo_id": "geo_ph_0059",
        "source_psgc": "0631000000",
        "source_boundary_level": "huc"
      },
      "geometry": {
        "type": "Polygon",
        "coordinates": [
          [
            [
              122.56204940600003,
              10.724264634000065
            ],
            [
              122.56119416500007,
              10.723190356000032
            ],
            [
              122.560113279,
              10.721963646000063
            ],
            [
              122.55752603300004,
              10.723268731000076
            ],
            [
              122.55615844300007,
              10.724599118000071
            ],
            [
              122.55647465200002,
              10.725035296000044
            ],
            [
              122.55700812100008,
              10.725550807000047
            ],
            [
              122.55864227200004,
              10.729025655000044
            ],
            [
              122.56204940600003,
              10.724264634000065
            ]
          ]
        ]
      }
    },
    {
      "type": "Feature",
      "properties": {
        "geo_id": "geo_ph_0042",
        "name": "Iloilo expedition",
        "component": "Iloilo City HUC / Bito-on",
        "source_geo_id": "geo_ph_0059",
        "source_psgc": "0631000000",
        "source_boundary_level": "huc"
      },
      "geometry": {
        "type": "Polygon",
        "coordinates": [
          [
            [
              122.58864761000007,
              10.743549195000071
            ],
            [
              122.5860777260001,
              10.745283971000049
            ],
            [
              122.5807820120001,
              10.748432255000068
            ],
            [
              122.58513816700008,
              10.758726290000027
            ],
            [
              122.58748730900004,
              10.761170704000051
            ],
            [
              122.5908906520001,
              10.764050429000065
            ],
            [
              122.59228179100012,
              10.75560045100002
            ],
            [
              122.58864761000007,
              10.743549195000071
            ]
          ]
        ]
      }
    },
    {
      "type": "Feature",
      "properties": {
        "geo_id": "geo_ph_0042",
        "name": "Iloilo expedition",
        "component": "Iloilo City HUC / Monica Blumentritt",
        "source_geo_id": "geo_ph_0059",
        "source_psgc": "0631000000",
        "source_boundary_level": "huc"
      },
      "geometry": {
        "type": "Polygon",
        "coordinates": [
          [
            [
              122.5799477810001,
              10.696777944000075
            ],
            [
              122.57772134200002,
              10.695405752000056
            ],
            [
              122.57655108900008,
              10.696336948000067
            ],
            [
              122.57714768700009,
              10.696936354000059
            ],
            [
              122.5791368570001,
              10.698770258000025
            ],
            [
              122.5799477810001,
              10.696777944000075
            ]
          ]
        ]
      }
    },
    {
      "type": "Feature",
      "properties": {
        "geo_id": "geo_ph_0042",
        "name": "Iloilo expedition",
        "component": "Iloilo City HUC / Bolilao",
        "source_geo_id": "geo_ph_0059",
        "source_psgc": "0631000000",
        "source_boundary_level": "huc"
      },
      "geometry": {
        "type": "Polygon",
        "coordinates": [
          [
            [
              122.55273152400002,
              10.716123842000059
            ],
            [
              122.55550452600005,
              10.715284436000047
            ],
            [
              122.55734554900005,
              10.712873276000039
            ],
            [
              122.55912458000012,
              10.712161184000024
            ],
            [
              122.55925023300006,
              10.710339758000032
            ],
            [
              122.55629328100008,
              10.709953127000063
            ],
            [
              122.55125059300008,
              10.71637722500003
            ],
            [
              122.55273152400002,
              10.716123842000059
            ]
          ]
        ]
      }
    },
    {
      "type": "Feature",
      "properties": {
        "geo_id": "geo_ph_0042",
        "name": "Iloilo expedition",
        "component": "Iloilo City HUC / Bonifacio Tanza",
        "source_geo_id": "geo_ph_0059",
        "source_psgc": "0631000000",
        "source_boundary_level": "huc"
      },
      "geometry": {
        "type": "Polygon",
        "coordinates": [
          [
            [
              122.55861974700008,
              10.693258667000066
            ],
            [
              122.55959095500009,
              10.69302566600004
            ],
            [
              122.55953368500002,
              10.691380895000066
            ],
            [
              122.55785652000009,
              10.693432018000067
            ],
            [
              122.55861974700008,
              10.693258667000066
            ]
          ]
        ]
      }
    },
    {
      "type": "Feature",
      "properties": {
        "geo_id": "geo_ph_0042",
        "name": "Iloilo expedition",
        "component": "Iloilo City HUC / Buhang",
        "source_geo_id": "geo_ph_0059",
        "source_psgc": "0631000000",
        "source_boundary_level": "huc"
      },
      "geometry": {
        "type": "Polygon",
        "coordinates": [
          [
            [
              122.57163416700007,
              10.752931734000072
            ],
            [
              122.57777539000006,
              10.749900247000028
            ],
            [
              122.56974129100001,
              10.74391587100007
            ],
            [
              122.55913115900012,
              10.75361288800002
            ],
            [
              122.56115494000005,
              10.758051194000075
            ],
            [
              122.57163416700007,
              10.752931734000072
            ]
          ]
        ]
      }
    },
    {
      "type": "Feature",
      "properties": {
        "geo_id": "geo_ph_0042",
        "name": "Iloilo expedition",
        "component": "Iloilo City HUC / Buhang Taft North",
        "source_geo_id": "geo_ph_0059",
        "source_psgc": "0631000000",
        "source_boundary_level": "huc"
      },
      "geometry": {
        "type": "Polygon",
        "coordinates": [
          [
            [
              122.55028450300006,
              10.721351003000052
            ],
            [
              122.55325948000007,
              10.720703788000037
            ],
            [
              122.55437060200006,
              10.720785112000044
            ],
            [
              122.55273152400002,
              10.716123842000059
            ],
            [
              122.55125059300008,
              10.71637722500003
            ],
            [
              122.54613746600012,
              10.714973904000033
            ],
            [
              122.5480237270001,
              10.719180025000071
            ],
            [
              122.54949018700006,
              10.722504591000074
            ],
            [
              122.55028450300006,
              10.721351003000052
            ]
          ]
        ]
      }
    },
    {
      "type": "Feature",
      "properties": {
        "geo_id": "geo_ph_0042",
        "name": "Iloilo expedition",
        "component": "Iloilo City HUC / Buntatala",
        "source_geo_id": "geo_ph_0059",
        "source_psgc": "0631000000",
        "source_boundary_level": "huc"
      },
      "geometry": {
        "type": "Polygon",
        "coordinates": [
          [
            [
              122.5908906520001,
              10.764050429000065
            ],
            [
              122.58748730900004,
              10.761170704000051
            ],
            [
              122.573194295,
              10.773159715000077
            ],
            [
              122.57595897700003,
              10.778009998000073
            ],
            [
              122.58481624300009,
              10.774174605000042
            ],
            [
              122.5908906520001,
              10.764050429000065
            ]
          ]
        ]
      }
    },
    {
      "type": "Feature",
      "properties": {
        "geo_id": "geo_ph_0042",
        "name": "Iloilo expedition",
        "component": "Iloilo City HUC / Seminario (Burgos Jalandoni)",
        "source_geo_id": "geo_ph_0059",
        "source_psgc": "0631000000",
        "source_boundary_level": "huc"
      },
      "geometry": {
        "type": "Polygon",
        "coordinates": [
          [
            [
              122.55752603300004,
              10.723268731000076
            ],
            [
              122.55757824700004,
              10.72319893100007
            ],
            [
              122.55598835100011,
              10.720921998000051
            ],
            [
              122.5551662790001,
              10.721034125000074
            ],
            [
              122.55552742600003,
              10.721805103000065
            ],
            [
              122.55537724200008,
              10.72349396900006
            ],
            [
              122.55546181200009,
              10.723601024000061
            ],
            [
              122.55615844300007,
              10.724599118000071
            ],
            [
              122.55752603300004,
              10.723268731000076
            ]
          ]
        ]
      }
    },
    {
      "type": "Feature",
      "properties": {
        "geo_id": "geo_ph_0042",
        "name": "Iloilo expedition",
        "component": "Iloilo City HUC / Caingin",
        "source_geo_id": "geo_ph_0059",
        "source_psgc": "0631000000",
        "source_boundary_level": "huc"
      },
      "geometry": {
        "type": "Polygon",
        "coordinates": [
          [
            [
              122.57688276800002,
              10.715050869000038
            ],
            [
              122.57541032300003,
              10.714325489000032
            ],
            [
              122.57265476200007,
              10.716266446000077
            ],
            [
              122.5726337530001,
              10.716686603000028
            ],
            [
              122.57521912200002,
              10.721047143000021
            ],
            [
              122.57688276800002,
              10.715050869000038
            ]
          ]
        ]
      }
    },
    {
      "type": "Feature",
      "properties": {
        "geo_id": "geo_ph_0042",
        "name": "Iloilo expedition",
        "component": "Iloilo City HUC / Calahunan",
        "source_geo_id": "geo_ph_0059",
        "source_psgc": "0631000000",
        "source_boundary_level": "huc"
      },
      "geometry": {
        "type": "Polygon",
        "coordinates": [
          [
            [
              122.52654073200006,
              10.722539590000054
            ],
            [
              122.53065540600005,
              10.717228459000069
            ],
            [
              122.53352837300008,
              10.711138763000065
            ],
            [
              122.52750836700011,
              10.704856143000029
            ],
            [
              122.51994709300004,
              10.708676292000064
            ],
            [
              122.52409757200007,
              10.713101304000077
            ],
            [
              122.52064000400003,
              10.720329352000022
            ],
            [
              122.52654073200006,
              10.722539590000054
            ]
          ]
        ]
      }
    },
    {
      "type": "Feature",
      "properties": {
        "geo_id": "geo_ph_0042",
        "name": "Iloilo expedition",
        "component": "Iloilo City HUC / Camalig",
        "source_geo_id": "geo_ph_0059",
        "source_psgc": "0631000000",
        "source_boundary_level": "huc"
      },
      "geometry": {
        "type": "Polygon",
        "coordinates": [
          [
            [
              122.57163416700007,
              10.752931734000072
            ],
            [
              122.56115494000005,
              10.758051194000075
            ],
            [
              122.56206207900004,
              10.759944836000045
            ],
            [
              122.56413776000011,
              10.759250958000052
            ],
            [
              122.57163416700007,
              10.752931734000072
            ]
          ]
        ]
      }
    },
    {
      "type": "Feature",
      "properties": {
        "geo_id": "geo_ph_0042",
        "name": "Iloilo expedition",
        "component": "Iloilo City HUC / El 98 Castilla (Claudio Lopez)",
        "source_geo_id": "geo_ph_0059",
        "source_psgc": "0631000000",
        "source_boundary_level": "huc"
      },
      "geometry": {
        "type": "Polygon",
        "coordinates": [
          [
            [
              122.55552742600003,
              10.721805103000065
            ],
            [
              122.55461748000005,
              10.72253353700006
            ],
            [
              122.55486642900007,
              10.722849162000045
            ],
            [
              122.55537724200008,
              10.72349396900006
            ],
            [
              122.55552742600003,
              10.721805103000065
            ]
          ]
        ]
      }
    },
    {
      "type": "Feature",
      "properties": {
        "geo_id": "geo_ph_0042",
        "name": "Iloilo expedition",
        "component": "Iloilo City HUC / Cochero",
        "source_geo_id": "geo_ph_0059",
        "source_psgc": "0631000000",
        "source_boundary_level": "huc"
      },
      "geometry": {
        "type": "Polygon",
        "coordinates": [
          [
            [
              122.55404295100004,
              10.694861262000074
            ],
            [
              122.55218822200004,
              10.692330921000064
            ],
            [
              122.55175013900009,
              10.69229966000006
            ],
            [
              122.55108382000003,
              10.694853198000033
            ],
            [
              122.55404295100004,
              10.694861262000074
            ]
          ]
        ]
      }
    },
    {
      "type": "Feature",
      "properties": {
        "geo_id": "geo_ph_0042",
        "name": "Iloilo expedition",
        "component": "Iloilo City HUC / Compania",
        "source_geo_id": "geo_ph_0059",
        "source_psgc": "0631000000",
        "source_boundary_level": "huc"
      },
      "geometry": {
        "type": "Polygon",
        "coordinates": [
          [
            [
              122.54292788400005,
              10.69095750300005
            ],
            [
              122.54338054000004,
              10.690138003000072
            ],
            [
              122.54079568500003,
              10.689177522000023
            ],
            [
              122.53661341700001,
              10.687076915000034
            ],
            [
              122.53500165500009,
              10.688764802000037
            ],
            [
              122.53955788200005,
              10.69117073600006
            ],
            [
              122.54292788400005,
              10.69095750300005
            ]
          ]
        ]
      }
    },
    {
      "type": "Feature",
      "properties": {
        "geo_id": "geo_ph_0042",
        "name": "Iloilo expedition",
        "component": "Iloilo City HUC / Concepcion-Montes",
        "source_geo_id": "geo_ph_0059",
        "source_psgc": "0631000000",
        "source_boundary_level": "huc"
      },
      "geometry": {
        "type": "Polygon",
        "coordinates": [
          [
            [
              122.58456057100011,
              10.692854668000052
            ],
            [
              122.58345710600008,
              10.691092364000042
            ],
            [
              122.57865801100002,
              10.69296134900003
            ],
            [
              122.57772134200002,
              10.695405752000056
            ],
            [
              122.5799477810001,
              10.696777944000075
            ],
            [
              122.58456057100011,
              10.692854668000052
            ]
          ]
        ]
      }
    },
    {
      "type": "Feature",
      "properties": {
        "geo_id": "geo_ph_0042",
        "name": "Iloilo expedition",
        "component": "Iloilo City HUC / Cuartero",
        "source_geo_id": "geo_ph_0059",
        "source_psgc": "0631000000",
        "source_boundary_level": "huc"
      },
      "geometry": {
        "type": "Polygon",
        "coordinates": [
          [
            [
              122.55419686100004,
              10.724474391000058
            ],
            [
              122.55546181200009,
              10.723601024000061
            ],
            [
              122.55537724200008,
              10.72349396900006
            ],
            [
              122.55486642900007,
              10.722849162000045
            ],
            [
              122.55152758400004,
              10.722240380000073
            ],
            [
              122.55028450300006,
              10.721351003000052
            ],
            [
              122.54949018700006,
              10.722504591000074
            ],
            [
              122.5480739080001,
              10.725132330000065
            ],
            [
              122.55168155900003,
              10.72804545400004
            ],
            [
              122.55419686100004,
              10.724474391000058
            ]
          ]
        ]
      }
    },
    {
      "type": "Feature",
      "properties": {
        "geo_id": "geo_ph_0042",
        "name": "Iloilo expedition",
        "component": "Iloilo City HUC / Cubay",
        "source_geo_id": "geo_ph_0059",
        "source_psgc": "0631000000",
        "source_boundary_level": "huc"
      },
      "geometry": {
        "type": "Polygon",
        "coordinates": [
          [
            [
              122.57251687400003,
              10.729218505000063
            ],
            [
              122.56589559000008,
              10.720911856000043
            ],
            [
              122.5656236000001,
              10.72187027800004
            ],
            [
              122.56468324700006,
              10.728144945000054
            ],
            [
              122.56095386700008,
              10.735729024000022
            ],
            [
              122.56425599600004,
              10.735186984000052
            ],
            [
              122.57251687400003,
              10.729218505000063
            ]
          ]
        ]
      }
    },
    {
      "type": "Feature",
      "properties": {
        "geo_id": "geo_ph_0042",
        "name": "Iloilo expedition",
        "component": "Iloilo City HUC / Danao",
        "source_geo_id": "geo_ph_0059",
        "source_psgc": "0631000000",
        "source_boundary_level": "huc"
      },
      "geometry": {
        "type": "Polygon",
        "coordinates": [
          [
            [
              122.56899666100003,
              10.69780740400006
            ],
            [
              122.5665485080001,
              10.697849462000022
            ],
            [
              122.56538698500003,
              10.704387962000055
            ],
            [
              122.56757472400011,
              10.705790050000076
            ],
            [
              122.56899666100003,
              10.69780740400006
            ]
          ]
        ]
      }
    },
    {
      "type": "Feature",
      "properties": {
        "geo_id": "geo_ph_0042",
        "name": "Iloilo expedition",
        "component": "Iloilo City HUC / Mabolo-Delgado",
        "source_geo_id": "geo_ph_0059",
        "source_psgc": "0631000000",
        "source_boundary_level": "huc"
      },
      "geometry": {
        "type": "Polygon",
        "coordinates": [
          [
            [
              122.55885849200001,
              10.696951609000052
            ],
            [
              122.55761363700003,
              10.695680540000069
            ],
            [
              122.55636157600009,
              10.696721668000066
            ],
            [
              122.5586770760001,
              10.698469297000031
            ],
            [
              122.55885849200001,
              10.696951609000052
            ]
          ]
        ]
      }
    },
    {
      "type": "Feature",
      "properties": {
        "geo_id": "geo_ph_0042",
        "name": "Iloilo expedition",
        "component": "Iloilo City HUC / Democracia",
        "source_geo_id": "geo_ph_0059",
        "source_psgc": "0631000000",
        "source_boundary_level": "huc"
      },
      "geometry": {
        "type": "Polygon",
        "coordinates": [
          [
            [
              122.55864227200004,
              10.729025655000044
            ],
            [
              122.55700812100008,
              10.725550807000047
            ],
            [
              122.55551469800002,
              10.727546870000026
            ],
            [
              122.55682126800002,
              10.72888247800006
            ],
            [
              122.55848530500009,
              10.729393595000033
            ],
            [
              122.55864227200004,
              10.729025655000044
            ]
          ]
        ]
      }
    },
    {
      "type": "Feature",
      "properties": {
        "geo_id": "geo_ph_0042",
        "name": "Iloilo expedition",
        "component": "Iloilo City HUC / Desamparados",
        "source_geo_id": "geo_ph_0059",
        "source_psgc": "0631000000",
        "source_boundary_level": "huc"
      },
      "geometry": {
        "type": "Polygon",
        "coordinates": [
          [
            [
              122.55552742600003,
              10.721805103000065
            ],
            [
              122.5551662790001,
              10.721034125000074
            ],
            [
              122.55437060200006,
              10.720785112000044
            ],
            [
              122.55325948000007,
              10.720703788000037
            ],
            [
              122.55358087400009,
              10.721148369000048
            ],
            [
              122.55461748000005,
              10.72253353700006
            ],
            [
              122.55552742600003,
              10.721805103000065
            ]
          ]
        ]
      }
    },
    {
      "type": "Feature",
      "properties": {
        "geo_id": "geo_ph_0042",
        "name": "Iloilo expedition",
        "component": "Iloilo City HUC / Divinagracia",
        "source_geo_id": "geo_ph_0059",
        "source_psgc": "0631000000",
        "source_boundary_level": "huc"
      },
      "geometry": {
        "type": "Polygon",
        "coordinates": [
          [
            [
              122.57436626900005,
              10.708426004000046
            ],
            [
              122.57355129900009,
              10.707634904000031
            ],
            [
              122.57146341700002,
              10.70713226600003
            ],
            [
              122.57028903900004,
              10.710474284000043
            ],
            [
              122.57180500900006,
              10.711590268000066
            ],
            [
              122.57183140300003,
              10.71161042700004
            ],
            [
              122.57436626900005,
              10.708426004000046
            ]
          ]
        ]
      }
    },
    {
      "type": "Feature",
      "properties": {
        "geo_id": "geo_ph_0042",
        "name": "Iloilo expedition",
        "component": "Iloilo City HUC / Don Esteban-Lapuz",
        "source_geo_id": "geo_ph_0059",
        "source_psgc": "0631000000",
        "source_boundary_level": "huc"
      },
      "geometry": {
        "type": "Polygon",
        "coordinates": [
          [
            [
              122.57808313100008,
              10.709619703000044
            ],
            [
              122.58006837800008,
              10.70372121500003
            ],
            [
              122.57705612300003,
              10.702605475000041
            ],
            [
              122.57538354400003,
              10.703995167000073
            ],
            [
              122.57603072400002,
              10.705018899000038
            ],
            [
              122.57643507000012,
              10.708466265000027
            ],
            [
              122.57759718400007,
              10.710018294000065
            ],
            [
              122.57808313100008,
              10.709619703000044
            ]
          ]
        ]
      }
    },
    {
      "type": "Feature",
      "properties": {
        "geo_id": "geo_ph_0042",
        "name": "Iloilo expedition",
        "component": "Iloilo City HUC / Dungon",
        "source_geo_id": "geo_ph_0059",
        "source_psgc": "0631000000",
        "source_boundary_level": "huc"
      },
      "geometry": {
        "type": "Polygon",
        "coordinates": [
          [
            [
              122.53626634500006,
              10.732843740000021
            ],
            [
              122.54315539800007,
              10.728676431000054
            ],
            [
              122.54217618400003,
              10.726922625000043
            ],
            [
              122.53961289000006,
              10.72386423200004
            ],
            [
              122.53638426000009,
              10.726414980000072
            ],
            [
              122.53169017100004,
              10.72985329100004
            ],
            [
              122.531429634,
              10.738380808000045
            ],
            [
              122.53626634500006,
              10.732843740000021
            ]
          ]
        ]
      }
    },
    {
      "type": "Feature",
      "properties": {
        "geo_id": "geo_ph_0042",
        "name": "Iloilo expedition",
        "component": "Iloilo City HUC / Dungon A",
        "source_geo_id": "geo_ph_0059",
        "source_psgc": "0631000000",
        "source_boundary_level": "huc"
      },
      "geometry": {
        "type": "Polygon",
        "coordinates": [
          [
            [
              122.55124440500003,
              10.729147843000021
            ],
            [
              122.5517855920001,
              10.728200911000044
            ],
            [
              122.55168155900003,
              10.72804545400004
            ],
            [
              122.5480739080001,
              10.725132330000065
            ],
            [
              122.54589095300003,
              10.726936300000034
            ],
            [
              122.54706427400004,
              10.73071242800006
            ],
            [
              122.55124440500003,
              10.729147843000021
            ]
          ]
        ]
      }
    },
    {
      "type": "Feature",
      "properties": {
        "geo_id": "geo_ph_0042",
        "name": "Iloilo expedition",
        "component": "Iloilo City HUC / Dungon B",
        "source_geo_id": "geo_ph_0059",
        "source_psgc": "0631000000",
        "source_boundary_level": "huc"
      },
      "geometry": {
        "type": "Polygon",
        "coordinates": [
          [
            [
              122.54197849500008,
              10.734740745000067
            ],
            [
              122.54706427400004,
              10.73071242800006
            ],
            [
              122.54589095300003,
              10.726936300000034
            ],
            [
              122.54315539800007,
              10.728676431000054
            ],
            [
              122.53626634500006,
              10.732843740000021
            ],
            [
              122.54197849500008,
              10.734740745000067
            ]
          ]
        ]
      }
    },
    {
      "type": "Feature",
      "properties": {
        "geo_id": "geo_ph_0042",
        "name": "Iloilo expedition",
        "component": "Iloilo City HUC / East Baluarte",
        "source_geo_id": "geo_ph_0059",
        "source_psgc": "0631000000",
        "source_boundary_level": "huc"
      },
      "geometry": {
        "type": "Polygon",
        "coordinates": [
          [
            [
              122.55175013900009,
              10.69229966000006
            ],
            [
              122.55103182800008,
              10.69228858100007
            ],
            [
              122.54925427300009,
              10.692028415000038
            ],
            [
              122.54802313400012,
              10.692251055000042
            ],
            [
              122.54742500200007,
              10.692662668000025
            ],
            [
              122.54893307100008,
              10.69419566700003
            ],
            [
              122.55108382000003,
              10.694853198000033
            ],
            [
              122.55175013900009,
              10.69229966000006
            ]
          ]
        ]
      }
    },
    {
      "type": "Feature",
      "properties": {
        "geo_id": "geo_ph_0042",
        "name": "Iloilo expedition",
        "component": "Iloilo City HUC / East Timawa",
        "source_geo_id": "geo_ph_0059",
        "source_psgc": "0631000000",
        "source_boundary_level": "huc"
      },
      "geometry": {
        "type": "Polygon",
        "coordinates": [
          [
            [
              122.55508076500007,
              10.697354569000026
            ],
            [
              122.55512964600007,
              10.696592137000039
            ],
            [
              122.5547190630001,
              10.696546516000069
            ],
            [
              122.54820230100006,
              10.695892653000044
            ],
            [
              122.54807673700009,
              10.696196507000025
            ],
            [
              122.55508076500007,
              10.697354569000026
            ]
          ]
        ]
      }
    },
    {
      "type": "Feature",
      "properties": {
        "geo_id": "geo_ph_0042",
        "name": "Iloilo expedition",
        "component": "Iloilo City HUC / Edganzon",
        "source_geo_id": "geo_ph_0059",
        "source_psgc": "0631000000",
        "source_boundary_level": "huc"
      },
      "geometry": {
        "type": "Polygon",
        "coordinates": [
          [
            [
              122.56899666100003,
              10.69780740400006
            ],
            [
              122.56901482400008,
              10.696540379000055
            ],
            [
              122.56772191100004,
              10.696106838000048
            ],
            [
              122.56625771100005,
              10.695630391000066
            ],
            [
              122.56470054500005,
              10.695153945000072
            ],
            [
              122.56470374300011,
              10.697676706000038
            ],
            [
              122.5665485080001,
              10.697849462000022
            ],
            [
              122.56899666100003,
              10.69780740400006
            ]
          ]
        ]
      }
    },
    {
      "type": "Feature",
      "properties": {
        "geo_id": "geo_ph_0042",
        "name": "Iloilo expedition",
        "component": "Iloilo City HUC / Tanza-Esperanza",
        "source_geo_id": "geo_ph_0059",
        "source_psgc": "0631000000",
        "source_boundary_level": "huc"
      },
      "geometry": {
        "type": "Polygon",
        "coordinates": [
          [
            [
              122.55989612000008,
              10.69638607500002
            ],
            [
              122.55883778500004,
              10.693326376000073
            ],
            [
              122.55861974700008,
              10.693258667000066
            ],
            [
              122.55785652000009,
              10.693432018000067
            ],
            [
              122.55685767000011,
              10.693650152000032
            ],
            [
              122.55751214700001,
              10.694903379000039
            ],
            [
              122.55989612000008,
              10.69638607500002
            ]
          ]
        ]
      }
    },
    {
      "type": "Feature",
      "properties": {
        "geo_id": "geo_ph_0042",
        "name": "Iloilo expedition",
        "component": "Iloilo City HUC / Fajardo",
        "source_geo_id": "geo_ph_0059",
        "source_psgc": "0631000000",
        "source_boundary_level": "huc"
      },
      "geometry": {
        "type": "Polygon",
        "coordinates": [
          [
            [
              122.55494301300007,
              10.726458593000075
            ],
            [
              122.55419686100004,
              10.724474391000058
            ],
            [
              122.55168155900003,
              10.72804545400004
            ],
            [
              122.5517855920001,
              10.728200911000044
            ],
            [
              122.55494301300007,
              10.726458593000075
            ]
          ]
        ]
      }
    },
    {
      "type": "Feature",
      "properties": {
        "geo_id": "geo_ph_0042",
        "name": "Iloilo expedition",
        "component": "Iloilo City HUC / Flores",
        "source_geo_id": "geo_ph_0059",
        "source_psgc": "0631000000",
        "source_boundary_level": "huc"
      },
      "geometry": {
        "type": "Polygon",
        "coordinates": [
          [
            [
              122.56464640000002,
              10.691864443000043
            ],
            [
              122.56307975600009,
              10.692184730000065
            ],
            [
              122.56159666500002,
              10.69254498500004
            ],
            [
              122.56160618500007,
              10.693206692000047
            ],
            [
              122.56316688100003,
              10.693202368000073
            ],
            [
              122.56464342100003,
              10.693323467000027
            ],
            [
              122.56464640000002,
              10.691864443000043
            ]
          ]
        ]
      }
    },
    {
      "type": "Feature",
      "properties": {
        "geo_id": "geo_ph_0042",
        "name": "Iloilo expedition",
        "component": "Iloilo City HUC / Gloria",
        "source_geo_id": "geo_ph_0059",
        "source_psgc": "0631000000",
        "source_boundary_level": "huc"
      },
      "geometry": {
        "type": "Polygon",
        "coordinates": [
          [
            [
              122.56316688100003,
              10.693202368000073
            ],
            [
              122.56160618500007,
              10.693206692000047
            ],
            [
              122.56160618500007,
              10.694211152000037
            ],
            [
              122.56315499900006,
              10.694700741000077
            ],
            [
              122.56316688100003,
              10.693202368000073
            ]
          ]
        ]
      }
    },
    {
      "type": "Feature",
      "properties": {
        "geo_id": "geo_ph_0042",
        "name": "Iloilo expedition",
        "component": "Iloilo City HUC / Gustilo",
        "source_geo_id": "geo_ph_0059",
        "source_psgc": "0631000000",
        "source_boundary_level": "huc"
      },
      "geometry": {
        "type": "Polygon",
        "coordinates": [
          [
            [
              122.5726337530001,
              10.716686603000028
            ],
            [
              122.57265476200007,
              10.716266446000077
            ],
            [
              122.57065018900005,
              10.713194302000034
            ],
            [
              122.56925571700003,
              10.715177027000038
            ],
            [
              122.57117364300007,
              10.717790308000076
            ],
            [
              122.5726337530001,
              10.716686603000028
            ]
          ]
        ]
      }
    },
    {
      "type": "Feature",
      "properties": {
        "geo_id": "geo_ph_0042",
        "name": "Iloilo expedition",
        "component": "Iloilo City HUC / Guzman-Jesena",
        "source_geo_id": "geo_ph_0059",
        "source_psgc": "0631000000",
        "source_boundary_level": "huc"
      },
      "geometry": {
        "type": "Polygon",
        "coordinates": [
          [
            [
              122.53638426000009,
              10.726414980000072
            ],
            [
              122.53579496300006,
              10.717787050000027
            ],
            [
              122.53065540600005,
              10.717228459000069
            ],
            [
              122.52654073200006,
              10.722539590000054
            ],
            [
              122.53169017100004,
              10.72985329100004
            ],
            [
              122.53638426000009,
              10.726414980000072
            ]
          ]
        ]
      }
    },
    {
      "type": "Feature",
      "properties": {
        "geo_id": "geo_ph_0042",
        "name": "Iloilo expedition",
        "component": "Iloilo City HUC / Habog-habog Salvacion",
        "source_geo_id": "geo_ph_0059",
        "source_psgc": "0631000000",
        "source_boundary_level": "huc"
      },
      "geometry": {
        "type": "Polygon",
        "coordinates": [
          [
            [
              122.54742500200007,
              10.692662668000025
            ],
            [
              122.54802313400012,
              10.692251055000042
            ],
            [
              122.5455369120001,
              10.690649260000043
            ],
            [
              122.54338054000004,
              10.690138003000072
            ],
            [
              122.54292788400005,
              10.69095750300005
            ],
            [
              122.5455300650001,
              10.694473390000041
            ],
            [
              122.54742500200007,
              10.692662668000025
            ]
          ]
        ]
      }
    },
    {
      "type": "Feature",
      "properties": {
        "geo_id": "geo_ph_0042",
        "name": "Iloilo expedition",
        "component": "Iloilo City HUC / Hibao-an Sur",
        "source_geo_id": "geo_ph_0059",
        "source_psgc": "0631000000",
        "source_boundary_level": "huc"
      },
      "geometry": {
        "type": "Polygon",
        "coordinates": [
          [
            [
              122.531429634,
              10.738380808000045
            ],
            [
              122.53169017100004,
              10.72985329100004
            ],
            [
              122.52654073200006,
              10.722539590000054
            ],
            [
              122.52064000400003,
              10.720329352000022
            ],
            [
              122.5159503860001,
              10.73268480300004
            ],
            [
              122.52435625200008,
              10.736228179000022
            ],
            [
              122.52276764800001,
              10.74207681400003
            ],
            [
              122.531429634,
              10.738380808000045
            ]
          ]
        ]
      }
    },
    {
      "type": "Feature",
      "properties": {
        "geo_id": "geo_ph_0042",
        "name": "Iloilo expedition",
        "component": "Iloilo City HUC / Hinactacan",
        "source_geo_id": "geo_ph_0059",
        "source_psgc": "0631000000",
        "source_boundary_level": "huc"
      },
      "geometry": {
        "type": "Polygon",
        "coordinates": [
          [
            [
              122.58864761000007,
              10.743549195000071
            ],
            [
              122.59810965200006,
              10.736416576000067
            ],
            [
              122.58861932100001,
              10.728165644000057
            ],
            [
              122.582544331,
              10.728781624000021
            ],
            [
              122.57941077900011,
              10.732675576000076
            ],
            [
              122.5860777260001,
              10.745283971000049
            ],
            [
              122.58864761000007,
              10.743549195000071
            ]
          ]
        ]
      }
    },
    {
      "type": "Feature",
      "properties": {
        "geo_id": "geo_ph_0042",
        "name": "Iloilo expedition",
        "component": "Iloilo City HUC / Hipodromo",
        "source_geo_id": "geo_ph_0059",
        "source_psgc": "0631000000",
        "source_boundary_level": "huc"
      },
      "geometry": {
        "type": "Polygon",
        "coordinates": [
          [
            [
              122.56315499900006,
              10.694700741000077
            ],
            [
              122.56160618500007,
              10.694211152000037
            ],
            [
              122.5616289190001,
              10.695565274000046
            ],
            [
              122.56165381400001,
              10.697239139000033
            ],
            [
              122.56317557600005,
              10.697457463000035
            ],
            [
              122.56315499900006,
              10.694700741000077
            ]
          ]
        ]
      }
    },
    {
      "type": "Feature",
      "properties": {
        "geo_id": "geo_ph_0042",
        "name": "Iloilo expedition",
        "component": "Iloilo City HUC / Inday",
        "source_geo_id": "geo_ph_0059",
        "source_psgc": "0631000000",
        "source_boundary_level": "huc"
      },
      "geometry": {
        "type": "Polygon",
        "coordinates": [
          [
            [
              122.56164879200003,
              10.701626136000073
            ],
            [
              122.56169648600007,
              10.700660711000069
            ],
            [
              122.5583168820001,
              10.700212511000075
            ],
            [
              122.55485595700009,
              10.699882949000028
            ],
            [
              122.55435561100012,
              10.701829161000035
            ],
            [
              122.56164879200003,
              10.701626136000073
            ]
          ]
        ]
      }
    },
    {
      "type": "Feature",
      "properties": {
        "geo_id": "geo_ph_0042",
        "name": "Iloilo expedition",
        "component": "Iloilo City HUC / Infante",
        "source_geo_id": "geo_ph_0059",
        "source_psgc": "0631000000",
        "source_boundary_level": "huc"
      },
      "geometry": {
        "type": "Polygon",
        "coordinates": [
          [
            [
              122.55554815800008,
              10.69543109700004
            ],
            [
              122.55546312900003,
              10.692961740000044
            ],
            [
              122.55218822200004,
              10.692330921000064
            ],
            [
              122.55404295100004,
              10.694861262000074
            ],
            [
              122.5547190630001,
              10.696546516000069
            ],
            [
              122.55512964600007,
              10.696592137000039
            ],
            [
              122.55562596200002,
              10.696647436000035
            ],
            [
              122.55554815800008,
              10.69543109700004
            ]
          ]
        ]
      }
    },
    {
      "type": "Feature",
      "properties": {
        "geo_id": "geo_ph_0042",
        "name": "Iloilo expedition",
        "component": "Iloilo City HUC / Ingore",
        "source_geo_id": "geo_ph_0059",
        "source_psgc": "0631000000",
        "source_boundary_level": "huc"
      },
      "geometry": {
        "type": "Polygon",
        "coordinates": [
          [
            [
              122.59055489500008,
              10.710164964000057
            ],
            [
              122.58410763400002,
              10.713624272000061
            ],
            [
              122.58467470500011,
              10.715681544000063
            ],
            [
              122.5843355940001,
              10.725517959000058
            ],
            [
              122.58245977400009,
              10.725804169000071
            ],
            [
              122.582544331,
              10.728781624000021
            ],
            [
              122.58861932100001,
              10.728165644000057
            ],
            [
              122.59810965200006,
              10.736416576000067
            ],
            [
              122.60023864100003,
              10.727565817000027
            ],
            [
              122.59055489500008,
              10.710164964000057
            ]
          ]
        ]
      }
    },
    {
      "type": "Feature",
      "properties": {
        "geo_id": "geo_ph_0042",
        "name": "Iloilo expedition",
        "component": "Iloilo City HUC / Jalandoni Estate-Lapuz",
        "source_geo_id": "geo_ph_0059",
        "source_psgc": "0631000000",
        "source_boundary_level": "huc"
      },
      "geometry": {
        "type": "Polygon",
        "coordinates": [
          [
            [
              122.57538354400003,
              10.703995167000073
            ],
            [
              122.57705612300003,
              10.702605475000041
            ],
            [
              122.57767123300005,
              10.700629969000033
            ],
            [
              122.57596706900006,
              10.699963682000032
            ],
            [
              122.57448368500002,
              10.701831136000067
            ],
            [
              122.57398708000005,
              10.701835568000035
            ],
            [
              122.57324767300008,
              10.70483435400007
            ],
            [
              122.57538354400003,
              10.703995167000073
            ]
          ]
        ]
      }
    },
    {
      "type": "Feature",
      "properties": {
        "geo_id": "geo_ph_0042",
        "name": "Iloilo expedition",
        "component": "Iloilo City HUC / Jalandoni-Wilson",
        "source_geo_id": "geo_ph_0059",
        "source_psgc": "0631000000",
        "source_boundary_level": "huc"
      },
      "geometry": {
        "type": "Polygon",
        "coordinates": [
          [
            [
              122.5616289190001,
              10.695565274000046
            ],
            [
              122.56160618500007,
              10.694211152000037
            ],
            [
              122.55883778500004,
              10.693326376000073
            ],
            [
              122.55989612000008,
              10.69638607500002
            ],
            [
              122.5616289190001,
              10.695565274000046
            ]
          ]
        ]
      }
    },
    {
      "type": "Feature",
      "properties": {
        "geo_id": "geo_ph_0042",
        "name": "Iloilo expedition",
        "component": "Iloilo City HUC / Delgado-Jalandoni-Bagumbayan",
        "source_geo_id": "geo_ph_0059",
        "source_psgc": "0631000000",
        "source_boundary_level": "huc"
      },
      "geometry": {
        "type": "Polygon",
        "coordinates": [
          [
            [
              122.5616289190001,
              10.695565274000046
            ],
            [
              122.55989612000008,
              10.69638607500002
            ],
            [
              122.56021193400011,
              10.697076214000049
            ],
            [
              122.56165381400001,
              10.697239139000033
            ],
            [
              122.5616289190001,
              10.695565274000046
            ]
          ]
        ]
      }
    },
    {
      "type": "Feature",
      "properties": {
        "geo_id": "geo_ph_0042",
        "name": "Iloilo expedition",
        "component": "Iloilo City HUC / Javellana",
        "source_geo_id": "geo_ph_0059",
        "source_psgc": "0631000000",
        "source_boundary_level": "huc"
      },
      "geometry": {
        "type": "Polygon",
        "coordinates": [
          [
            [
              122.56423238800005,
              10.718979650000051
            ],
            [
              122.56489521500009,
              10.717403655000055
            ],
            [
              122.56469920600011,
              10.71765275100006
            ],
            [
              122.56208893100006,
              10.716465992000053
            ],
            [
              122.56176346600012,
              10.71696825400005
            ],
            [
              122.56423238800005,
              10.718979650000051
            ]
          ]
        ]
      }
    },
    {
      "type": "Feature",
      "properties": {
        "geo_id": "geo_ph_0042",
        "name": "Iloilo expedition",
        "component": "Iloilo City HUC / Jereos",
        "source_geo_id": "geo_ph_0059",
        "source_psgc": "0631000000",
        "source_boundary_level": "huc"
      },
      "geometry": {
        "type": "Polygon",
        "coordinates": [
          [
            [
              122.57117364300007,
              10.717790308000076
            ],
            [
              122.56925571700003,
              10.715177027000038
            ],
            [
              122.5663290550001,
              10.718749672000058
            ],
            [
              122.56686682800012,
              10.720261343000061
            ],
            [
              122.57117364300007,
              10.717790308000076
            ]
          ]
        ]
      }
    },
    {
      "type": "Feature",
      "properties": {
        "geo_id": "geo_ph_0042",
        "name": "Iloilo expedition",
        "component": "Iloilo City HUC / Calubihan",
        "source_geo_id": "geo_ph_0059",
        "source_psgc": "0631000000",
        "source_boundary_level": "huc"
      },
      "geometry": {
        "type": "Polygon",
        "coordinates": [
          [
            [
              122.55358087400009,
              10.721148369000048
            ],
            [
              122.55325948000007,
              10.720703788000037
            ],
            [
              122.55028450300006,
              10.721351003000052
            ],
            [
              122.55152758400004,
              10.722240380000073
            ],
            [
              122.55358087400009,
              10.721148369000048
            ]
          ]
        ]
      }
    },
    {
      "type": "Feature",
      "properties": {
        "geo_id": "geo_ph_0042",
        "name": "Iloilo expedition",
        "component": "Iloilo City HUC / Kasingkasing",
        "source_geo_id": "geo_ph_0059",
        "source_psgc": "0631000000",
        "source_boundary_level": "huc"
      },
      "geometry": {
        "type": "Polygon",
        "coordinates": [
          [
            [
              122.54893307100008,
              10.69419566700003
            ],
            [
              122.54742500200007,
              10.692662668000025
            ],
            [
              122.5455300650001,
              10.694473390000041
            ],
            [
              122.54820230100006,
              10.695892653000044
            ],
            [
              122.54893307100008,
              10.69419566700003
            ]
          ]
        ]
      }
    },
    {
      "type": "Feature",
      "properties": {
        "geo_id": "geo_ph_0042",
        "name": "Iloilo expedition",
        "component": "Iloilo City HUC / Katilingban",
        "source_geo_id": "geo_ph_0059",
        "source_psgc": "0631000000",
        "source_boundary_level": "huc"
      },
      "geometry": {
        "type": "Polygon",
        "coordinates": [
          [
            [
              122.54480802600006,
              10.696292452000023
            ],
            [
              122.54476679000004,
              10.695322583000063
            ],
            [
              122.54203691300006,
              10.695591400000069
            ],
            [
              122.54332238300003,
              10.697361841000031
            ],
            [
              122.54406887200003,
              10.697761617000026
            ],
            [
              122.54480802600006,
              10.696292452000023
            ]
          ]
        ]
      }
    },
    {
      "type": "Feature",
      "properties": {
        "geo_id": "geo_ph_0042",
        "name": "Iloilo expedition",
        "component": "Iloilo City HUC / Kauswagan",
        "source_geo_id": "geo_ph_0059",
        "source_psgc": "0631000000",
        "source_boundary_level": "huc"
      },
      "geometry": {
        "type": "Polygon",
        "coordinates": [
          [
            [
              122.56780687700007,
              10.693566021000038
            ],
            [
              122.56624560700004,
              10.693443881000064
            ],
            [
              122.56625771100005,
              10.695630391000066
            ],
            [
              122.56772191100004,
              10.696106838000048
            ],
            [
              122.56780687700007,
              10.693566021000038
            ]
          ]
        ]
      }
    },
    {
      "type": "Feature",
      "properties": {
        "geo_id": "geo_ph_0042",
        "name": "Iloilo expedition",
        "component": "Iloilo City HUC / Our Lady Of Fatima",
        "source_geo_id": "geo_ph_0059",
        "source_psgc": "0631000000",
        "source_boundary_level": "huc"
      },
      "geometry": {
        "type": "Polygon",
        "coordinates": [
          [
            [
              122.56471317000012,
              10.720605707000061
            ],
            [
              122.56423238800005,
              10.718979650000051
            ],
            [
              122.56176346600012,
              10.71696825400005
            ],
            [
              122.5615551300001,
              10.71731184500004
            ],
            [
              122.55967274600005,
              10.720189927000035
            ],
            [
              122.55904336600008,
              10.721144794000054
            ],
            [
              122.560113279,
              10.721963646000063
            ],
            [
              122.56119416500007,
              10.723190356000032
            ],
            [
              122.56471317000012,
              10.720605707000061
            ]
          ]
        ]
      }
    },
    {
      "type": "Feature",
      "properties": {
        "geo_id": "geo_ph_0042",
        "name": "Iloilo expedition",
        "component": "Iloilo City HUC / Laguda",
        "source_geo_id": "geo_ph_0059",
        "source_psgc": "0631000000",
        "source_boundary_level": "huc"
      },
      "geometry": {
        "type": "Polygon",
        "coordinates": [
          [
            [
              122.5677251620001,
              10.708423122000056
            ],
            [
              122.56886183600011,
              10.70594989600005
            ],
            [
              122.56757472400011,
              10.705790050000076
            ],
            [
              122.56659045300012,
              10.709142962000044
            ],
            [
              122.56652391700004,
              10.70939244300007
            ],
            [
              122.5677251620001,
              10.708423122000056
            ]
          ]
        ]
      }
    },
    {
      "type": "Feature",
      "properties": {
        "geo_id": "geo_ph_0042",
        "name": "Iloilo expedition",
        "component": "Iloilo City HUC / Lanit",
        "source_geo_id": "geo_ph_0059",
        "source_psgc": "0631000000",
        "source_boundary_level": "huc"
      },
      "geometry": {
        "type": "Polygon",
        "coordinates": [
          [
            [
              122.57595897700003,
              10.778009998000073
            ],
            [
              122.573194295,
              10.773159715000077
            ],
            [
              122.5711004640001,
              10.764446478000025
            ],
            [
              122.56413776000011,
              10.759250958000052
            ],
            [
              122.56206207900004,
              10.759944836000045
            ],
            [
              122.55893537700001,
              10.76043244400006
            ],
            [
              122.56614833200001,
              10.783204043000069
            ],
            [
              122.57595897700003,
              10.778009998000073
            ]
          ]
        ]
      }
    },
    {
      "type": "Feature",
      "properties": {
        "geo_id": "geo_ph_0042",
        "name": "Iloilo expedition",
        "component": "Iloilo City HUC / Lapuz Norte",
        "source_geo_id": "geo_ph_0059",
        "source_psgc": "0631000000",
        "source_boundary_level": "huc"
      },
      "geometry": {
        "type": "Polygon",
        "coordinates": [
          [
            [
              122.58006837800008,
              10.70372121500003
            ],
            [
              122.58213576300011,
              10.699750375000065
            ],
            [
              122.58216138000012,
              10.698311262000061
            ],
            [
              122.58571680600005,
              10.694348685000023
            ],
            [
              122.58456057100011,
              10.692854668000052
            ],
            [
              122.5799477810001,
              10.696777944000075
            ],
            [
              122.5791368570001,
              10.698770258000025
            ],
            [
              122.57767123300005,
              10.700629969000033
            ],
            [
              122.57705612300003,
              10.702605475000041
            ],
            [
              122.58006837800008,
              10.70372121500003
            ]
          ]
        ]
      }
    },
    {
      "type": "Feature",
      "properties": {
        "geo_id": "geo_ph_0042",
        "name": "Iloilo expedition",
        "component": "Iloilo City HUC / Lapuz Sur",
        "source_geo_id": "geo_ph_0059",
        "source_psgc": "0631000000",
        "source_boundary_level": "huc"
      },
      "geometry": {
        "type": "Polygon",
        "coordinates": [
          [
            [
              122.57228998900007,
              10.705243385000074
            ],
            [
              122.57250604400008,
              10.705094417000055
            ],
            [
              122.57243981800002,
              10.701822673000038
            ],
            [
              122.57076132000009,
              10.700530750000041
            ],
            [
              122.56962461100011,
              10.705365221000022
            ],
            [
              122.57107945500002,
              10.706462380000062
            ],
            [
              122.57228998900007,
              10.705243385000074
            ]
          ]
        ]
      }
    },
    {
      "type": "Feature",
      "properties": {
        "geo_id": "geo_ph_0042",
        "name": "Iloilo expedition",
        "component": "Iloilo City HUC / Legaspi dela Rama",
        "source_geo_id": "geo_ph_0059",
        "source_psgc": "0631000000",
        "source_boundary_level": "huc"
      },
      "geometry": {
        "type": "Polygon",
        "coordinates": [
          [
            [
              122.57767123300005,
              10.700629969000033
            ],
            [
              122.5791368570001,
              10.698770258000025
            ],
            [
              122.57714768700009,
              10.696936354000059
            ],
            [
              122.5751692550001,
              10.697434601000054
            ],
            [
              122.57579833000011,
              10.699428816000022
            ],
            [
              122.57596706900006,
              10.699963682000032
            ],
            [
              122.57767123300005,
              10.700629969000033
            ]
          ]
        ]
      }
    },
    {
      "type": "Feature",
      "properties": {
        "geo_id": "geo_ph_0042",
        "name": "Iloilo expedition",
        "component": "Iloilo City HUC / Liberation",
        "source_geo_id": "geo_ph_0059",
        "source_psgc": "0631000000",
        "source_boundary_level": "huc"
      },
      "geometry": {
        "type": "Polygon",
        "coordinates": [
          [
            [
              122.56470054500005,
              10.695153945000072
            ],
            [
              122.56315499900006,
              10.694700741000077
            ],
            [
              122.56317557600005,
              10.697457463000035
            ],
            [
              122.56470374300011,
              10.697676706000038
            ],
            [
              122.56470054500005,
              10.695153945000072
            ]
          ]
        ]
      }
    },
    {
      "type": "Feature",
      "properties": {
        "geo_id": "geo_ph_0042",
        "name": "Iloilo expedition",
        "component": "Iloilo City HUC / Libertad, Santa Isabel",
        "source_geo_id": "geo_ph_0059",
        "source_psgc": "0631000000",
        "source_boundary_level": "huc"
      },
      "geometry": {
        "type": "Polygon",
        "coordinates": [
          [
            [
              122.55647465200002,
              10.725035296000044
            ],
            [
              122.55615844300007,
              10.724599118000071
            ],
            [
              122.55546181200009,
              10.723601024000061
            ],
            [
              122.55419686100004,
              10.724474391000058
            ],
            [
              122.55494301300007,
              10.726458593000075
            ],
            [
              122.55647465200002,
              10.725035296000044
            ]
          ]
        ]
      }
    },
    {
      "type": "Feature",
      "properties": {
        "geo_id": "geo_ph_0042",
        "name": "Iloilo expedition",
        "component": "Iloilo City HUC / Libertad-Lapuz",
        "source_geo_id": "geo_ph_0059",
        "source_psgc": "0631000000",
        "source_boundary_level": "huc"
      },
      "geometry": {
        "type": "Polygon",
        "coordinates": [
          [
            [
              122.57596706900006,
              10.699963682000032
            ],
            [
              122.57579833000011,
              10.699428816000022
            ],
            [
              122.57448368500002,
              10.701831136000067
            ],
            [
              122.57596706900006,
              10.699963682000032
            ]
          ]
        ]
      }
    },
    {
      "type": "Feature",
      "properties": {
        "geo_id": "geo_ph_0042",
        "name": "Iloilo expedition",
        "component": "Iloilo City HUC / Lopez Jaena (Jaro)",
        "source_geo_id": "geo_ph_0059",
        "source_psgc": "0631000000",
        "source_boundary_level": "huc"
      },
      "geometry": {
        "type": "Polygon",
        "coordinates": [
          [
            [
              122.5532158310001,
              10.732055880000075
            ],
            [
              122.55403414700004,
              10.729957461000026
            ],
            [
              122.5535642640001,
              10.729447924000056
            ],
            [
              122.55114870700004,
              10.729904
            ],
            [
              122.55250884300006,
              10.732350972000063
            ],
            [
              122.5532158310001,
              10.732055880000075
            ]
          ]
        ]
      }
    },
    {
      "type": "Feature",
      "properties": {
        "geo_id": "geo_ph_0042",
        "name": "Iloilo expedition",
        "component": "Iloilo City HUC / Loboc-Lapuz",
        "source_geo_id": "geo_ph_0059",
        "source_psgc": "0631000000",
        "source_boundary_level": "huc"
      },
      "geometry": {
        "type": "Polygon",
        "coordinates": [
          [
            [
              122.58410763400002,
              10.713624272000061
            ],
            [
              122.59055489500008,
              10.710164964000057
            ],
            [
              122.58808936900004,
              10.701986098000077
            ],
            [
              122.58786377600006,
              10.701871555000025
            ],
            [
              122.58213576300011,
              10.699750375000065
            ],
            [
              122.58006837800008,
              10.70372121500003
            ],
            [
              122.57808313100008,
              10.709619703000044
            ],
            [
              122.58410763400002,
              10.713624272000061
            ]
          ]
        ]
      }
    },
    {
      "type": "Feature",
      "properties": {
        "geo_id": "geo_ph_0042",
        "name": "Iloilo expedition",
        "component": "Iloilo City HUC / Lopez Jaena Norte",
        "source_geo_id": "geo_ph_0059",
        "source_psgc": "0631000000",
        "source_boundary_level": "huc"
      },
      "geometry": {
        "type": "Polygon",
        "coordinates": [
          [
            [
              122.57541032300003,
              10.714325489000032
            ],
            [
              122.57183140300003,
              10.71161042700004
            ],
            [
              122.57180500900006,
              10.711590268000066
            ],
            [
              122.57065018900005,
              10.713194302000034
            ],
            [
              122.57265476200007,
              10.716266446000077
            ],
            [
              122.57541032300003,
              10.714325489000032
            ]
          ]
        ]
      }
    },
    {
      "type": "Feature",
      "properties": {
        "geo_id": "geo_ph_0042",
        "name": "Iloilo expedition",
        "component": "Iloilo City HUC / Lopez Jaena Sur",
        "source_geo_id": "geo_ph_0059",
        "source_psgc": "0631000000",
        "source_boundary_level": "huc"
      },
      "geometry": {
        "type": "Polygon",
        "coordinates": [
          [
            [
              122.57759718400007,
              10.710018294000065
            ],
            [
              122.57643507000012,
              10.708466265000027
            ],
            [
              122.57436626900005,
              10.708426004000046
            ],
            [
              122.57183140300003,
              10.71161042700004
            ],
            [
              122.57541032300003,
              10.714325489000032
            ],
            [
              122.57759718400007,
              10.710018294000065
            ]
          ]
        ]
      }
    },
    {
      "type": "Feature",
      "properties": {
        "geo_id": "geo_ph_0042",
        "name": "Iloilo expedition",
        "component": "Iloilo City HUC / Luna (Jaro)",
        "source_geo_id": "geo_ph_0059",
        "source_psgc": "0631000000",
        "source_boundary_level": "huc"
      },
      "geometry": {
        "type": "Polygon",
        "coordinates": [
          [
            [
              122.560113279,
              10.721963646000063
            ],
            [
              122.55904336600008,
              10.721144794000054
            ],
            [
              122.55757824700004,
              10.72319893100007
            ],
            [
              122.55752603300004,
              10.723268731000076
            ],
            [
              122.560113279,
              10.721963646000063
            ]
          ]
        ]
      }
    },
    {
      "type": "Feature",
      "properties": {
        "geo_id": "geo_ph_0042",
        "name": "Iloilo expedition",
        "component": "Iloilo City HUC / M. V. Hechanova",
        "source_geo_id": "geo_ph_0059",
        "source_psgc": "0631000000",
        "source_boundary_level": "huc"
      },
      "geometry": {
        "type": "Polygon",
        "coordinates": [
          [
            [
              122.56974129100001,
              10.74391587100007
            ],
            [
              122.56809577700005,
              10.741462421000051
            ],
            [
              122.55842650000011,
              10.74740014200006
            ],
            [
              122.55913115900012,
              10.75361288800002
            ],
            [
              122.56974129100001,
              10.74391587100007
            ]
          ]
        ]
      }
    },
    {
      "type": "Feature",
      "properties": {
        "geo_id": "geo_ph_0042",
        "name": "Iloilo expedition",
        "component": "Iloilo City HUC / Burgos-Mabini-Plaza",
        "source_geo_id": "geo_ph_0059",
        "source_psgc": "0631000000",
        "source_boundary_level": "huc"
      },
      "geometry": {
        "type": "Polygon",
        "coordinates": [
          [
            [
              122.56925571700003,
              10.715177027000038
            ],
            [
              122.57065018900005,
              10.713194302000034
            ],
            [
              122.57180500900006,
              10.711590268000066
            ],
            [
              122.57028903900004,
              10.710474284000043
            ],
            [
              122.56944673300006,
              10.70980177000007
            ],
            [
              122.56754559600006,
              10.712156312000047
            ],
            [
              122.56500440200011,
              10.717442851000044
            ],
            [
              122.5663290550001,
              10.718749672000058
            ],
            [
              122.56925571700003,
              10.715177027000038
            ]
          ]
        ]
      }
    },
    {
      "type": "Feature",
      "properties": {
        "geo_id": "geo_ph_0042",
        "name": "Iloilo expedition",
        "component": "Iloilo City HUC / Macarthur",
        "source_geo_id": "geo_ph_0059",
        "source_psgc": "0631000000",
        "source_boundary_level": "huc"
      },
      "geometry": {
        "type": "Polygon",
        "coordinates": [
          [
            [
              122.57146341700002,
              10.70713226600003
            ],
            [
              122.56878735600003,
              10.709286389000056
            ],
            [
              122.56944673300006,
              10.70980177000007
            ],
            [
              122.57028903900004,
              10.710474284000043
            ],
            [
              122.57146341700002,
              10.70713226600003
            ]
          ]
        ]
      }
    },
    {
      "type": "Feature",
      "properties": {
        "geo_id": "geo_ph_0042",
        "name": "Iloilo expedition",
        "component": "Iloilo City HUC / Magdalo",
        "source_geo_id": "geo_ph_0059",
        "source_psgc": "0631000000",
        "source_boundary_level": "huc"
      },
      "geometry": {
        "type": "Polygon",
        "coordinates": [
          [
            [
              122.56754559600006,
              10.712156312000047
            ],
            [
              122.56705095200005,
              10.710750534000056
            ],
            [
              122.56490957300002,
              10.717367891000038
            ],
            [
              122.56500440200011,
              10.717442851000044
            ],
            [
              122.56754559600006,
              10.712156312000047
            ]
          ]
        ]
      }
    },
    {
      "type": "Feature",
      "properties": {
        "geo_id": "geo_ph_0042",
        "name": "Iloilo expedition",
        "component": "Iloilo City HUC / Magsaysay",
        "source_geo_id": "geo_ph_0059",
        "source_psgc": "0631000000",
        "source_boundary_level": "huc"
      },
      "geometry": {
        "type": "Polygon",
        "coordinates": [
          [
            [
              122.569562087,
              10.695921017000046
            ],
            [
              122.5704373850001,
              10.694799811000053
            ],
            [
              122.56780687700007,
              10.693566021000038
            ],
            [
              122.56772191100004,
              10.696106838000048
            ],
            [
              122.56901482400008,
              10.696540379000055
            ],
            [
              122.569562087,
              10.695921017000046
            ]
          ]
        ]
      }
    },
    {
      "type": "Feature",
      "properties": {
        "geo_id": "geo_ph_0042",
        "name": "Iloilo expedition",
        "component": "Iloilo City HUC / Magsaysay Village",
        "source_geo_id": "geo_ph_0059",
        "source_psgc": "0631000000",
        "source_boundary_level": "huc"
      },
      "geometry": {
        "type": "Polygon",
        "coordinates": [
          [
            [
              122.56524325100008,
              10.711424372000067
            ],
            [
              122.56216373000007,
              10.708831323000027
            ],
            [
              122.55925023300006,
              10.710339758000032
            ],
            [
              122.55912458000012,
              10.712161184000024
            ],
            [
              122.56275362200006,
              10.715404242000034
            ],
            [
              122.56524325100008,
              10.711424372000067
            ]
          ]
        ]
      }
    },
    {
      "type": "Feature",
      "properties": {
        "geo_id": "geo_ph_0042",
        "name": "Iloilo expedition",
        "component": "Iloilo City HUC / Malipayon-Delgado",
        "source_geo_id": "geo_ph_0059",
        "source_psgc": "0631000000",
        "source_boundary_level": "huc"
      },
      "geometry": {
        "type": "Polygon",
        "coordinates": [
          [
            [
              122.55989612000008,
              10.69638607500002
            ],
            [
              122.55751214700001,
              10.694903379000039
            ],
            [
              122.55761363700003,
              10.695680540000069
            ],
            [
              122.55885849200001,
              10.696951609000052
            ],
            [
              122.56021193400011,
              10.697076214000049
            ],
            [
              122.55989612000008,
              10.69638607500002
            ]
          ]
        ]
      }
    },
    {
      "type": "Feature",
      "properties": {
        "geo_id": "geo_ph_0042",
        "name": "Iloilo expedition",
        "component": "Iloilo City HUC / Mansaya-Lapuz",
        "source_geo_id": "geo_ph_0059",
        "source_psgc": "0631000000",
        "source_boundary_level": "huc"
      },
      "geometry": {
        "type": "Polygon",
        "coordinates": [
          [
            [
              122.58786377600006,
              10.701871555000025
            ],
            [
              122.58216138000012,
              10.698311262000061
            ],
            [
              122.58213576300011,
              10.699750375000065
            ],
            [
              122.58786377600006,
              10.701871555000025
            ]
          ]
        ]
      }
    },
    {
      "type": "Feature",
      "properties": {
        "geo_id": "geo_ph_0042",
        "name": "Iloilo expedition",
        "component": "Iloilo City HUC / Marcelo H. del Pilar",
        "source_geo_id": "geo_ph_0059",
        "source_psgc": "0631000000",
        "source_boundary_level": "huc"
      },
      "geometry": {
        "type": "Polygon",
        "coordinates": [
          [
            [
              122.5656236000001,
              10.72187027800004
            ],
            [
              122.56471317000012,
              10.720605707000061
            ],
            [
              122.56119416500007,
              10.723190356000032
            ],
            [
              122.56204940600003,
              10.724264634000065
            ],
            [
              122.56468324700006,
              10.728144945000054
            ],
            [
              122.5656236000001,
              10.72187027800004
            ]
          ]
        ]
      }
    },
    {
      "type": "Feature",
      "properties": {
        "geo_id": "geo_ph_0042",
        "name": "Iloilo expedition",
        "component": "Iloilo City HUC / Maria Clara",
        "source_geo_id": "geo_ph_0059",
        "source_psgc": "0631000000",
        "source_boundary_level": "huc"
      },
      "geometry": {
        "type": "Polygon",
        "coordinates": [
          [
            [
              122.571595752,
              10.693529343000023
            ],
            [
              122.5704419220001,
              10.69047715000005
            ],
            [
              122.56790796900009,
              10.690945260000035
            ],
            [
              122.56809991700004,
              10.691944225000043
            ],
            [
              122.5709698600001,
              10.693931035000048
            ],
            [
              122.571595752,
              10.693529343000023
            ]
          ]
        ]
      }
    },
    {
      "type": "Feature",
      "properties": {
        "geo_id": "geo_ph_0042",
        "name": "Iloilo expedition",
        "component": "Iloilo City HUC / Maria Cristina",
        "source_geo_id": "geo_ph_0059",
        "source_psgc": "0631000000",
        "source_boundary_level": "huc"
      },
      "geometry": {
        "type": "Polygon",
        "coordinates": [
          [
            [
              122.55682126800002,
              10.72888247800006
            ],
            [
              122.55551469800002,
              10.727546870000026
            ],
            [
              122.5535642640001,
              10.729447924000056
            ],
            [
              122.55403414700004,
              10.729957461000026
            ],
            [
              122.55537158700008,
              10.730502045000037
            ],
            [
              122.55682126800002,
              10.72888247800006
            ]
          ]
        ]
      }
    },
    {
      "type": "Feature",
      "properties": {
        "geo_id": "geo_ph_0042",
        "name": "Iloilo expedition",
        "component": "Iloilo City HUC / Mohon",
        "source_geo_id": "geo_ph_0059",
        "source_psgc": "0631000000",
        "source_boundary_level": "huc"
      },
      "geometry": {
        "type": "Polygon",
        "coordinates": [
          [
            [
              122.50274055600005,
              10.693461568000032
            ],
            [
              122.50240749500006,
              10.691525494000075
            ],
            [
              122.49834135200001,
              10.690985111000032
            ],
            [
              122.50274055600005,
              10.693461568000032
            ]
          ]
        ]
      }
    },
    {
      "type": "Feature",
      "properties": {
        "geo_id": "geo_ph_0042",
        "name": "Iloilo expedition",
        "component": "Iloilo City HUC / Montinola",
        "source_geo_id": "geo_ph_0059",
        "source_psgc": "0631000000",
        "source_boundary_level": "huc"
      },
      "geometry": {
        "type": "Polygon",
        "coordinates": [
          [
            [
              122.56176346600012,
              10.71696825400005
            ],
            [
              122.56208893100006,
              10.716465992000053
            ],
            [
              122.56264744700002,
              10.715565938000054
            ],
            [
              122.56275362200006,
              10.715404242000034
            ],
            [
              122.55912458000012,
              10.712161184000024
            ],
            [
              122.55734554900005,
              10.712873276000039
            ],
            [
              122.5615551300001,
              10.71731184500004
            ],
            [
              122.56176346600012,
              10.71696825400005
            ]
          ]
        ]
      }
    },
    {
      "type": "Feature",
      "properties": {
        "geo_id": "geo_ph_0042",
        "name": "Iloilo expedition",
        "component": "Iloilo City HUC / Muelle Loney-Montes",
        "source_geo_id": "geo_ph_0059",
        "source_psgc": "0631000000",
        "source_boundary_level": "huc"
      },
      "geometry": {
        "type": "Polygon",
        "coordinates": [
          [
            [
              122.57714768700009,
              10.696936354000059
            ],
            [
              122.57655108900008,
              10.696336948000067
            ],
            [
              122.57282885200004,
              10.692707276000021
            ],
            [
              122.5719694180001,
              10.69331448500003
            ],
            [
              122.57295872500003,
              10.694957229000067
            ],
            [
              122.5751692550001,
              10.697434601000054
            ],
            [
              122.57714768700009,
              10.696936354000059
            ]
          ]
        ]
      }
    },
    {
      "type": "Feature",
      "properties": {
        "geo_id": "geo_ph_0042",
        "name": "Iloilo expedition",
        "component": "Iloilo City HUC / Nabitasan",
        "source_geo_id": "geo_ph_0059",
        "source_psgc": "0631000000",
        "source_boundary_level": "huc"
      },
      "geometry": {
        "type": "Polygon",
        "coordinates": [
          [
            [
              122.55925023300006,
              10.710339758000032
            ],
            [
              122.56216373000007,
              10.708831323000027
            ],
            [
              122.56394387000012,
              10.70669876200003
            ],
            [
              122.56538698500003,
              10.704387962000055
            ],
            [
              122.56429758400009,
              10.70362486700003
            ],
            [
              122.56164879200003,
              10.701626136000073
            ],
            [
              122.55435561100012,
              10.701829161000035
            ],
            [
              122.55629328100008,
              10.709953127000063
            ],
            [
              122.55925023300006,
              10.710339758000032
            ]
          ]
        ]
      }
    },
    {
      "type": "Feature",
      "properties": {
        "geo_id": "geo_ph_0042",
        "name": "Iloilo expedition",
        "component": "Iloilo City HUC / Navais",
        "source_geo_id": "geo_ph_0059",
        "source_psgc": "0631000000",
        "source_boundary_level": "huc"
      },
      "geometry": {
        "type": "Polygon",
        "coordinates": [
          [
            [
              122.54078401200002,
              10.703386580000029
            ],
            [
              122.54066289900004,
              10.700451900000076
            ],
            [
              122.53900549100001,
              10.700550725000028
            ],
            [
              122.53459544300006,
              10.69980077200006
            ],
            [
              122.52938913700007,
              10.698235325000041
            ],
            [
              122.52750836700011,
              10.704856143000029
            ],
            [
              122.53352837300008,
              10.711138763000065
            ],
            [
              122.53646551600002,
              10.712262095000028
            ],
            [
              122.54078401200002,
              10.703386580000029
            ]
          ]
        ]
      }
    },
    {
      "type": "Feature",
      "properties": {
        "geo_id": "geo_ph_0042",
        "name": "Iloilo expedition",
        "component": "Iloilo City HUC / Nonoy",
        "source_geo_id": "geo_ph_0059",
        "source_psgc": "0631000000",
        "source_boundary_level": "huc"
      },
      "geometry": {
        "type": "Polygon",
        "coordinates": [
          [
            [
              122.5709698600001,
              10.693931035000048
            ],
            [
              122.56809991700004,
              10.691944225000043
            ],
            [
              122.56624163800006,
              10.692186350000043
            ],
            [
              122.56624560700004,
              10.693443881000064
            ],
            [
              122.56780687700007,
              10.693566021000038
            ],
            [
              122.5704373850001,
              10.694799811000053
            ],
            [
              122.5709698600001,
              10.693931035000048
            ]
          ]
        ]
      }
    },
    {
      "type": "Feature",
      "properties": {
        "geo_id": "geo_ph_0042",
        "name": "Iloilo expedition",
        "component": "Iloilo City HUC / North Fundidor",
        "source_geo_id": "geo_ph_0059",
        "source_psgc": "0631000000",
        "source_boundary_level": "huc"
      },
      "geometry": {
        "type": "Polygon",
        "coordinates": [
          [
            [
              122.53868954100005,
              10.69461087700006
            ],
            [
              122.5390140510001,
              10.694076512000038
            ],
            [
              122.53955788200005,
              10.69117073600006
            ],
            [
              122.53500165500009,
              10.688764802000037
            ],
            [
              122.52938913700007,
              10.698235325000041
            ],
            [
              122.53459544300006,
              10.69980077200006
            ],
            [
              122.53868954100005,
              10.69461087700006
            ]
          ]
        ]
      }
    },
    {
      "type": "Feature",
      "properties": {
        "geo_id": "geo_ph_0042",
        "name": "Iloilo expedition",
        "component": "Iloilo City HUC / North Baluarte",
        "source_geo_id": "geo_ph_0059",
        "source_psgc": "0631000000",
        "source_boundary_level": "huc"
      },
      "geometry": {
        "type": "Polygon",
        "coordinates": [
          [
            [
              122.55398731900004,
              10.68931970400007
            ],
            [
              122.5530729080001,
              10.689318397000022
            ],
            [
              122.55103182800008,
              10.69228858100007
            ],
            [
              122.55175013900009,
              10.69229966000006
            ],
            [
              122.55218822200004,
              10.692330921000064
            ],
            [
              122.55546312900003,
              10.692961740000044
            ],
            [
              122.55398731900004,
              10.68931970400007
            ]
          ]
        ]
      }
    },
    {
      "type": "Feature",
      "properties": {
        "geo_id": "geo_ph_0042",
        "name": "Iloilo expedition",
        "component": "Iloilo City HUC / North San Jose",
        "source_geo_id": "geo_ph_0059",
        "source_psgc": "0631000000",
        "source_boundary_level": "huc"
      },
      "geometry": {
        "type": "Polygon",
        "coordinates": [
          [
            [
              122.54066289900004,
              10.700451900000076
            ],
            [
              122.54237144400008,
              10.700158977000058
            ],
            [
              122.54303461800009,
              10.697850912000035
            ],
            [
              122.54045690700002,
              10.696409495000069
            ],
            [
              122.53900549100001,
              10.700550725000028
            ],
            [
              122.54066289900004,
              10.700451900000076
            ]
          ]
        ]
      }
    },
    {
      "type": "Feature",
      "properties": {
        "geo_id": "geo_ph_0042",
        "name": "Iloilo expedition",
        "component": "Iloilo City HUC / Oñate de Leon",
        "source_geo_id": "geo_ph_0059",
        "source_psgc": "0631000000",
        "source_boundary_level": "huc"
      },
      "geometry": {
        "type": "Polygon",
        "coordinates": [
          [
            [
              122.53579496300006,
              10.717787050000027
            ],
            [
              122.53744913700007,
              10.717547943000056
            ],
            [
              122.53888799300012,
              10.715905491000058
            ],
            [
              122.53646551600002,
              10.712262095000028
            ],
            [
              122.53352837300008,
              10.711138763000065
            ],
            [
              122.53065540600005,
              10.717228459000069
            ],
            [
              122.53579496300006,
              10.717787050000027
            ]
          ]
        ]
      }
    },
    {
      "type": "Feature",
      "properties": {
        "geo_id": "geo_ph_0042",
        "name": "Iloilo expedition",
        "component": "Iloilo City HUC / Obrero-Lapuz",
        "source_geo_id": "geo_ph_0059",
        "source_psgc": "0631000000",
        "source_boundary_level": "huc"
      },
      "geometry": {
        "type": "Polygon",
        "coordinates": [
          [
            [
              122.58571680600005,
              10.694348685000023
            ],
            [
              122.58216138000012,
              10.698311262000061
            ],
            [
              122.58786377600006,
              10.701871555000025
            ],
            [
              122.58808936900004,
              10.701986098000077
            ],
            [
              122.58571680600005,
              10.694348685000023
            ]
          ]
        ]
      }
    },
    {
      "type": "Feature",
      "properties": {
        "geo_id": "geo_ph_0042",
        "name": "Iloilo expedition",
        "component": "Iloilo City HUC / Osmeña",
        "source_geo_id": "geo_ph_0059",
        "source_psgc": "0631000000",
        "source_boundary_level": "huc"
      },
      "geometry": {
        "type": "Polygon",
        "coordinates": [
          [
            [
              122.56624163800006,
              10.692186350000043
            ],
            [
              122.56624031100012,
              10.691761488000054
            ],
            [
              122.5653430100001,
              10.691742590000047
            ],
            [
              122.56464640000002,
              10.691864443000043
            ],
            [
              122.56464342100003,
              10.693323467000027
            ],
            [
              122.56624560700004,
              10.693443881000064
            ],
            [
              122.56624163800006,
              10.692186350000043
            ]
          ]
        ]
      }
    },
    {
      "type": "Feature",
      "properties": {
        "geo_id": "geo_ph_0042",
        "name": "Iloilo expedition",
        "component": "Iloilo City HUC / Our Lady Of Lourdes",
        "source_geo_id": "geo_ph_0059",
        "source_psgc": "0631000000",
        "source_boundary_level": "huc"
      },
      "geometry": {
        "type": "Polygon",
        "coordinates": [
          [
            [
              122.5615551300001,
              10.71731184500004
            ],
            [
              122.55734554900005,
              10.712873276000039
            ],
            [
              122.55550452600005,
              10.715284436000047
            ],
            [
              122.55672279900011,
              10.716717161000076
            ],
            [
              122.55967274600005,
              10.720189927000035
            ],
            [
              122.5615551300001,
              10.71731184500004
            ]
          ]
        ]
      }
    },
    {
      "type": "Feature",
      "properties": {
        "geo_id": "geo_ph_0042",
        "name": "Iloilo expedition",
        "component": "Iloilo City HUC / Rizal Palapala I",
        "source_geo_id": "geo_ph_0059",
        "source_psgc": "0631000000",
        "source_boundary_level": "huc"
      },
      "geometry": {
        "type": "Polygon",
        "coordinates": [
          [
            [
              122.56289574300001,
              10.691217326000071
            ],
            [
              122.56141974600007,
              10.69135366100005
            ],
            [
              122.56155740500003,
              10.69255441100006
            ],
            [
              122.56159666500002,
              10.69254498500004
            ],
            [
              122.56307975600009,
              10.692184730000065
            ],
            [
              122.56289574300001,
              10.691217326000071
            ]
          ]
        ]
      }
    },
    {
      "type": "Feature",
      "properties": {
        "geo_id": "geo_ph_0042",
        "name": "Iloilo expedition",
        "component": "Iloilo City HUC / Rizal Palapala II",
        "source_geo_id": "geo_ph_0059",
        "source_psgc": "0631000000",
        "source_boundary_level": "huc"
      },
      "geometry": {
        "type": "Polygon",
        "coordinates": [
          [
            [
              122.56464640000002,
              10.691864443000043
            ],
            [
              122.5653430100001,
              10.691742590000047
            ],
            [
              122.56529743100009,
              10.690744213000073
            ],
            [
              122.56295625200005,
              10.691134782000063
            ],
            [
              122.56292850000011,
              10.691145061000043
            ],
            [
              122.56289574300001,
              10.691217326000071
            ],
            [
              122.56307975600009,
              10.692184730000065
            ],
            [
              122.56464640000002,
              10.691864443000043
            ]
          ]
        ]
      }
    },
    {
      "type": "Feature",
      "properties": {
        "geo_id": "geo_ph_0042",
        "name": "Iloilo expedition",
        "component": "Iloilo City HUC / PHHC Block 17",
        "source_geo_id": "geo_ph_0059",
        "source_psgc": "0631000000",
        "source_boundary_level": "huc"
      },
      "geometry": {
        "type": "Polygon",
        "coordinates": [
          [
            [
              122.54328830200006,
              10.725231007000048
            ],
            [
              122.538035938,
              10.72019096200006
            ],
            [
              122.53961289000006,
              10.72386423200004
            ],
            [
              122.54217618400003,
              10.726922625000043
            ],
            [
              122.54328830200006,
              10.725231007000048
            ]
          ]
        ]
      }
    },
    {
      "type": "Feature",
      "properties": {
        "geo_id": "geo_ph_0042",
        "name": "Iloilo expedition",
        "component": "Iloilo City HUC / PHHC Block 22 NHA",
        "source_geo_id": "geo_ph_0059",
        "source_psgc": "0631000000",
        "source_boundary_level": "huc"
      },
      "geometry": {
        "type": "Polygon",
        "coordinates": [
          [
            [
              122.54440388700004,
              10.721969577000038
            ],
            [
              122.53851357100007,
              10.719858849000047
            ],
            [
              122.538035938,
              10.72019096200006
            ],
            [
              122.54328830200006,
              10.725231007000048
            ],
            [
              122.54440388700004,
              10.721969577000038
            ]
          ]
        ]
      }
    },
    {
      "type": "Feature",
      "properties": {
        "geo_id": "geo_ph_0042",
        "name": "Iloilo expedition",
        "component": "Iloilo City HUC / Poblacion Molo",
        "source_geo_id": "geo_ph_0059",
        "source_psgc": "0631000000",
        "source_boundary_level": "huc"
      },
      "geometry": {
        "type": "Polygon",
        "coordinates": [
          [
            [
              122.54807673700009,
              10.696196507000025
            ],
            [
              122.54820230100006,
              10.695892653000044
            ],
            [
              122.5455300650001,
              10.694473390000041
            ],
            [
              122.54476679000004,
              10.695322583000063
            ],
            [
              122.54480802600006,
              10.696292452000023
            ],
            [
              122.54717658900006,
              10.697670836000043
            ],
            [
              122.54807673700009,
              10.696196507000025
            ]
          ]
        ]
      }
    },
    {
      "type": "Feature",
      "properties": {
        "geo_id": "geo_ph_0042",
        "name": "Iloilo expedition",
        "component": "Iloilo City HUC / President Roxas",
        "source_geo_id": "geo_ph_0059",
        "source_psgc": "0631000000",
        "source_boundary_level": "huc"
      },
      "geometry": {
        "type": "Polygon",
        "coordinates": [
          [
            [
              122.56886183600011,
              10.70594989600005
            ],
            [
              122.56962461100011,
              10.705365221000022
            ],
            [
              122.57076132000009,
              10.700530750000041
            ],
            [
              122.57130906900011,
              10.69803151700006
            ],
            [
              122.56899666100003,
              10.69780740400006
            ],
            [
              122.56757472400011,
              10.705790050000076
            ],
            [
              122.56886183600011,
              10.70594989600005
            ]
          ]
        ]
      }
    },
    {
      "type": "Feature",
      "properties": {
        "geo_id": "geo_ph_0042",
        "name": "Iloilo expedition",
        "component": "Iloilo City HUC / Progreso-Lapuz",
        "source_geo_id": "geo_ph_0059",
        "source_psgc": "0631000000",
        "source_boundary_level": "huc"
      },
      "geometry": {
        "type": "Polygon",
        "coordinates": [
          [
            [
              122.57398708000005,
              10.701835568000035
            ],
            [
              122.57448368500002,
              10.701831136000067
            ],
            [
              122.57579833000011,
              10.699428816000022
            ],
            [
              122.5751692550001,
              10.697434601000054
            ],
            [
              122.57295872500003,
              10.694957229000067
            ],
            [
              122.57147402700002,
              10.697316786000044
            ],
            [
              122.57130906900011,
              10.69803151700006
            ],
            [
              122.57076132000009,
              10.700530750000041
            ],
            [
              122.57243981800002,
              10.701822673000038
            ],
            [
              122.57398708000005,
              10.701835568000035
            ]
          ]
        ]
      }
    },
    {
      "type": "Feature",
      "properties": {
        "geo_id": "geo_ph_0042",
        "name": "Iloilo expedition",
        "component": "Iloilo City HUC / Punong-Lapuz",
        "source_geo_id": "geo_ph_0059",
        "source_psgc": "0631000000",
        "source_boundary_level": "huc"
      },
      "geometry": {
        "type": "Polygon",
        "coordinates": [
          [
            [
              122.57324767300008,
              10.70483435400007
            ],
            [
              122.57398708000005,
              10.701835568000035
            ],
            [
              122.57243981800002,
              10.701822673000038
            ],
            [
              122.57250604400008,
              10.705094417000055
            ],
            [
              122.57324767300008,
              10.70483435400007
            ]
          ]
        ]
      }
    },
    {
      "type": "Feature",
      "properties": {
        "geo_id": "geo_ph_0042",
        "name": "Iloilo expedition",
        "component": "Iloilo City HUC / Quezon",
        "source_geo_id": "geo_ph_0059",
        "source_psgc": "0631000000",
        "source_boundary_level": "huc"
      },
      "geometry": {
        "type": "Polygon",
        "coordinates": [
          [
            [
              122.52216567200003,
              10.685075271000073
            ],
            [
              122.51671610300002,
              10.68615412500003
            ],
            [
              122.51647197200009,
              10.687652542000023
            ],
            [
              122.52140388400005,
              10.688108722000038
            ],
            [
              122.52216567200003,
              10.685075271000073
            ]
          ]
        ]
      }
    },
    {
      "type": "Feature",
      "properties": {
        "geo_id": "geo_ph_0042",
        "name": "Iloilo expedition",
        "component": "Iloilo City HUC / Quintin Salas",
        "source_geo_id": "geo_ph_0059",
        "source_psgc": "0631000000",
        "source_boundary_level": "huc"
      },
      "geometry": {
        "type": "Polygon",
        "coordinates": [
          [
            [
              122.56809577700005,
              10.741462421000051
            ],
            [
              122.56425599600004,
              10.735186984000052
            ],
            [
              122.56095386700008,
              10.735729024000022
            ],
            [
              122.55704959000002,
              10.74124846500007
            ],
            [
              122.55842650000011,
              10.74740014200006
            ],
            [
              122.56809577700005,
              10.741462421000051
            ]
          ]
        ]
      }
    },
    {
      "type": "Feature",
      "properties": {
        "geo_id": "geo_ph_0042",
        "name": "Iloilo expedition",
        "component": "Iloilo City HUC / Rizal Estanzuela",
        "source_geo_id": "geo_ph_0059",
        "source_psgc": "0631000000",
        "source_boundary_level": "huc"
      },
      "geometry": {
        "type": "Polygon",
        "coordinates": [
          [
            [
              122.56155740500003,
              10.69255441100006
            ],
            [
              122.56141974600007,
              10.69135366100005
            ],
            [
              122.56107547700003,
              10.691272764000075
            ],
            [
              122.56107362600005,
              10.691261849000057
            ],
            [
              122.56108351800003,
              10.691133241000045
            ],
            [
              122.56108733300005,
              10.691083646000038
            ],
            [
              122.56105904600008,
              10.691069668000068
            ],
            [
              122.55953368500002,
              10.691380895000066
            ],
            [
              122.55959095500009,
              10.69302566600004
            ],
            [
              122.56155740500003,
              10.69255441100006
            ]
          ]
        ]
      }
    },
    {
      "type": "Feature",
      "properties": {
        "geo_id": "geo_ph_0042",
        "name": "Iloilo expedition",
        "component": "Iloilo City HUC / Rizal Ibarra",
        "source_geo_id": "geo_ph_0059",
        "source_psgc": "0631000000",
        "source_boundary_level": "huc"
      },
      "geometry": {
        "type": "Polygon",
        "coordinates": [
          [
            [
              122.56809991700004,
              10.691944225000043
            ],
            [
              122.56790796900009,
              10.690945260000035
            ],
            [
              122.5663852780001,
              10.69095629700007
            ],
            [
              122.56624031100012,
              10.691761488000054
            ],
            [
              122.56624163800006,
              10.692186350000043
            ],
            [
              122.56809991700004,
              10.691944225000043
            ]
          ]
        ]
      }
    },
    {
      "type": "Feature",
      "properties": {
        "geo_id": "geo_ph_0042",
        "name": "Iloilo expedition",
        "component": "Iloilo City HUC / Railway",
        "source_geo_id": "geo_ph_0059",
        "source_psgc": "0631000000",
        "source_boundary_level": "huc"
      },
      "geometry": {
        "type": "Polygon",
        "coordinates": [
          [
            [
              122.56944673300006,
              10.70980177000007
            ],
            [
              122.56878735600003,
              10.709286389000056
            ],
            [
              122.5677251620001,
              10.708423122000056
            ],
            [
              122.56652391700004,
              10.70939244300007
            ],
            [
              122.56705095200005,
              10.710750534000056
            ],
            [
              122.56754559600006,
              10.712156312000047
            ],
            [
              122.56944673300006,
              10.70980177000007
            ]
          ]
        ]
      }
    },
    {
      "type": "Feature",
      "properties": {
        "geo_id": "geo_ph_0042",
        "name": "Iloilo expedition",
        "component": "Iloilo City HUC / Roxas Village",
        "source_geo_id": "geo_ph_0059",
        "source_psgc": "0631000000",
        "source_boundary_level": "huc"
      },
      "geometry": {
        "type": "Polygon",
        "coordinates": [
          [
            [
              122.56624560700004,
              10.693443881000064
            ],
            [
              122.56464342100003,
              10.693323467000027
            ],
            [
              122.56470054500005,
              10.695153945000072
            ],
            [
              122.56625771100005,
              10.695630391000066
            ],
            [
              122.56624560700004,
              10.693443881000064
            ]
          ]
        ]
      }
    },
    {
      "type": "Feature",
      "properties": {
        "geo_id": "geo_ph_0042",
        "name": "Iloilo expedition",
        "component": "Iloilo City HUC / Sambag",
        "source_geo_id": "geo_ph_0059",
        "source_psgc": "0631000000",
        "source_boundary_level": "huc"
      },
      "geometry": {
        "type": "Polygon",
        "coordinates": [
          [
            [
              122.54233069700001,
              10.743673712000032
            ],
            [
              122.54197849500008,
              10.734740745000067
            ],
            [
              122.53626634500006,
              10.732843740000021
            ],
            [
              122.531429634,
              10.738380808000045
            ],
            [
              122.53189964400008,
              10.743959766000046
            ],
            [
              122.54233069700001,
              10.743673712000032
            ]
          ]
        ]
      }
    },
    {
      "type": "Feature",
      "properties": {
        "geo_id": "geo_ph_0042",
        "name": "Iloilo expedition",
        "component": "Iloilo City HUC / Sampaguita",
        "source_geo_id": "geo_ph_0059",
        "source_psgc": "0631000000",
        "source_boundary_level": "huc"
      },
      "geometry": {
        "type": "Polygon",
        "coordinates": [
          [
            [
              122.5665485080001,
              10.697849462000022
            ],
            [
              122.56470374300011,
              10.697676706000038
            ],
            [
              122.56429758400009,
              10.70362486700003
            ],
            [
              122.56538698500003,
              10.704387962000055
            ],
            [
              122.5665485080001,
              10.697849462000022
            ]
          ]
        ]
      }
    },
    {
      "type": "Feature",
      "properties": {
        "geo_id": "geo_ph_0042",
        "name": "Iloilo expedition",
        "component": "Iloilo City HUC / San Agustin",
        "source_geo_id": "geo_ph_0059",
        "source_psgc": "0631000000",
        "source_boundary_level": "huc"
      },
      "geometry": {
        "type": "Polygon",
        "coordinates": [
          [
            [
              122.56470374300011,
              10.697676706000038
            ],
            [
              122.56317557600005,
              10.697457463000035
            ],
            [
              122.56165381400001,
              10.697239139000033
            ],
            [
              122.56169648600007,
              10.700660711000069
            ],
            [
              122.56164879200003,
              10.701626136000073
            ],
            [
              122.56429758400009,
              10.70362486700003
            ],
            [
              122.56470374300011,
              10.697676706000038
            ]
          ]
        ]
      }
    },
    {
      "type": "Feature",
      "properties": {
        "geo_id": "geo_ph_0042",
        "name": "Iloilo expedition",
        "component": "Iloilo City HUC / San Antonio",
        "source_geo_id": "geo_ph_0059",
        "source_psgc": "0631000000",
        "source_boundary_level": "huc"
      },
      "geometry": {
        "type": "Polygon",
        "coordinates": [
          [
            [
              122.54476679000004,
              10.695322583000063
            ],
            [
              122.5455300650001,
              10.694473390000041
            ],
            [
              122.54292788400005,
              10.69095750300005
            ],
            [
              122.53955788200005,
              10.69117073600006
            ],
            [
              122.5390140510001,
              10.694076512000038
            ],
            [
              122.54203691300006,
              10.695591400000069
            ],
            [
              122.54476679000004,
              10.695322583000063
            ]
          ]
        ]
      }
    },
    {
      "type": "Feature",
      "properties": {
        "geo_id": "geo_ph_0042",
        "name": "Iloilo expedition",
        "component": "Iloilo City HUC / San Felix",
        "source_geo_id": "geo_ph_0059",
        "source_psgc": "0631000000",
        "source_boundary_level": "huc"
      },
      "geometry": {
        "type": "Polygon",
        "coordinates": [
          [
            [
              122.5586770760001,
              10.698469297000031
            ],
            [
              122.55636157600009,
              10.696721668000066
            ],
            [
              122.55562596200002,
              10.696647436000035
            ],
            [
              122.55512964600007,
              10.696592137000039
            ],
            [
              122.55508076500007,
              10.697354569000026
            ],
            [
              122.55485595700009,
              10.699882949000028
            ],
            [
              122.5583168820001,
              10.700212511000075
            ],
            [
              122.5586770760001,
              10.698469297000031
            ]
          ]
        ]
      }
    },
    {
      "type": "Feature",
      "properties": {
        "geo_id": "geo_ph_0042",
        "name": "Iloilo expedition",
        "component": "Iloilo City HUC / San Isidro (Jaro)",
        "source_geo_id": "geo_ph_0059",
        "source_psgc": "0631000000",
        "source_boundary_level": "huc"
      },
      "geometry": {
        "type": "Polygon",
        "coordinates": [
          [
            [
              122.55304029100012,
              10.742201220000027
            ],
            [
              122.55250884300006,
              10.732350972000063
            ],
            [
              122.55114870700004,
              10.729904
            ],
            [
              122.55124440500003,
              10.729147843000021
            ],
            [
              122.54706427400004,
              10.73071242800006
            ],
            [
              122.54197849500008,
              10.734740745000067
            ],
            [
              122.54233069700001,
              10.743673712000032
            ],
            [
              122.54447608900011,
              10.746165590000032
            ],
            [
              122.55304029100012,
              10.742201220000027
            ]
          ]
        ]
      }
    },
    {
      "type": "Feature",
      "properties": {
        "geo_id": "geo_ph_0042",
        "name": "Iloilo expedition",
        "component": "Iloilo City HUC / Hibao-an Norte",
        "source_geo_id": "geo_ph_0059",
        "source_psgc": "0631000000",
        "source_boundary_level": "huc"
      },
      "geometry": {
        "type": "Polygon",
        "coordinates": [
          [
            [
              122.52276764800001,
              10.74207681400003
            ],
            [
              122.52435625200008,
              10.736228179000022
            ],
            [
              122.5159503860001,
              10.73268480300004
            ],
            [
              122.51327300900005,
              10.739224936000028
            ],
            [
              122.52276764800001,
              10.74207681400003
            ]
          ]
        ]
      }
    },
    {
      "type": "Feature",
      "properties": {
        "geo_id": "geo_ph_0042",
        "name": "Iloilo expedition",
        "component": "Iloilo City HUC / San Jose (Jaro)",
        "source_geo_id": "geo_ph_0059",
        "source_psgc": "0631000000",
        "source_boundary_level": "huc"
      },
      "geometry": {
        "type": "Polygon",
        "coordinates": [
          [
            [
              122.56469920600011,
              10.71765275100006
            ],
            [
              122.56264744700002,
              10.715565938000054
            ],
            [
              122.56208893100006,
              10.716465992000053
            ],
            [
              122.56469920600011,
              10.71765275100006
            ]
          ]
        ]
      }
    },
    {
      "type": "Feature",
      "properties": {
        "geo_id": "geo_ph_0042",
        "name": "Iloilo expedition",
        "component": "Iloilo City HUC / San Jose (Arevalo)",
        "source_geo_id": "geo_ph_0059",
        "source_psgc": "0631000000",
        "source_boundary_level": "huc"
      },
      "geometry": {
        "type": "Polygon",
        "coordinates": [
          [
            [
              122.52369589600005,
              10.692304985000021
            ],
            [
              122.52140388400005,
              10.688108722000038
            ],
            [
              122.51647197200009,
              10.687652542000023
            ],
            [
              122.51589276700008,
              10.691385528000069
            ],
            [
              122.52369589600005,
              10.692304985000021
            ]
          ]
        ]
      }
    },
    {
      "type": "Feature",
      "properties": {
        "geo_id": "geo_ph_0042",
        "name": "Iloilo expedition",
        "component": "Iloilo City HUC / San Nicolas",
        "source_geo_id": "geo_ph_0059",
        "source_psgc": "0631000000",
        "source_boundary_level": "huc"
      },
      "geometry": {
        "type": "Polygon",
        "coordinates": [
          [
            [
              122.56489521500009,
              10.717403655000055
            ],
            [
              122.56490957300002,
              10.717367891000038
            ],
            [
              122.56705095200005,
              10.710750534000056
            ],
            [
              122.56652391700004,
              10.70939244300007
            ],
            [
              122.56524325100008,
              10.711424372000067
            ],
            [
              122.56275362200006,
              10.715404242000034
            ],
            [
              122.56264744700002,
              10.715565938000054
            ],
            [
              122.56469920600011,
              10.71765275100006
            ],
            [
              122.56489521500009,
              10.717403655000055
            ]
          ]
        ]
      }
    },
    {
      "type": "Feature",
      "properties": {
        "geo_id": "geo_ph_0042",
        "name": "Iloilo expedition",
        "component": "Iloilo City HUC / San Pedro (Molo)",
        "source_geo_id": "geo_ph_0059",
        "source_psgc": "0631000000",
        "source_boundary_level": "huc"
      },
      "geometry": {
        "type": "Polygon",
        "coordinates": [
          [
            [
              122.54930858300008,
              10.701939925000033
            ],
            [
              122.54717658900006,
              10.697670836000043
            ],
            [
              122.54480802600006,
              10.696292452000023
            ],
            [
              122.54406887200003,
              10.697761617000026
            ],
            [
              122.54466770600004,
              10.700685837000037
            ],
            [
              122.54728249100003,
              10.701770363000037
            ],
            [
              122.54930858300008,
              10.701939925000033
            ]
          ]
        ]
      }
    },
    {
      "type": "Feature",
      "properties": {
        "geo_id": "geo_ph_0042",
        "name": "Iloilo expedition",
        "component": "Iloilo City HUC / San Pedro (Jaro)",
        "source_geo_id": "geo_ph_0059",
        "source_psgc": "0631000000",
        "source_boundary_level": "huc"
      },
      "geometry": {
        "type": "Polygon",
        "coordinates": [
          [
            [
              122.56589559000008,
              10.720911856000043
            ],
            [
              122.56686682800012,
              10.720261343000061
            ],
            [
              122.5663290550001,
              10.718749672000058
            ],
            [
              122.56500440200011,
              10.717442851000044
            ],
            [
              122.56490957300002,
              10.717367891000038
            ],
            [
              122.56489521500009,
              10.717403655000055
            ],
            [
              122.56423238800005,
              10.718979650000051
            ],
            [
              122.56471317000012,
              10.720605707000061
            ],
            [
              122.5656236000001,
              10.72187027800004
            ],
            [
              122.56589559000008,
              10.720911856000043
            ]
          ]
        ]
      }
    },
    {
      "type": "Feature",
      "properties": {
        "geo_id": "geo_ph_0042",
        "name": "Iloilo expedition",
        "component": "Iloilo City HUC / San Rafael",
        "source_geo_id": "geo_ph_0059",
        "source_psgc": "0631000000",
        "source_boundary_level": "huc"
      },
      "geometry": {
        "type": "Polygon",
        "coordinates": [
          [
            [
              122.55125059300008,
              10.71637722500003
            ],
            [
              122.55629328100008,
              10.709953127000063
            ],
            [
              122.55435561100012,
              10.701829161000035
            ],
            [
              122.54930858300008,
              10.701939925000033
            ],
            [
              122.54728249100003,
              10.701770363000037
            ],
            [
              122.54260255500003,
              10.70703824100002
            ],
            [
              122.54585161200009,
              10.714920304000032
            ],
            [
              122.54613746600012,
              10.714973904000033
            ],
            [
              122.55125059300008,
              10.71637722500003
            ]
          ]
        ]
      }
    },
    {
      "type": "Feature",
      "properties": {
        "geo_id": "geo_ph_0042",
        "name": "Iloilo expedition",
        "component": "Iloilo City HUC / San Roque",
        "source_geo_id": "geo_ph_0059",
        "source_psgc": "0631000000",
        "source_boundary_level": "huc"
      },
      "geometry": {
        "type": "Polygon",
        "coordinates": [
          [
            [
              122.5561197720001,
              10.731405511000048
            ],
            [
              122.55537158700008,
              10.730502045000037
            ],
            [
              122.55403414700004,
              10.729957461000026
            ],
            [
              122.5532158310001,
              10.732055880000075
            ],
            [
              122.5561197720001,
              10.731405511000048
            ]
          ]
        ]
      }
    },
    {
      "type": "Feature",
      "properties": {
        "geo_id": "geo_ph_0042",
        "name": "Iloilo expedition",
        "component": "Iloilo City HUC / San Vicente",
        "source_geo_id": "geo_ph_0059",
        "source_psgc": "0631000000",
        "source_boundary_level": "huc"
      },
      "geometry": {
        "type": "Polygon",
        "coordinates": [
          [
            [
              122.55904336600008,
              10.721144794000054
            ],
            [
              122.55967274600005,
              10.720189927000035
            ],
            [
              122.55672279900011,
              10.716717161000076
            ],
            [
              122.55598835100011,
              10.720921998000051
            ],
            [
              122.55757824700004,
              10.72319893100007
            ],
            [
              122.55904336600008,
              10.721144794000054
            ]
          ]
        ]
      }
    },
    {
      "type": "Feature",
      "properties": {
        "geo_id": "geo_ph_0042",
        "name": "Iloilo expedition",
        "component": "Iloilo City HUC / Santa Filomena",
        "source_geo_id": "geo_ph_0059",
        "source_psgc": "0631000000",
        "source_boundary_level": "huc"
      },
      "geometry": {
        "type": "Polygon",
        "coordinates": [
          [
            [
              122.51589276700008,
              10.691385528000069
            ],
            [
              122.51647197200009,
              10.687652542000023
            ],
            [
              122.51671610300002,
              10.68615412500003
            ],
            [
              122.51140612600011,
              10.685424242000067
            ],
            [
              122.51127219800003,
              10.688592623000034
            ],
            [
              122.51118122900004,
              10.691150261000075
            ],
            [
              122.51272338400008,
              10.691681940000024
            ],
            [
              122.51589276700008,
              10.691385528000069
            ]
          ]
        ]
      }
    },
    {
      "type": "Feature",
      "properties": {
        "geo_id": "geo_ph_0042",
        "name": "Iloilo expedition",
        "component": "Iloilo City HUC / Santa Rosa",
        "source_geo_id": "geo_ph_0059",
        "source_psgc": "0631000000",
        "source_boundary_level": "huc"
      },
      "geometry": {
        "type": "Polygon",
        "coordinates": [
          [
            [
              122.54589095300003,
              10.726936300000034
            ],
            [
              122.5480739080001,
              10.725132330000065
            ],
            [
              122.54949018700006,
              10.722504591000074
            ],
            [
              122.5480237270001,
              10.719180025000071
            ],
            [
              122.54440388700004,
              10.721969577000038
            ],
            [
              122.54328830200006,
              10.725231007000048
            ],
            [
              122.54217618400003,
              10.726922625000043
            ],
            [
              122.54315539800007,
              10.728676431000054
            ],
            [
              122.54589095300003,
              10.726936300000034
            ]
          ]
        ]
      }
    },
    {
      "type": "Feature",
      "properties": {
        "geo_id": "geo_ph_0042",
        "name": "Iloilo expedition",
        "component": "Iloilo City HUC / Santo Domingo",
        "source_geo_id": "geo_ph_0059",
        "source_psgc": "0631000000",
        "source_boundary_level": "huc"
      },
      "geometry": {
        "type": "Polygon",
        "coordinates": [
          [
            [
              122.51118122900004,
              10.691150261000075
            ],
            [
              122.51127219800003,
              10.688592623000034
            ],
            [
              122.50579416500011,
              10.689161098000056
            ],
            [
              122.50240749500006,
              10.691525494000075
            ],
            [
              122.50274055600005,
              10.693461568000032
            ],
            [
              122.51118122900004,
              10.691150261000075
            ]
          ]
        ]
      }
    },
    {
      "type": "Feature",
      "properties": {
        "geo_id": "geo_ph_0042",
        "name": "Iloilo expedition",
        "component": "Iloilo City HUC / Santo Rosario-Duran",
        "source_geo_id": "geo_ph_0059",
        "source_psgc": "0631000000",
        "source_boundary_level": "huc"
      },
      "geometry": {
        "type": "Polygon",
        "coordinates": [
          [
            [
              122.57773568100004,
              10.691707377000057
            ],
            [
              122.57830511200007,
              10.688577871000064
            ],
            [
              122.57785611300005,
              10.688788102000046
            ],
            [
              122.57412827900009,
              10.69220090500005
            ],
            [
              122.57773568100004,
              10.691707377000057
            ]
          ]
        ]
      }
    },
    {
      "type": "Feature",
      "properties": {
        "geo_id": "geo_ph_0042",
        "name": "Iloilo expedition",
        "component": "Iloilo City HUC / Simon Ledesma",
        "source_geo_id": "geo_ph_0059",
        "source_psgc": "0631000000",
        "source_boundary_level": "huc"
      },
      "geometry": {
        "type": "Polygon",
        "coordinates": [
          [
            [
              122.55848530500009,
              10.729393595000033
            ],
            [
              122.55682126800002,
              10.72888247800006
            ],
            [
              122.55537158700008,
              10.730502045000037
            ],
            [
              122.5561197720001,
              10.731405511000048
            ],
            [
              122.55848530500009,
              10.729393595000033
            ]
          ]
        ]
      }
    },
    {
      "type": "Feature",
      "properties": {
        "geo_id": "geo_ph_0042",
        "name": "Iloilo expedition",
        "component": "Iloilo City HUC / So-oc",
        "source_geo_id": "geo_ph_0059",
        "source_psgc": "0631000000",
        "source_boundary_level": "huc"
      },
      "geometry": {
        "type": "Polygon",
        "coordinates": [
          [
            [
              122.52750836700011,
              10.704856143000029
            ],
            [
              122.52938913700007,
              10.698235325000041
            ],
            [
              122.52634306400012,
              10.69334832100003
            ],
            [
              122.52369589600005,
              10.692304985000021
            ],
            [
              122.51589276700008,
              10.691385528000069
            ],
            [
              122.51272338400008,
              10.691681940000024
            ],
            [
              122.51083063500005,
              10.697683236000046
            ],
            [
              122.51994709300004,
              10.708676292000064
            ],
            [
              122.52750836700011,
              10.704856143000029
            ]
          ]
        ]
      }
    },
    {
      "type": "Feature",
      "properties": {
        "geo_id": "geo_ph_0042",
        "name": "Iloilo expedition",
        "component": "Iloilo City HUC / South Baluarte",
        "source_geo_id": "geo_ph_0059",
        "source_psgc": "0631000000",
        "source_boundary_level": "huc"
      },
      "geometry": {
        "type": "Polygon",
        "coordinates": [
          [
            [
              122.55103182800008,
              10.69228858100007
            ],
            [
              122.5530729080001,
              10.689318397000022
            ],
            [
              122.5490951160001,
              10.690936029000056
            ],
            [
              122.54925427300009,
              10.692028415000038
            ],
            [
              122.55103182800008,
              10.69228858100007
            ]
          ]
        ]
      }
    },
    {
      "type": "Feature",
      "properties": {
        "geo_id": "geo_ph_0042",
        "name": "Iloilo expedition",
        "component": "Iloilo City HUC / South San Jose",
        "source_geo_id": "geo_ph_0059",
        "source_psgc": "0631000000",
        "source_boundary_level": "huc"
      },
      "geometry": {
        "type": "Polygon",
        "coordinates": [
          [
            [
              122.54045690700002,
              10.696409495000069
            ],
            [
              122.53868954100005,
              10.69461087700006
            ],
            [
              122.53459544300006,
              10.69980077200006
            ],
            [
              122.53900549100001,
              10.700550725000028
            ],
            [
              122.54045690700002,
              10.696409495000069
            ]
          ]
        ]
      }
    },
    {
      "type": "Feature",
      "properties": {
        "geo_id": "geo_ph_0042",
        "name": "Iloilo expedition",
        "component": "Iloilo City HUC / Taal",
        "source_geo_id": "geo_ph_0059",
        "source_psgc": "0631000000",
        "source_boundary_level": "huc"
      },
      "geometry": {
        "type": "Polygon",
        "coordinates": [
          [
            [
              122.55435561100012,
              10.701829161000035
            ],
            [
              122.55485595700009,
              10.699882949000028
            ],
            [
              122.55508076500007,
              10.697354569000026
            ],
            [
              122.54807673700009,
              10.696196507000025
            ],
            [
              122.54717658900006,
              10.697670836000043
            ],
            [
              122.54930858300008,
              10.701939925000033
            ],
            [
              122.55435561100012,
              10.701829161000035
            ]
          ]
        ]
      }
    },
    {
      "type": "Feature",
      "properties": {
        "geo_id": "geo_ph_0042",
        "name": "Iloilo expedition",
        "component": "Iloilo City HUC / Tabuc Suba (Jaro)",
        "source_geo_id": "geo_ph_0059",
        "source_psgc": "0631000000",
        "source_boundary_level": "huc"
      },
      "geometry": {
        "type": "Polygon",
        "coordinates": [
          [
            [
              122.55704959000002,
              10.74124846500007
            ],
            [
              122.56095386700008,
              10.735729024000022
            ],
            [
              122.56468324700006,
              10.728144945000054
            ],
            [
              122.56204940600003,
              10.724264634000065
            ],
            [
              122.55864227200004,
              10.729025655000044
            ],
            [
              122.55848530500009,
              10.729393595000033
            ],
            [
              122.5561197720001,
              10.731405511000048
            ],
            [
              122.5532158310001,
              10.732055880000075
            ],
            [
              122.55250884300006,
              10.732350972000063
            ],
            [
              122.55304029100012,
              10.742201220000027
            ],
            [
              122.55704959000002,
              10.74124846500007
            ]
          ]
        ]
      }
    },
    {
      "type": "Feature",
      "properties": {
        "geo_id": "geo_ph_0042",
        "name": "Iloilo expedition",
        "component": "Iloilo City HUC / Tabucan",
        "source_geo_id": "geo_ph_0059",
        "source_psgc": "0631000000",
        "source_boundary_level": "huc"
      },
      "geometry": {
        "type": "Polygon",
        "coordinates": [
          [
            [
              122.54728249100003,
              10.701770363000037
            ],
            [
              122.54466770600004,
              10.700685837000037
            ],
            [
              122.54237144400008,
              10.700158977000058
            ],
            [
              122.54066289900004,
              10.700451900000076
            ],
            [
              122.54078401200002,
              10.703386580000029
            ],
            [
              122.54260255500003,
              10.70703824100002
            ],
            [
              122.54728249100003,
              10.701770363000037
            ]
          ]
        ]
      }
    },
    {
      "type": "Feature",
      "properties": {
        "geo_id": "geo_ph_0042",
        "name": "Iloilo expedition",
        "component": "Iloilo City HUC / Tacas",
        "source_geo_id": "geo_ph_0059",
        "source_psgc": "0631000000",
        "source_boundary_level": "huc"
      },
      "geometry": {
        "type": "Polygon",
        "coordinates": [
          [
            [
              122.55893537700001,
              10.76043244400006
            ],
            [
              122.56206207900004,
              10.759944836000045
            ],
            [
              122.56115494000005,
              10.758051194000075
            ],
            [
              122.55913115900012,
              10.75361288800002
            ],
            [
              122.55842650000011,
              10.74740014200006
            ],
            [
              122.55704959000002,
              10.74124846500007
            ],
            [
              122.55304029100012,
              10.742201220000027
            ],
            [
              122.54447608900011,
              10.746165590000032
            ],
            [
              122.54075649700007,
              10.750646365000023
            ],
            [
              122.55125618800002,
              10.763814273000037
            ],
            [
              122.55893537700001,
              10.76043244400006
            ]
          ]
        ]
      }
    },
    {
      "type": "Feature",
      "properties": {
        "geo_id": "geo_ph_0042",
        "name": "Iloilo expedition",
        "component": "Iloilo City HUC / Abeto Mirasol Taft South (Quirino Abeto)",
        "source_geo_id": "geo_ph_0059",
        "source_psgc": "0631000000",
        "source_boundary_level": "huc"
      },
      "geometry": {
        "type": "Polygon",
        "coordinates": [
          [
            [
              122.5480237270001,
              10.719180025000071
            ],
            [
              122.54613746600012,
              10.714973904000033
            ],
            [
              122.54585161200009,
              10.714920304000032
            ],
            [
              122.53888799300012,
              10.715905491000058
            ],
            [
              122.53744913700007,
              10.717547943000056
            ],
            [
              122.53851357100007,
              10.719858849000047
            ],
            [
              122.54440388700004,
              10.721969577000038
            ],
            [
              122.5480237270001,
              10.719180025000071
            ]
          ]
        ]
      }
    },
    {
      "type": "Feature",
      "properties": {
        "geo_id": "geo_ph_0042",
        "name": "Iloilo expedition",
        "component": "Iloilo City HUC / Tagbac",
        "source_geo_id": "geo_ph_0059",
        "source_psgc": "0631000000",
        "source_boundary_level": "huc"
      },
      "geometry": {
        "type": "Polygon",
        "coordinates": [
          [
            [
              122.58748730900004,
              10.761170704000051
            ],
            [
              122.58513816700008,
              10.758726290000027
            ],
            [
              122.5711004640001,
              10.764446478000025
            ],
            [
              122.573194295,
              10.773159715000077
            ],
            [
              122.58748730900004,
              10.761170704000051
            ]
          ]
        ]
      }
    },
    {
      "type": "Feature",
      "properties": {
        "geo_id": "geo_ph_0042",
        "name": "Iloilo expedition",
        "component": "Iloilo City HUC / Tap-oc",
        "source_geo_id": "geo_ph_0059",
        "source_psgc": "0631000000",
        "source_boundary_level": "huc"
      },
      "geometry": {
        "type": "Polygon",
        "coordinates": [
          [
            [
              122.54406887200003,
              10.697761617000026
            ],
            [
              122.54332238300003,
              10.697361841000031
            ],
            [
              122.54303461800009,
              10.697850912000035
            ],
            [
              122.54237144400008,
              10.700158977000058
            ],
            [
              122.54466770600004,
              10.700685837000037
            ],
            [
              122.54406887200003,
              10.697761617000026
            ]
          ]
        ]
      }
    },
    {
      "type": "Feature",
      "properties": {
        "geo_id": "geo_ph_0042",
        "name": "Iloilo expedition",
        "component": "Iloilo City HUC / Taytay Zone II",
        "source_geo_id": "geo_ph_0059",
        "source_psgc": "0631000000",
        "source_boundary_level": "huc"
      },
      "geometry": {
        "type": "Polygon",
        "coordinates": [
          [
            [
              122.55486642900007,
              10.722849162000045
            ],
            [
              122.55461748000005,
              10.72253353700006
            ],
            [
              122.55358087400009,
              10.721148369000048
            ],
            [
              122.55152758400004,
              10.722240380000073
            ],
            [
              122.55486642900007,
              10.722849162000045
            ]
          ]
        ]
      }
    },
    {
      "type": "Feature",
      "properties": {
        "geo_id": "geo_ph_0042",
        "name": "Iloilo expedition",
        "component": "Iloilo City HUC / Ticud (La Paz)",
        "source_geo_id": "geo_ph_0059",
        "source_psgc": "0631000000",
        "source_boundary_level": "huc"
      },
      "geometry": {
        "type": "Polygon",
        "coordinates": [
          [
            [
              122.58467470500011,
              10.715681544000063
            ],
            [
              122.57688276800002,
              10.715050869000038
            ],
            [
              122.57521912200002,
              10.721047143000021
            ],
            [
              122.57654963700008,
              10.724585954000077
            ],
            [
              122.5843355940001,
              10.725517959000058
            ],
            [
              122.58467470500011,
              10.715681544000063
            ]
          ]
        ]
      }
    },
    {
      "type": "Feature",
      "properties": {
        "geo_id": "geo_ph_0042",
        "name": "Iloilo expedition",
        "component": "Iloilo City HUC / Timawa Tanza I",
        "source_geo_id": "geo_ph_0059",
        "source_psgc": "0631000000",
        "source_boundary_level": "huc"
      },
      "geometry": {
        "type": "Polygon",
        "coordinates": [
          [
            [
              122.55643112500002,
              10.693743277000067
            ],
            [
              122.55546312900003,
              10.692961740000044
            ],
            [
              122.55554815800008,
              10.69543109700004
            ],
            [
              122.55643112500002,
              10.693743277000067
            ]
          ]
        ]
      }
    },
    {
      "type": "Feature",
      "properties": {
        "geo_id": "geo_ph_0042",
        "name": "Iloilo expedition",
        "component": "Iloilo City HUC / Timawa Tanza II",
        "source_geo_id": "geo_ph_0059",
        "source_psgc": "0631000000",
        "source_boundary_level": "huc"
      },
      "geometry": {
        "type": "Polygon",
        "coordinates": [
          [
            [
              122.55761363700003,
              10.695680540000069
            ],
            [
              122.55751214700001,
              10.694903379000039
            ],
            [
              122.55685767000011,
              10.693650152000032
            ],
            [
              122.55643112500002,
              10.693743277000067
            ],
            [
              122.55554815800008,
              10.69543109700004
            ],
            [
              122.55562596200002,
              10.696647436000035
            ],
            [
              122.55636157600009,
              10.696721668000066
            ],
            [
              122.55761363700003,
              10.695680540000069
            ]
          ]
        ]
      }
    },
    {
      "type": "Feature",
      "properties": {
        "geo_id": "geo_ph_0042",
        "name": "Iloilo expedition",
        "component": "Iloilo City HUC / Ungka",
        "source_geo_id": "geo_ph_0059",
        "source_psgc": "0631000000",
        "source_boundary_level": "huc"
      },
      "geometry": {
        "type": "Polygon",
        "coordinates": [
          [
            [
              122.54447608900011,
              10.746165590000032
            ],
            [
              122.54233069700001,
              10.743673712000032
            ],
            [
              122.53189964400008,
              10.743959766000046
            ],
            [
              122.54075649700007,
              10.750646365000023
            ],
            [
              122.54447608900011,
              10.746165590000032
            ]
          ]
        ]
      }
    },
    {
      "type": "Feature",
      "properties": {
        "geo_id": "geo_ph_0042",
        "name": "Iloilo expedition",
        "component": "Iloilo City HUC / Villa Anita",
        "source_geo_id": "geo_ph_0059",
        "source_psgc": "0631000000",
        "source_boundary_level": "huc"
      },
      "geometry": {
        "type": "Polygon",
        "coordinates": [
          [
            [
              122.56165381400001,
              10.697239139000033
            ],
            [
              122.56021193400011,
              10.697076214000049
            ],
            [
              122.55885849200001,
              10.696951609000052
            ],
            [
              122.5586770760001,
              10.698469297000031
            ],
            [
              122.5583168820001,
              10.700212511000075
            ],
            [
              122.56169648600007,
              10.700660711000069
            ],
            [
              122.56165381400001,
              10.697239139000033
            ]
          ]
        ]
      }
    },
    {
      "type": "Feature",
      "properties": {
        "geo_id": "geo_ph_0042",
        "name": "Iloilo expedition",
        "component": "Iloilo City HUC / West Habog-habog",
        "source_geo_id": "geo_ph_0059",
        "source_psgc": "0631000000",
        "source_boundary_level": "huc"
      },
      "geometry": {
        "type": "Polygon",
        "coordinates": [
          [
            [
              122.54925427300009,
              10.692028415000038
            ],
            [
              122.5490951160001,
              10.690936029000056
            ],
            [
              122.54634089800004,
              10.689350172000047
            ],
            [
              122.5455369120001,
              10.690649260000043
            ],
            [
              122.54802313400012,
              10.692251055000042
            ],
            [
              122.54925427300009,
              10.692028415000038
            ]
          ]
        ]
      }
    },
    {
      "type": "Feature",
      "properties": {
        "geo_id": "geo_ph_0042",
        "name": "Iloilo expedition",
        "component": "Iloilo City HUC / West Timawa",
        "source_geo_id": "geo_ph_0059",
        "source_psgc": "0631000000",
        "source_boundary_level": "huc"
      },
      "geometry": {
        "type": "Polygon",
        "coordinates": [
          [
            [
              122.55404295100004,
              10.694861262000074
            ],
            [
              122.55108382000003,
              10.694853198000033
            ],
            [
              122.54893307100008,
              10.69419566700003
            ],
            [
              122.54820230100006,
              10.695892653000044
            ],
            [
              122.5547190630001,
              10.696546516000069
            ],
            [
              122.55404295100004,
              10.694861262000074
            ]
          ]
        ]
      }
    },
    {
      "type": "Feature",
      "properties": {
        "geo_id": "geo_ph_0042",
        "name": "Iloilo expedition",
        "component": "Iloilo City HUC / Yulo-Arroyo",
        "source_geo_id": "geo_ph_0059",
        "source_psgc": "0631000000",
        "source_boundary_level": "huc"
      },
      "geometry": {
        "type": "Polygon",
        "coordinates": [
          [
            [
              122.57147402700002,
              10.697316786000044
            ],
            [
              122.569562087,
              10.695921017000046
            ],
            [
              122.56901482400008,
              10.696540379000055
            ],
            [
              122.56899666100003,
              10.69780740400006
            ],
            [
              122.57130906900011,
              10.69803151700006
            ],
            [
              122.57147402700002,
              10.697316786000044
            ]
          ]
        ]
      }
    },
    {
      "type": "Feature",
      "properties": {
        "geo_id": "geo_ph_0042",
        "name": "Iloilo expedition",
        "component": "Iloilo City HUC / Zamora-Melliza",
        "source_geo_id": "geo_ph_0059",
        "source_psgc": "0631000000",
        "source_boundary_level": "huc"
      },
      "geometry": {
        "type": "Polygon",
        "coordinates": [
          [
            [
              122.57772134200002,
              10.695405752000056
            ],
            [
              122.57865801100002,
              10.69296134900003
            ],
            [
              122.57773568100004,
              10.691707377000057
            ],
            [
              122.57412827900009,
              10.69220090500005
            ],
            [
              122.57374433600012,
              10.691829159000065
            ],
            [
              122.57282885200004,
              10.692707276000021
            ],
            [
              122.57655108900008,
              10.696336948000067
            ],
            [
              122.57772134200002,
              10.695405752000056
            ]
          ]
        ]
      }
    },
    {
      "type": "Feature",
      "properties": {
        "geo_id": "geo_ph_0042",
        "name": "Iloilo expedition",
        "component": "Iloilo City HUC / Pale Benedicto Rizal (Mandurriao)",
        "source_geo_id": "geo_ph_0059",
        "source_psgc": "0631000000",
        "source_boundary_level": "huc"
      },
      "geometry": {
        "type": "Polygon",
        "coordinates": [
          [
            [
              122.53961289000006,
              10.72386423200004
            ],
            [
              122.538035938,
              10.72019096200006
            ],
            [
              122.53851357100007,
              10.719858849000047
            ],
            [
              122.53744913700007,
              10.717547943000056
            ],
            [
              122.53579496300006,
              10.717787050000027
            ],
            [
              122.53638426000009,
              10.726414980000072
            ],
            [
              122.53961289000006,
              10.72386423200004
            ]
          ]
        ]
      }
    },
    {
      "type": "Feature",
      "properties": {
        "geo_id": "geo_ph_0042",
        "name": "Iloilo expedition",
        "component": "Iloilo City HUC / Kahirupan",
        "source_geo_id": "geo_ph_0059",
        "source_psgc": "0631000000",
        "source_boundary_level": "huc"
      },
      "geometry": {
        "type": "Polygon",
        "coordinates": [
          [
            [
              122.56160618500007,
              10.693206692000047
            ],
            [
              122.56159666500002,
              10.69254498500004
            ],
            [
              122.56155740500003,
              10.69255441100006
            ],
            [
              122.55959095500009,
              10.69302566600004
            ],
            [
              122.55861974700008,
              10.693258667000066
            ],
            [
              122.55883778500004,
              10.693326376000073
            ],
            [
              122.56160618500007,
              10.694211152000037
            ],
            [
              122.56160618500007,
              10.693206692000047
            ]
          ]
        ]
      }
    },
    {
      "type": "Feature",
      "properties": {
        "geo_id": "geo_ph_0042",
        "name": "Iloilo expedition",
        "component": "Iloilo City HUC / Luna (La Paz)",
        "source_geo_id": "geo_ph_0059",
        "source_psgc": "0631000000",
        "source_boundary_level": "huc"
      },
      "geometry": {
        "type": "Polygon",
        "coordinates": [
          [
            [
              122.56757472400011,
              10.705790050000076
            ],
            [
              122.56538698500003,
              10.704387962000055
            ],
            [
              122.56394387000012,
              10.70669876200003
            ],
            [
              122.56659045300012,
              10.709142962000044
            ],
            [
              122.56757472400011,
              10.705790050000076
            ]
          ]
        ]
      }
    },
    {
      "type": "Feature",
      "properties": {
        "geo_id": "geo_ph_0042",
        "name": "Iloilo expedition",
        "component": "Iloilo City HUC / San Isidro (La Paz)",
        "source_geo_id": "geo_ph_0059",
        "source_psgc": "0631000000",
        "source_boundary_level": "huc"
      },
      "geometry": {
        "type": "Polygon",
        "coordinates": [
          [
            [
              122.58245977400009,
              10.725804169000071
            ],
            [
              122.5843355940001,
              10.725517959000058
            ],
            [
              122.57654963700008,
              10.724585954000077
            ],
            [
              122.57669512200005,
              10.725860133000026
            ],
            [
              122.58245977400009,
              10.725804169000071
            ]
          ]
        ]
      }
    },
    {
      "type": "Feature",
      "properties": {
        "geo_id": "geo_ph_0042",
        "name": "Iloilo expedition",
        "component": "Iloilo City HUC / San Jose (City Proper)",
        "source_geo_id": "geo_ph_0059",
        "source_psgc": "0631000000",
        "source_boundary_level": "huc"
      },
      "geometry": {
        "type": "Polygon",
        "coordinates": [
          [
            [
              122.56464342100003,
              10.693323467000027
            ],
            [
              122.56316688100003,
              10.693202368000073
            ],
            [
              122.56315499900006,
              10.694700741000077
            ],
            [
              122.56470054500005,
              10.695153945000072
            ],
            [
              122.56464342100003,
              10.693323467000027
            ]
          ]
        ]
      }
    },
    {
      "type": "Feature",
      "properties": {
        "geo_id": "geo_ph_0042",
        "name": "Iloilo expedition",
        "component": "Iloilo City HUC / Tabuc Suba (La Paz)",
        "source_geo_id": "geo_ph_0059",
        "source_psgc": "0631000000",
        "source_boundary_level": "huc"
      },
      "geometry": {
        "type": "Polygon",
        "coordinates": [
          [
            [
              122.57669512200005,
              10.725860133000026
            ],
            [
              122.57654963700008,
              10.724585954000077
            ],
            [
              122.57521912200002,
              10.721047143000021
            ],
            [
              122.5726337530001,
              10.716686603000028
            ],
            [
              122.57117364300007,
              10.717790308000076
            ],
            [
              122.56686682800012,
              10.720261343000061
            ],
            [
              122.56589559000008,
              10.720911856000043
            ],
            [
              122.57251687400003,
              10.729218505000063
            ],
            [
              122.57440743100005,
              10.73189575200007
            ],
            [
              122.57669512200005,
              10.725860133000026
            ]
          ]
        ]
      }
    },
    {
      "type": "Feature",
      "properties": {
        "geo_id": "geo_ph_0042",
        "name": "Iloilo expedition",
        "component": "Iloilo City HUC / Rizal (La Paz)",
        "source_geo_id": "geo_ph_0059",
        "source_psgc": "0631000000",
        "source_boundary_level": "huc"
      },
      "geometry": {
        "type": "Polygon",
        "coordinates": [
          [
            [
              122.57146341700002,
              10.70713226600003
            ],
            [
              122.57107945500002,
              10.706462380000062
            ],
            [
              122.56962461100011,
              10.705365221000022
            ],
            [
              122.56886183600011,
              10.70594989600005
            ],
            [
              122.5677251620001,
              10.708423122000056
            ],
            [
              122.56878735600003,
              10.709286389000056
            ],
            [
              122.57146341700002,
              10.70713226600003
            ]
          ]
        ]
      }
    },
    {
      "type": "Feature",
      "properties": {
        "geo_id": "geo_ph_0042",
        "name": "Iloilo expedition",
        "component": "Iloilo City HUC / Santa Cruz",
        "source_geo_id": "geo_ph_0059",
        "source_psgc": "0631000000",
        "source_boundary_level": "huc"
      },
      "geometry": {
        "type": "Polygon",
        "coordinates": [
          [
            [
              122.50240749500006,
              10.691525494000075
            ],
            [
              122.50579416500011,
              10.689161098000056
            ],
            [
              122.50530407600002,
              10.683748811000044
            ],
            [
              122.4969138990001,
              10.686426847000064
            ],
            [
              122.49834135200001,
              10.690985111000032
            ],
            [
              122.50240749500006,
              10.691525494000075
            ]
          ]
        ]
      }
    },
    {
      "type": "Feature",
      "properties": {
        "geo_id": "geo_ph_0042",
        "name": "Iloilo expedition",
        "component": "Iloilo City HUC / Bonifacio (Arevalo)",
        "source_geo_id": "geo_ph_0059",
        "source_psgc": "0631000000",
        "source_boundary_level": "huc"
      },
      "geometry": {
        "type": "Polygon",
        "coordinates": [
          [
            [
              122.51127219800003,
              10.688592623000034
            ],
            [
              122.51140612600011,
              10.685424242000067
            ],
            [
              122.51032856200004,
              10.682778681000059
            ],
            [
              122.50530407600002,
              10.683748811000044
            ],
            [
              122.50579416500011,
              10.689161098000056
            ],
            [
              122.51127219800003,
              10.688592623000034
            ]
          ]
        ]
      }
    },
    {
      "type": "Feature",
      "properties": {
        "geo_id": "geo_ph_0042",
        "name": "Iloilo expedition",
        "component": "Iloilo City HUC / Calumpang",
        "source_geo_id": "geo_ph_0059",
        "source_psgc": "0631000000",
        "source_boundary_level": "huc"
      },
      "geometry": {
        "type": "Polygon",
        "coordinates": [
          [
            [
              122.54398002300002,
              10.683858374000067
            ],
            [
              122.53210103900005,
              10.679520377000074
            ],
            [
              122.5300102860001,
              10.68413963200004
            ],
            [
              122.53661341700001,
              10.687076915000034
            ],
            [
              122.54079568500003,
              10.689177522000023
            ],
            [
              122.54398002300002,
              10.683858374000067
            ]
          ]
        ]
      }
    },
    {
      "type": "Feature",
      "properties": {
        "geo_id": "geo_ph_0042",
        "name": "Iloilo expedition",
        "component": "Iloilo City HUC / Dulonan",
        "source_geo_id": "geo_ph_0059",
        "source_psgc": "0631000000",
        "source_boundary_level": "huc"
      },
      "geometry": {
        "type": "Polygon",
        "coordinates": [
          [
            [
              122.5300102860001,
              10.68413963200004
            ],
            [
              122.5241715090001,
              10.682162191000032
            ],
            [
              122.52277347100005,
              10.682283334000033
            ],
            [
              122.52216567200003,
              10.685075271000073
            ],
            [
              122.52140388400005,
              10.688108722000038
            ],
            [
              122.52369589600005,
              10.692304985000021
            ],
            [
              122.52634306400012,
              10.69334832100003
            ],
            [
              122.5300102860001,
              10.68413963200004
            ]
          ]
        ]
      }
    },
    {
      "type": "Feature",
      "properties": {
        "geo_id": "geo_ph_0042",
        "name": "Iloilo expedition",
        "component": "Iloilo City HUC / South Fundidor",
        "source_geo_id": "geo_ph_0059",
        "source_psgc": "0631000000",
        "source_boundary_level": "huc"
      },
      "geometry": {
        "type": "Polygon",
        "coordinates": [
          [
            [
              122.53500165500009,
              10.688764802000037
            ],
            [
              122.53661341700001,
              10.687076915000034
            ],
            [
              122.5300102860001,
              10.68413963200004
            ],
            [
              122.52634306400012,
              10.69334832100003
            ],
            [
              122.52938913700007,
              10.698235325000041
            ],
            [
              122.53500165500009,
              10.688764802000037
            ]
          ]
        ]
      }
    },
    {
      "type": "Feature",
      "properties": {
        "geo_id": "geo_ph_0042",
        "name": "Iloilo expedition",
        "component": "Iloilo City HUC / San Juan",
        "source_geo_id": "geo_ph_0059",
        "source_psgc": "0631000000",
        "source_boundary_level": "huc"
      },
      "geometry": {
        "type": "Polygon",
        "coordinates": [
          [
            [
              122.54634089800004,
              10.689350172000047
            ],
            [
              122.54788015300005,
              10.68600101900006
            ],
            [
              122.54398002300002,
              10.683858374000067
            ],
            [
              122.54079568500003,
              10.689177522000023
            ],
            [
              122.54338054000004,
              10.690138003000072
            ],
            [
              122.5455369120001,
              10.690649260000043
            ],
            [
              122.54634089800004,
              10.689350172000047
            ]
          ]
        ]
      }
    },
    {
      "type": "Feature",
      "properties": {
        "geo_id": "geo_ph_0042",
        "name": "Iloilo expedition",
        "component": "Iloilo City HUC / Santo Niño Sur",
        "source_geo_id": "geo_ph_0059",
        "source_psgc": "0631000000",
        "source_boundary_level": "huc"
      },
      "geometry": {
        "type": "Polygon",
        "coordinates": [
          [
            [
              122.51032856200004,
              10.682778681000059
            ],
            [
              122.51725153900009,
              10.681215749000046
            ],
            [
              122.51739362700005,
              10.67969639100005
            ],
            [
              122.49980636400005,
              10.679965891000052
            ],
            [
              122.4969138990001,
              10.686426847000064
            ],
            [
              122.50530407600002,
              10.683748811000044
            ],
            [
              122.51032856200004,
              10.682778681000059
            ]
          ]
        ]
      }
    },
    {
      "type": "Feature",
      "properties": {
        "geo_id": "geo_ph_0042",
        "name": "Iloilo expedition",
        "component": "Iloilo City HUC / Yulo Drive",
        "source_geo_id": "geo_ph_0059",
        "source_psgc": "0631000000",
        "source_boundary_level": "huc"
      },
      "geometry": {
        "type": "Polygon",
        "coordinates": [
          [
            [
              122.51671610300002,
              10.68615412500003
            ],
            [
              122.52216567200003,
              10.685075271000073
            ],
            [
              122.52277347100005,
              10.682283334000033
            ],
            [
              122.51725153900009,
              10.681215749000046
            ],
            [
              122.51032856200004,
              10.682778681000059
            ],
            [
              122.51140612600011,
              10.685424242000067
            ],
            [
              122.51671610300002,
              10.68615412500003
            ]
          ]
        ]
      }
    },
    {
      "type": "Feature",
      "properties": {
        "geo_id": "geo_ph_0042",
        "name": "Iloilo expedition",
        "component": "Iloilo City HUC / Baybay Tanza",
        "source_geo_id": "geo_ph_0059",
        "source_psgc": "0631000000",
        "source_boundary_level": "huc"
      },
      "geometry": {
        "type": "Polygon",
        "coordinates": [
          [
            [
              122.55953368500002,
              10.691380895000066
            ],
            [
              122.56105904600008,
              10.691069668000068
            ],
            [
              122.55383261500003,
              10.687532142000066
            ],
            [
              122.55398731900004,
              10.68931970400007
            ],
            [
              122.55546312900003,
              10.692961740000044
            ],
            [
              122.55643112500002,
              10.693743277000067
            ],
            [
              122.55685767000011,
              10.693650152000032
            ],
            [
              122.55785652000009,
              10.693432018000067
            ],
            [
              122.55953368500002,
              10.691380895000066
            ]
          ]
        ]
      }
    },
    {
      "type": "Feature",
      "properties": {
        "geo_id": "geo_ph_0042",
        "name": "Iloilo expedition",
        "component": "Iloilo City HUC / General Hughes-Montes",
        "source_geo_id": "geo_ph_0059",
        "source_psgc": "0631000000",
        "source_boundary_level": "huc"
      },
      "geometry": {
        "type": "Polygon",
        "coordinates": [
          [
            [
              122.57785611300005,
              10.688788102000046
            ],
            [
              122.57761966200007,
              10.688870351000048
            ],
            [
              122.577589181,
              10.688816195000072
            ],
            [
              122.57280984400006,
              10.689878430000022
            ],
            [
              122.57374433600012,
              10.691829159000065
            ],
            [
              122.57412827900009,
              10.69220090500005
            ],
            [
              122.57785611300005,
              10.688788102000046
            ]
          ]
        ]
      }
    },
    {
      "type": "Feature",
      "properties": {
        "geo_id": "geo_ph_0042",
        "name": "Iloilo expedition",
        "component": "Iloilo City HUC / Molo Boulevard",
        "source_geo_id": "geo_ph_0059",
        "source_psgc": "0631000000",
        "source_boundary_level": "huc"
      },
      "geometry": {
        "type": "Polygon",
        "coordinates": [
          [
            [
              122.5490951160001,
              10.690936029000056
            ],
            [
              122.5530729080001,
              10.689318397000022
            ],
            [
              122.55398731900004,
              10.68931970400007
            ],
            [
              122.55383261500003,
              10.687532142000066
            ],
            [
              122.54788015300005,
              10.68600101900006
            ],
            [
              122.54634089800004,
              10.689350172000047
            ],
            [
              122.5490951160001,
              10.690936029000056
            ]
          ]
        ]
      }
    },
    {
      "type": "Feature",
      "properties": {
        "geo_id": "geo_ph_0042",
        "name": "Iloilo expedition",
        "component": "Iloilo City HUC / Ortiz",
        "source_geo_id": "geo_ph_0059",
        "source_psgc": "0631000000",
        "source_boundary_level": "huc"
      },
      "geometry": {
        "type": "Polygon",
        "coordinates": [
          [
            [
              122.5728115600001,
              10.68984729300007
            ],
            [
              122.57284952000009,
              10.689687810000066
            ],
            [
              122.5704419220001,
              10.69047715000005
            ],
            [
              122.571595752,
              10.693529343000023
            ],
            [
              122.5719694180001,
              10.69331448500003
            ],
            [
              122.57282885200004,
              10.692707276000021
            ],
            [
              122.57374433600012,
              10.691829159000065
            ],
            [
              122.57280984400006,
              10.689878430000022
            ],
            [
              122.5728115600001,
              10.68984729300007
            ]
          ]
        ]
      }
    },
    {
      "type": "Feature",
      "properties": {
        "geo_id": "geo_ph_0042",
        "name": "Iloilo expedition",
        "component": "Iloilo City HUC / Rima-Rizal",
        "source_geo_id": "geo_ph_0059",
        "source_psgc": "0631000000",
        "source_boundary_level": "huc"
      },
      "geometry": {
        "type": "Polygon",
        "coordinates": [
          [
            [
              122.56624031100012,
              10.691761488000054
            ],
            [
              122.5663852780001,
              10.69095629700007
            ],
            [
              122.56529743100009,
              10.690744213000073
            ],
            [
              122.5653430100001,
              10.691742590000047
            ],
            [
              122.56624031100012,
              10.691761488000054
            ]
          ]
        ]
      }
    },
    {
      "type": "Feature",
      "properties": {
        "geo_id": "geo_ph_0042",
        "name": "Iloilo expedition",
        "component": "Iloilo City HUC / Veterans Village",
        "source_geo_id": "geo_ph_0059",
        "source_psgc": "0631000000",
        "source_boundary_level": "huc"
      },
      "geometry": {
        "type": "Polygon",
        "coordinates": [
          [
            [
              122.58345710600008,
              10.691092364000042
            ],
            [
              122.57830511200007,
              10.688577871000064
            ],
            [
              122.57773568100004,
              10.691707377000057
            ],
            [
              122.57865801100002,
              10.69296134900003
            ],
            [
              122.58345710600008,
              10.691092364000042
            ]
          ]
        ]
      }
    }
  ]
}
