{
  "type": "FeatureCollection",
  "features": [
    {
      "type": "Feature",
      "properties": {
        "geo_id": "geo_kh_0028",
        "name": "Preah Vihear",
        "boundary_level": "province",
        "osm_type": "relation",
        "osm_id": 2198922,
        "source_checked_at": "2026-10-01"
      },
      "geometry": {
        "type": "Polygon",
        "coordinates": [
          [
            [
              104.358,
              13.814402
            ],
            [
              104.359704,
              13.80922
            ],
            [
              104.36115,
              13.807752
            ],
            [
              104.363546,
              13.807065
            ],
            [
              104.368181,
              13.807495
            ],
            [
              104.373377,
              13.809205
            ],
            [
              104.375047,
              13.808272
            ],
            [
              104.381647,
              13.809965
            ],
            [
              104.383709,
              13.809432
            ],
            [
              104.388301,
              13.802594
            ],
            [
              104.389372,
              13.797766
            ],
            [
              104.391737,
              13.794694
            ],
            [
              104.392235,
              13.78633
            ],
            [
              104.394137,
              13.780679
            ],
            [
              104.400267,
              13.77462
            ],
            [
              104.403529,
              13.772546
            ],
            [
              104.411997,
              13.769519
            ],
            [
              104.414125,
              13.767513
            ],
            [
              104.414956,
              13.765629
            ],
            [
              104.414835,
              13.761352
            ],
            [
              104.413113,
              13.757608
            ],
            [
              104.411283,
              13.756119
            ],
            [
              104.408072,
              13.751445
            ],
            [
              104.411945,
              13.741524
            ],
            [
              104.41521,
              13.738419
            ],
            [
              104.421778,
              13.734015
            ],
            [
              104.423387,
              13.731634
            ],
            [
              104.424151,
              13.727576
            ],
            [
              104.428363,
              13.721052
            ],
            [
              104.428073,
              13.711941
            ],
            [
              104.429961,
              13.702551
            ],
            [
              104.431533,
              13.701283
            ],
            [
              104.432202,
              13.699404
            ],
            [
              104.427962,
              13.687762
            ],
            [
              104.427624,
              13.683589
            ],
            [
              104.428199,
              13.680097
            ],
            [
              104.429584,
              13.677155
            ],
            [
              104.431847,
              13.674618
            ],
            [
              104.44046,
              13.66885
            ],
            [
              104.440375,
              13.654151
            ],
            [
              104.434394,
              13.648538
            ],
            [
              104.430991,
              13.640149
            ],
            [
              104.428694,
              13.638307
            ],
            [
              104.429214,
              13.636064
            ],
            [
              104.428689,
              13.634332
            ],
            [
              104.426666,
              13.633072
            ],
            [
              104.425235,
              13.630133
            ],
            [
              104.426502,
              13.626106
            ],
            [
              104.426126,
              13.623495
            ],
            [
              104.424368,
              13.619596
            ],
            [
              104.424201,
              13.618241
            ],
            [
              104.425291,
              13.616827
            ],
            [
              104.424404,
              13.613618
            ],
            [
              104.422309,
              13.612593
            ],
            [
              104.421856,
              13.611632
            ],
            [
              104.419927,
              13.611082
            ],
            [
              104.417906,
              13.609125
            ],
            [
              104.409688,
              13.607406
            ],
            [
              104.405519,
              13.603452
            ],
            [
              104.405691,
              13.601357
            ],
            [
              104.402197,
              13.597845
            ],
            [
              104.402888,
              13.59329
            ],
            [
              104.402125,
              13.591604
            ],
            [
              104.404284,
              13.584915
            ],
            [
              104.406105,
              13.58306
            ],
            [
              104.40562,
              13.581489
            ],
            [
              104.406727,
              13.580351
            ],
            [
              104.405818,
              13.578257
            ],
            [
              104.406231,
              13.576045
            ],
            [
              104.407781,
              13.573386
            ],
            [
              104.409322,
              13.572554
            ],
            [
              104.411306,
              13.568821
            ],
            [
              104.410619,
              13.566208
            ],
            [
              104.407557,
              13.564668
            ],
            [
              104.407117,
              13.563696
            ],
            [
              104.4078,
              13.559864
            ],
            [
              104.410163,
              13.55578
            ],
            [
              104.435716,
              13.553597
            ],
            [
              104.447573,
              13.5538
            ],
            [
              104.457487,
              13.552933
            ],
            [
              104.475397,
              13.552673
            ],
            [
              104.490795,
              13.550916
            ],
            [
              104.497378,
              13.548072
            ],
            [
              104.500438,
              13.549082
            ],
            [
              104.509998,
              13.54559
            ],
            [
              104.514298,
              13.544975
            ],
            [
              104.517869,
              13.546392
            ],
            [
              104.527189,
              13.545486
            ],
            [
              104.530094,
              13.544349
            ],
            [
              104.532797,
              13.545016
            ],
            [
              104.533943,
              13.544439
            ],
            [
              104.534719,
              13.542476
            ],
            [
              104.536767,
              13.540648
            ],
            [
              104.537722,
              13.537914
            ],
            [
              104.542228,
              13.53401
            ],
            [
              104.543369,
              13.532042
            ],
            [
              104.549023,
              13.528723
            ],
            [
              104.552199,
              13.525753
            ],
            [
              104.556758,
              13.526192
            ],
            [
              104.562232,
              13.524459
            ],
            [
              104.566074,
              13.522149
            ],
            [
              104.569871,
              13.521804
            ],
            [
              104.591303,
              13.524115
            ],
            [
              104.597348,
              13.523879
            ],
            [
              104.599053,
              13.522847
            ],
            [
              104.604332,
              13.515991
            ],
            [
              104.6055,
              13.515241
            ],
            [
              104.606761,
              13.515398
            ],
            [
              104.607695,
              13.513882
            ],
            [
              104.612589,
              13.511982
            ],
            [
              104.615265,
              13.507743
            ],
            [
              104.615176,
              13.506228
            ],
            [
              104.616494,
              13.505304
            ],
            [
              104.622422,
              13.506069
            ],
            [
              104.628833,
              13.509758
            ],
            [
              104.629436,
              13.510876
            ],
            [
              104.638684,
              13.512726
            ],
            [
              104.640598,
              13.514288
            ],
            [
              104.644999,
              13.516151
            ],
            [
              104.650452,
              13.516577
            ],
            [
              104.651454,
              13.518529
            ],
            [
              104.652557,
              13.518321
            ],
            [
              104.658581,
              13.524725
            ],
            [
              104.660091,
              13.52412
            ],
            [
              104.661032,
              13.524959
            ],
            [
              104.660499,
              13.525574
            ],
            [
              104.661368,
              13.526403
            ],
            [
              104.662354,
              13.526229
            ],
            [
              104.663326,
              13.527665
            ],
            [
              104.666289,
              13.527535
            ],
            [
              104.668158,
              13.530121
            ],
            [
              104.673105,
              13.531391
            ],
            [
              104.672908,
              13.532565
            ],
            [
              104.67423,
              13.534732
            ],
            [
              104.675781,
              13.53454
            ],
            [
              104.678071,
              13.532339
            ],
            [
              104.683197,
              13.529229
            ],
            [
              104.682562,
              13.527422
            ],
            [
              104.681072,
              13.526889
            ],
            [
              104.678886,
              13.524354
            ],
            [
              104.677519,
              13.520499
            ],
            [
              104.674104,
              13.518497
            ],
            [
              104.670526,
              13.513819
            ],
            [
              104.668287,
              13.513549
            ],
            [
              104.665807,
              13.511972
            ],
            [
              104.664604,
              13.50993
            ],
            [
              104.664725,
              13.507366
            ],
            [
              104.660612,
              13.505959
            ],
            [
              104.65554,
              13.502231
            ],
            [
              104.652558,
              13.499118
            ],
            [
              104.64993,
              13.494944
            ],
            [
              104.648939,
              13.490387
            ],
            [
              104.651102,
              13.479421
            ],
            [
              104.649784,
              13.474722
            ],
            [
              104.649285,
              13.467413
            ],
            [
              104.646291,
              13.462466
            ],
            [
              104.641085,
              13.457896
            ],
            [
              104.637673,
              13.452576
            ],
            [
              104.635527,
              13.448407
            ],
            [
              104.633855,
              13.442876
            ],
            [
              104.631325,
              13.440461
            ],
            [
              104.625885,
              13.437771
            ],
            [
              104.5985,
              13.41775
            ],
            [
              104.592159,
              13.410135
            ],
            [
              104.589392,
              13.402169
            ],
            [
              104.585956,
              13.396033
            ],
            [
              104.578873,
              13.38865
            ],
            [
              104.575464,
              13.386132
            ],
            [
              104.573319,
              13.383064
            ],
            [
              104.567113,
              13.36267
            ],
            [
              104.56678,
              13.35913
            ],
            [
              104.567076,
              13.346583
            ],
            [
              104.568005,
              13.339761
            ],
            [
              104.567571,
              13.331064
            ],
            [
              104.568209,
              13.327867
            ],
            [
              104.571399,
              13.323287
            ],
            [
              104.572296,
              13.319037
            ],
            [
              104.567033,
              13.307988
            ],
            [
              104.564689,
              13.297214
            ],
            [
              104.564895,
              13.294851
            ],
            [
              104.571774,
              13.274524
            ],
            [
              104.570525,
              13.269205
            ],
            [
              104.565994,
              13.257831
            ],
            [
              104.56486,
              13.251347
            ],
            [
              104.574198,
              13.252103
            ],
            [
              104.600137,
              13.257047
            ],
            [
              104.615551,
              13.260841
            ],
            [
              104.646144,
              13.271098
            ],
            [
              104.668608,
              13.279983
            ],
            [
              104.685927,
              13.290487
            ],
            [
              104.69284,
              13.291839
            ],
            [
              104.702839,
              13.299126
            ],
            [
              104.70499,
              13.30309
            ],
            [
              104.709128,
              13.305828
            ],
            [
              104.714682,
              13.30708
            ],
            [
              104.717421,
              13.305796
            ],
            [
              104.725191,
              13.304448
            ],
            [
              104.731784,
              13.310441
            ],
            [
              104.736365,
              13.310809
            ],
            [
              104.743071,
              13.313682
            ],
            [
              104.747627,
              13.312369
            ],
            [
              104.748844,
              13.310369
            ],
            [
              104.750771,
              13.311725
            ],
            [
              104.752987,
              13.31115
            ],
            [
              104.7544,
              13.313186
            ],
            [
              104.762133,
              13.314109
            ],
            [
              104.765661,
              13.310562
            ],
            [
              104.766939,
              13.310647
            ],
            [
              104.767366,
              13.308867
            ],
            [
              104.769097,
              13.306978
            ],
            [
              104.769274,
              13.305319
            ],
            [
              104.772151,
              13.30449
            ],
            [
              104.774861,
              13.302305
            ],
            [
              104.776298,
              13.301982
            ],
            [
              104.785297,
              13.303735
            ],
            [
              104.835276,
              13.309218
            ],
            [
              104.846605,
              13.30674
            ],
            [
              104.852327,
              13.306303
            ],
            [
              104.885714,
              13.309945
            ],
            [
              104.888651,
              13.309778
            ],
            [
              104.891968,
              13.308507
            ],
            [
              104.893297,
              13.307597
            ],
            [
              104.89533,
              13.304211
            ],
            [
              104.901534,
              13.291018
            ],
            [
              104.902774,
              13.282853
            ],
            [
              104.895662,
              13.263434
            ],
            [
              104.895818,
              13.26158
            ],
            [
              104.894202,
              13.255796
            ],
            [
              104.893013,
              13.252046
            ],
            [
              104.891645,
              13.250109
            ],
            [
              104.892156,
              13.248957
            ],
            [
              104.889419,
              13.245354
            ],
            [
              104.88264,
              13.239842
            ],
            [
              104.881777,
              13.238026
            ],
            [
              104.881264,
              13.236294
            ],
            [
              104.883466,
              13.229126
            ],
            [
              104.883074,
              13.227948
            ],
            [
              104.875028,
              13.219429
            ],
            [
              104.875109,
              13.213514
            ],
            [
              104.876241,
              13.210936
            ],
            [
              104.876398,
              13.20694
            ],
            [
              104.875792,
              13.201486
            ],
            [
              104.873957,
              13.199551
            ],
            [
              104.874646,
              13.196758
            ],
            [
              104.873022,
              13.194104
            ],
            [
              104.876322,
              13.187181
            ],
            [
              104.875679,
              13.179578
            ],
            [
              104.877761,
              13.168076
            ],
            [
              104.884654,
              13.161
            ],
            [
              104.886999,
              13.159657
            ],
            [
              104.888843,
              13.156468
            ],
            [
              104.888422,
              13.151212
            ],
            [
              104.887155,
              13.148906
            ],
            [
              104.887678,
              13.146996
            ],
            [
              104.887193,
              13.142003
            ],
            [
              104.888036,
              13.141418
            ],
            [
              104.888068,
              13.140109
            ],
            [
              104.903995,
              13.123128
            ],
            [
              104.904309,
              13.117274
            ],
            [
              104.905825,
              13.117171
            ],
            [
              104.908593,
              13.108125
            ],
            [
              104.910229,
              13.107047
            ],
            [
              104.914831,
              13.100039
            ],
            [
              104.918964,
              13.097528
            ],
            [
              104.920511,
              13.093082
            ],
            [
              104.93365,
              13.076299
            ],
            [
              104.945568,
              13.064057
            ],
            [
              104.952563,
              13.058439
            ],
            [
              104.966285,
              13.055345
            ],
            [
              104.974269,
              13.055497
            ],
            [
              104.977062,
              13.056193
            ],
            [
              104.985222,
              13.060907
            ],
            [
              105.004991,
              13.073492
            ],
            [
              105.059499,
              13.114589
            ],
            [
              105.070184,
              13.121138
            ],
            [
              105.101161,
              13.13655
            ],
            [
              105.115576,
              13.144621
            ],
            [
              105.125364,
              13.150825
            ],
            [
              105.148105,
              13.168019
            ],
            [
              105.158204,
              13.176745
            ],
            [
              105.166992,
              13.188063
            ],
            [
              105.171352,
              13.19618
            ],
            [
              105.177378,
              13.211291
            ],
            [
              105.185455,
              13.222848
            ],
            [
              105.190994,
              13.228848
            ],
            [
              105.211791,
              13.24292
            ],
            [
              105.219657,
              13.246855
            ],
            [
              105.23706,
              13.257351
            ],
            [
              105.246033,
              13.260945
            ],
            [
              105.246459,
              13.259883
            ],
            [
              105.269927,
              13.268677
            ],
            [
              105.274522,
              13.270954
            ],
            [
              105.278817,
              13.274221
            ],
            [
              105.298058,
              13.296119
            ],
            [
              105.312076,
              13.309345
            ],
            [
              105.322512,
              13.322412
            ],
            [
              105.333872,
              13.333026
            ],
            [
              105.339689,
              13.340198
            ],
            [
              105.344815,
              13.344308
            ],
            [
              105.34824,
              13.348591
            ],
            [
              105.353151,
              13.358753
            ],
            [
              105.358445,
              13.363299
            ],
            [
              105.399472,
              13.384636
            ],
            [
              105.414524,
              13.388616
            ],
            [
              105.422233,
              13.392294
            ],
            [
              105.43351,
              13.395589
            ],
            [
              105.44825,
              13.401659
            ],
            [
              105.456932,
              13.406374
            ],
            [
              105.476202,
              13.419472
            ],
            [
              105.480082,
              13.421407
            ],
            [
              105.496441,
              13.426843
            ],
            [
              105.498973,
              13.426782
            ],
            [
              105.524396,
              13.433446
            ],
            [
              105.530832,
              13.440232
            ],
            [
              105.532616,
              13.445065
            ],
            [
              105.540755,
              13.452416
            ],
            [
              105.542624,
              13.455559
            ],
            [
              105.542782,
              13.461335
            ],
            [
              105.549175,
              13.468468
            ],
            [
              105.554017,
              13.47719
            ],
            [
              105.564046,
              13.48585
            ],
            [
              105.566235,
              13.490096
            ],
            [
              105.564939,
              13.502454
            ],
            [
              105.565663,
              13.516438
            ],
            [
              105.562534,
              13.543192
            ],
            [
              105.566172,
              13.554566
            ],
            [
              105.566236,
              13.56166
            ],
            [
              105.568604,
              13.581827
            ],
            [
              105.571814,
              13.595431
            ],
            [
              105.573058,
              13.62207
            ],
            [
              105.572678,
              13.626115
            ],
            [
              105.570566,
              13.633778
            ],
            [
              105.570465,
              13.637615
            ],
            [
              105.572828,
              13.641466
            ],
            [
              105.573054,
              13.646505
            ],
            [
              105.576562,
              13.651253
            ],
            [
              105.577041,
              13.654016
            ],
            [
              105.575506,
              13.660539
            ],
            [
              105.575567,
              13.668598
            ],
            [
              105.573116,
              13.671764
            ],
            [
              105.570213,
              13.678986
            ],
            [
              105.570472,
              13.689971
            ],
            [
              105.564744,
              13.708446
            ],
            [
              105.551741,
              13.72701
            ],
            [
              105.54898,
              13.739179
            ],
            [
              105.54623,
              13.741887
            ],
            [
              105.543265,
              13.7423
            ],
            [
              105.540936,
              13.744753
            ],
            [
              105.533676,
              13.748541
            ],
            [
              105.531472,
              13.756003
            ],
            [
              105.531551,
              13.759912
            ],
            [
              105.524393,
              13.765176
            ],
            [
              105.524197,
              13.773926
            ],
            [
              105.522336,
              13.77639
            ],
            [
              105.522264,
              13.779011
            ],
            [
              105.524564,
              13.781282
            ],
            [
              105.52447,
              13.782603
            ],
            [
              105.527065,
              13.784143
            ],
            [
              105.527874,
              13.787286
            ],
            [
              105.529463,
              13.789349
            ],
            [
              105.528504,
              13.79123
            ],
            [
              105.528876,
              13.793882
            ],
            [
              105.524202,
              13.799
            ],
            [
              105.524775,
              13.802232
            ],
            [
              105.5285,
              13.804723
            ],
            [
              105.528193,
              13.8055
            ],
            [
              105.528772,
              13.805843
            ],
            [
              105.526534,
              13.810383
            ],
            [
              105.526905,
              13.812471
            ],
            [
              105.525043,
              13.813095
            ],
            [
              105.52586,
              13.815156
            ],
            [
              105.524295,
              13.817419
            ],
            [
              105.521056,
              13.818386
            ],
            [
              105.522528,
              13.819873
            ],
            [
              105.521871,
              13.820575
            ],
            [
              105.520807,
              13.820453
            ],
            [
              105.520773,
              13.824835
            ],
            [
              105.519467,
              13.826411
            ],
            [
              105.52046,
              13.828441
            ],
            [
              105.519904,
              13.830628
            ],
            [
              105.521984,
              13.832861
            ],
            [
              105.521312,
              13.8337
            ],
            [
              105.522435,
              13.836354
            ],
            [
              105.520422,
              13.83686
            ],
            [
              105.522327,
              13.837756
            ],
            [
              105.523411,
              13.839948
            ],
            [
              105.524332,
              13.840182
            ],
            [
              105.524632,
              13.841671
            ],
            [
              105.526926,
              13.843701
            ],
            [
              105.526015,
              13.844813
            ],
            [
              105.527021,
              13.846163
            ],
            [
              105.528315,
              13.852904
            ],
            [
              105.531822,
              13.855172
            ],
            [
              105.534865,
              13.856006
            ],
            [
              105.538776,
              13.860559
            ],
            [
              105.540727,
              13.860235
            ],
            [
              105.544195,
              13.863413
            ],
            [
              105.546235,
              13.863975
            ],
            [
              105.546865,
              13.86539
            ],
            [
              105.548416,
              13.865773
            ],
            [
              105.550886,
              13.864584
            ],
            [
              105.552162,
              13.865296
            ],
            [
              105.553584,
              13.863768
            ],
            [
              105.554975,
              13.868415
            ],
            [
              105.55689,
              13.868758
            ],
            [
              105.556782,
              13.870827
            ],
            [
              105.558478,
              13.872259
            ],
            [
              105.559253,
              13.871559
            ],
            [
              105.565371,
              13.873331
            ],
            [
              105.565689,
              13.875881
            ],
            [
              105.567061,
              13.877647
            ],
            [
              105.567986,
              13.877173
            ],
            [
              105.571275,
              13.880508
            ],
            [
              105.575506,
              13.882958
            ],
            [
              105.577194,
              13.88546
            ],
            [
              105.578968,
              13.885858
            ],
            [
              105.579962,
              13.887853
            ],
            [
              105.581003,
              13.887997
            ],
            [
              105.585166,
              13.885824
            ],
            [
              105.587801,
              13.883338
            ],
            [
              105.589614,
              13.883158
            ],
            [
              105.591367,
              13.883979
            ],
            [
              105.594138,
              13.881259
            ],
            [
              105.596311,
              13.881313
            ],
            [
              105.599958,
              13.879771
            ],
            [
              105.6028,
              13.876972
            ],
            [
              105.604636,
              13.87099
            ],
            [
              105.60548,
              13.87032
            ],
            [
              105.607755,
              13.871002
            ],
            [
              105.608559,
              13.870627
            ],
            [
              105.609804,
              13.869404
            ],
            [
              105.610241,
              13.86728
            ],
            [
              105.610803,
              13.866846
            ],
            [
              105.611328,
              13.867435
            ],
            [
              105.612671,
              13.865288
            ],
            [
              105.61136,
              13.864348
            ],
            [
              105.613048,
              13.863459
            ],
            [
              105.615263,
              13.863788
            ],
            [
              105.615761,
              13.862056
            ],
            [
              105.618214,
              13.861224
            ],
            [
              105.618909,
              13.857986
            ],
            [
              105.62032,
              13.856791
            ],
            [
              105.625772,
              13.856797
            ],
            [
              105.628153,
              13.85817
            ],
            [
              105.627379,
              13.861186
            ],
            [
              105.628543,
              13.862009
            ],
            [
              105.629184,
              13.864773
            ],
            [
              105.632252,
              13.865209
            ],
            [
              105.634212,
              13.868291
            ],
            [
              105.635457,
              13.868749
            ],
            [
              105.637919,
              13.867984
            ],
            [
              105.641224,
              13.869236
            ],
            [
              105.644814,
              13.868283
            ],
            [
              105.646139,
              13.869042
            ],
            [
              105.64663,
              13.871208
            ],
            [
              105.650003,
              13.868433
            ],
            [
              105.65185,
              13.868607
            ],
            [
              105.655991,
              13.870275
            ],
            [
              105.657271,
              13.871424
            ],
            [
              105.657769,
              13.873139
            ],
            [
              105.658615,
              13.873488
            ],
            [
              105.660555,
              13.872514
            ],
            [
              105.662712,
              13.872858
            ],
            [
              105.665872,
              13.875247
            ],
            [
              105.669323,
              13.872256
            ],
            [
              105.67174,
              13.872077
            ],
            [
              105.674812,
              13.87061
            ],
            [
              105.675381,
              13.868273
            ],
            [
              105.679721,
              13.863364
            ],
            [
              105.683747,
              13.862958
            ],
            [
              105.684805,
              13.86538
            ],
            [
              105.68726,
              13.866318
            ],
            [
              105.689646,
              13.865242
            ],
            [
              105.690138,
              13.867895
            ],
            [
              105.694468,
              13.864826
            ],
            [
              105.696199,
              13.86236
            ],
            [
              105.69712,
              13.862261
            ],
            [
              105.698318,
              13.862745
            ],
            [
              105.70012,
              13.86571
            ],
            [
              105.701093,
              13.866097
            ],
            [
              105.704024,
              13.865708
            ],
            [
              105.707601,
              13.867247
            ],
            [
              105.709861,
              13.866896
            ],
            [
              105.712318,
              13.867719
            ],
            [
              105.714185,
              13.871453
            ],
            [
              105.714626,
              13.873692
            ],
            [
              105.713148,
              13.875795
            ],
            [
              105.715473,
              13.877478
            ],
            [
              105.713868,
              13.87882
            ],
            [
              105.715013,
              13.881013
            ],
            [
              105.714698,
              13.882262
            ],
            [
              105.712721,
              13.884726
            ],
            [
              105.71011,
              13.883336
            ],
            [
              105.706723,
              13.885329
            ],
            [
              105.707234,
              13.888576
            ],
            [
              105.706156,
              13.889193
            ],
            [
              105.704818,
              13.888599
            ],
            [
              105.703301,
              13.889379
            ],
            [
              105.703586,
              13.893156
            ],
            [
              105.70488,
              13.894775
            ],
            [
              105.704987,
              13.897388
            ],
            [
              105.701271,
              13.898812
            ],
            [
              105.70227,
              13.900634
            ],
            [
              105.700648,
              13.902919
            ],
            [
              105.700593,
              13.905345
            ],
            [
              105.70174,
              13.909366
            ],
            [
              105.704629,
              13.910334
            ],
            [
              105.705797,
              13.911894
            ],
            [
              105.708068,
              13.91268
            ],
            [
              105.711451,
              13.916818
            ],
            [
              105.72485,
              13.919877
            ],
            [
              105.74615,
              13.921409
            ],
            [
              105.747446,
              13.922107
            ],
            [
              105.757749,
              13.923118
            ],
            [
              105.772313,
              13.921599
            ],
            [
              105.794211,
              13.923041
            ],
            [
              105.815365,
              13.922337
            ],
            [
              105.830038,
              13.923156
            ],
            [
              105.8503,
              13.922679
            ],
            [
              105.861574,
              13.921171
            ],
            [
              105.86941,
              13.921699
            ],
            [
              105.877259,
              13.923339
            ],
            [
              105.883454,
              13.925955
            ],
            [
              105.893907,
              13.931867
            ],
            [
              105.899249,
              13.937077
            ],
            [
              105.896191,
              13.941429
            ],
            [
              105.893899,
              13.947912
            ],
            [
              105.884446,
              13.955024
            ],
            [
              105.879278,
              13.957225
            ],
            [
              105.874931,
              13.960434
            ],
            [
              105.870034,
              13.965831
            ],
            [
              105.860346,
              13.969366
            ],
            [
              105.852496,
              13.975651
            ],
            [
              105.846308,
              13.97808
            ],
            [
              105.841674,
              13.982617
            ],
            [
              105.833551,
              13.987698
            ],
            [
              105.824124,
              14.001474
            ],
            [
              105.820071,
              14.003073
            ],
            [
              105.8171,
              14.005801
            ],
            [
              105.81051,
              14.009584
            ],
            [
              105.804287,
              14.017286
            ],
            [
              105.797906,
              14.019659
            ],
            [
              105.792666,
              14.023654
            ],
            [
              105.790008,
              14.028314
            ],
            [
              105.783756,
              14.044418
            ],
            [
              105.784879,
              14.04814
            ],
            [
              105.785004,
              14.053376
            ],
            [
              105.782788,
              14.057571
            ],
            [
              105.782553,
              14.059944
            ],
            [
              105.786564,
              14.068412
            ],
            [
              105.788544,
              14.078929
            ],
            [
              105.787405,
              14.081887
            ],
            [
              105.785384,
              14.084335
            ],
            [
              105.773253,
              14.088726
            ],
            [
              105.76531,
              14.089724
            ],
            [
              105.741946,
              14.095771
            ],
            [
              105.737075,
              14.094193
            ],
            [
              105.727471,
              14.108068
            ],
            [
              105.724157,
              14.109232
            ],
            [
              105.718258,
              14.107324
            ],
            [
              105.715944,
              14.102357
            ],
            [
              105.710036,
              14.09501
            ],
            [
              105.709026,
              14.088785
            ],
            [
              105.705845,
              14.086975
            ],
            [
              105.703859,
              14.086861
            ],
            [
              105.701505,
              14.088356
            ],
            [
              105.698979,
              14.093761
            ],
            [
              105.68811,
              14.099453
            ],
            [
              105.686508,
              14.100968
            ],
            [
              105.684698,
              14.103136
            ],
            [
              105.682239,
              14.10884
            ],
            [
              105.667089,
              14.113777
            ],
            [
              105.664901,
              14.115182
            ],
            [
              105.662111,
              14.11887
            ],
            [
              105.658466,
              14.120157
            ],
            [
              105.655759,
              14.119353
            ],
            [
              105.655021,
              14.117488
            ],
            [
              105.656766,
              14.115855
            ],
            [
              105.660447,
              14.115311
            ],
            [
              105.661321,
              14.114412
            ],
            [
              105.661561,
              14.113022
            ],
            [
              105.66074,
              14.11076
            ],
            [
              105.659031,
              14.10958
            ],
            [
              105.655693,
              14.111848
            ],
            [
              105.65401,
              14.112165
            ],
            [
              105.651094,
              14.110587
            ],
            [
              105.649662,
              14.108009
            ],
            [
              105.648756,
              14.098337
            ],
            [
              105.647294,
              14.097317
            ],
            [
              105.644812,
              14.097385
            ],
            [
              105.632194,
              14.10841
            ],
            [
              105.6355,
              14.118568
            ],
            [
              105.634601,
              14.120533
            ],
            [
              105.63025,
              14.125412
            ],
            [
              105.633091,
              14.127171
            ],
            [
              105.633664,
              14.130742
            ],
            [
              105.632479,
              14.131471
            ],
            [
              105.628038,
              14.129761
            ],
            [
              105.625838,
              14.129997
            ],
            [
              105.620335,
              14.134608
            ],
            [
              105.619281,
              14.134174
            ],
            [
              105.617777,
              14.131355
            ],
            [
              105.617715,
              14.126586
            ],
            [
              105.617052,
              14.125844
            ],
            [
              105.616168,
              14.126225
            ],
            [
              105.608831,
              14.13369
            ],
            [
              105.608015,
              14.13632
            ],
            [
              105.608606,
              14.142987
            ],
            [
              105.608119,
              14.144735
            ],
            [
              105.603897,
              14.144337
            ],
            [
              105.601512,
              14.1482
            ],
            [
              105.598395,
              14.147977
            ],
            [
              105.593978,
              14.145398
            ],
            [
              105.592852,
              14.145435
            ],
            [
              105.58593,
              14.149882
            ],
            [
              105.584504,
              14.147889
            ],
            [
              105.585141,
              14.143653
            ],
            [
              105.588556,
              14.140823
            ],
            [
              105.589368,
              14.138703
            ],
            [
              105.588143,
              14.137587
            ],
            [
              105.58623,
              14.137751
            ],
            [
              105.573548,
              14.144971
            ],
            [
              105.572008,
              14.150536
            ],
            [
              105.568036,
              14.154913
            ],
            [
              105.558438,
              14.160434
            ],
            [
              105.556608,
              14.160638
            ],
            [
              105.552017,
              14.158074
            ],
            [
              105.549775,
              14.158101
            ],
            [
              105.548992,
              14.155699
            ],
            [
              105.545404,
              14.155707
            ],
            [
              105.544909,
              14.153873
            ],
            [
              105.543752,
              14.152689
            ],
            [
              105.541829,
              14.152284
            ],
            [
              105.541202,
              14.15077
            ],
            [
              105.538485,
              14.151574
            ],
            [
              105.537409,
              14.150429
            ],
            [
              105.531864,
              14.148038
            ],
            [
              105.531303,
              14.144169
            ],
            [
              105.529912,
              14.143863
            ],
            [
              105.528355,
              14.141952
            ],
            [
              105.526281,
              14.142615
            ],
            [
              105.525072,
              14.141201
            ],
            [
              105.523512,
              14.1427
            ],
            [
              105.521392,
              14.14103
            ],
            [
              105.519552,
              14.140655
            ],
            [
              105.51863,
              14.139978
            ],
            [
              105.519034,
              14.137544
            ],
            [
              105.518398,
              14.136677
            ],
            [
              105.515618,
              14.136454
            ],
            [
              105.514733,
              14.133783
            ],
            [
              105.513815,
              14.133673
            ],
            [
              105.512789,
              14.135698
            ],
            [
              105.512028,
              14.135544
            ],
            [
              105.507227,
              14.131994
            ],
            [
              105.505297,
              14.132896
            ],
            [
              105.503457,
              14.132381
            ],
            [
              105.502103,
              14.134827
            ],
            [
              105.499456,
              14.134172
            ],
            [
              105.498273,
              14.133059
            ],
            [
              105.499374,
              14.130862
            ],
            [
              105.498976,
              14.129034
            ],
            [
              105.49476,
              14.129299
            ],
            [
              105.4938,
              14.127453
            ],
            [
              105.490292,
              14.126125
            ],
            [
              105.490003,
              14.122065
            ],
            [
              105.487863,
              14.120497
            ],
            [
              105.484711,
              14.11904
            ],
            [
              105.480175,
              14.118756
            ],
            [
              105.478842,
              14.117351
            ],
            [
              105.477178,
              14.119549
            ],
            [
              105.475453,
              14.119186
            ],
            [
              105.474239,
              14.12131
            ],
            [
              105.472397,
              14.118516
            ],
            [
              105.472926,
              14.116284
            ],
            [
              105.472296,
              14.115224
            ],
            [
              105.471324,
              14.116378
            ],
            [
              105.47005,
              14.116362
            ],
            [
              105.467043,
              14.111997
            ],
            [
              105.464679,
              14.11116
            ],
            [
              105.463199,
              14.111291
            ],
            [
              105.462921,
              14.112645
            ],
            [
              105.461816,
              14.112884
            ],
            [
              105.458886,
              14.109909
            ],
            [
              105.458786,
              14.107214
            ],
            [
              105.457452,
              14.105808
            ],
            [
              105.456991,
              14.106231
            ],
            [
              105.457496,
              14.108229
            ],
            [
              105.457122,
              14.108925
            ],
            [
              105.456391,
              14.108524
            ],
            [
              105.454504,
              14.101796
            ],
            [
              105.453043,
              14.102329
            ],
            [
              105.451973,
              14.101636
            ],
            [
              105.45035,
              14.102989
            ],
            [
              105.448022,
              14.103125
            ],
            [
              105.44557,
              14.104319
            ],
            [
              105.445031,
              14.106697
            ],
            [
              105.445916,
              14.108964
            ],
            [
              105.444452,
              14.107997
            ],
            [
              105.442354,
              14.108385
            ],
            [
              105.438583,
              14.106453
            ],
            [
              105.438155,
              14.107753
            ],
            [
              105.434701,
              14.106794
            ],
            [
              105.434264,
              14.107252
            ],
            [
              105.435646,
              14.108336
            ],
            [
              105.435119,
              14.110125
            ],
            [
              105.434263,
              14.109869
            ],
            [
              105.432375,
              14.106153
            ],
            [
              105.429086,
              14.105462
            ],
            [
              105.426262,
              14.10808
            ],
            [
              105.423099,
              14.105551
            ],
            [
              105.419051,
              14.106029
            ],
            [
              105.417567,
              14.108697
            ],
            [
              105.417616,
              14.110569
            ],
            [
              105.414235,
              14.111852
            ],
            [
              105.414558,
              14.110602
            ],
            [
              105.413127,
              14.109872
            ],
            [
              105.411226,
              14.111265
            ],
            [
              105.409459,
              14.109684
            ],
            [
              105.406326,
              14.11059
            ],
            [
              105.40676,
              14.108444
            ],
            [
              105.406095,
              14.107305
            ],
            [
              105.404849,
              14.107357
            ],
            [
              105.404793,
              14.106599
            ],
            [
              105.407035,
              14.105162
            ],
            [
              105.406159,
              14.104125
            ],
            [
              105.404045,
              14.103508
            ],
            [
              105.402808,
              14.101677
            ],
            [
              105.400543,
              14.105364
            ],
            [
              105.398071,
              14.101197
            ],
            [
              105.397155,
              14.100711
            ],
            [
              105.394995,
              14.102286
            ],
            [
              105.394228,
              14.100514
            ],
            [
              105.391991,
              14.101033
            ],
            [
              105.390551,
              14.099844
            ],
            [
              105.390286,
              14.100899
            ],
            [
              105.389392,
              14.100953
            ],
            [
              105.388844,
              14.102305
            ],
            [
              105.386912,
              14.102929
            ],
            [
              105.386671,
              14.104087
            ],
            [
              105.384569,
              14.105742
            ],
            [
              105.383698,
              14.105785
            ],
            [
              105.382223,
              14.104446
            ],
            [
              105.379493,
              14.104871
            ],
            [
              105.376896,
              14.102012
            ],
            [
              105.375143,
              14.102199
            ],
            [
              105.372792,
              14.104268
            ],
            [
              105.371946,
              14.104012
            ],
            [
              105.373048,
              14.102443
            ],
            [
              105.370909,
              14.10225
            ],
            [
              105.369353,
              14.105193
            ],
            [
              105.370366,
              14.107128
            ],
            [
              105.370055,
              14.108021
            ],
            [
              105.366478,
              14.106226
            ],
            [
              105.367585,
              14.10413
            ],
            [
              105.367328,
              14.103425
            ],
            [
              105.366068,
              14.103525
            ],
            [
              105.365369,
              14.104694
            ],
            [
              105.362014,
              14.104457
            ],
            [
              105.361806,
              14.10539
            ],
            [
              105.362762,
              14.105434
            ],
            [
              105.363266,
              14.106269
            ],
            [
              105.360899,
              14.10689
            ],
            [
              105.35723,
              14.111225
            ],
            [
              105.357727,
              14.112927
            ],
            [
              105.35691,
              14.113854
            ],
            [
              105.356964,
              14.11693
            ],
            [
              105.354992,
              14.11639
            ],
            [
              105.354575,
              14.117733
            ],
            [
              105.352042,
              14.118022
            ],
            [
              105.351997,
              14.119836
            ],
            [
              105.350631,
              14.120232
            ],
            [
              105.350729,
              14.121748
            ],
            [
              105.347924,
              14.122757
            ],
            [
              105.348314,
              14.12664
            ],
            [
              105.346979,
              14.125588
            ],
            [
              105.343907,
              14.125977
            ],
            [
              105.342904,
              14.12657
            ],
            [
              105.342353,
              14.128439
            ],
            [
              105.339628,
              14.129941
            ],
            [
              105.340468,
              14.131105
            ],
            [
              105.339492,
              14.13326
            ],
            [
              105.338516,
              14.133301
            ],
            [
              105.338852,
              14.134278
            ],
            [
              105.334919,
              14.137246
            ],
            [
              105.336958,
              14.13869
            ],
            [
              105.336328,
              14.139824
            ],
            [
              105.332897,
              14.139165
            ],
            [
              105.33197,
              14.140895
            ],
            [
              105.330719,
              14.139385
            ],
            [
              105.330095,
              14.139508
            ],
            [
              105.329564,
              14.139828
            ],
            [
              105.33004,
              14.140978
            ],
            [
              105.327467,
              14.142654
            ],
            [
              105.327803,
              14.143482
            ],
            [
              105.32606,
              14.143876
            ],
            [
              105.325524,
              14.145056
            ],
            [
              105.324217,
              14.145361
            ],
            [
              105.327736,
              14.149372
            ],
            [
              105.326815,
              14.150057
            ],
            [
              105.327314,
              14.151277
            ],
            [
              105.326804,
              14.152055
            ],
            [
              105.325982,
              14.151638
            ],
            [
              105.32381,
              14.153223
            ],
            [
              105.323744,
              14.154417
            ],
            [
              105.320687,
              14.154013
            ],
            [
              105.321784,
              14.155625
            ],
            [
              105.324449,
              14.156648
            ],
            [
              105.324731,
              14.159003
            ],
            [
              105.320756,
              14.160834
            ],
            [
              105.320521,
              14.162968
            ],
            [
              105.316339,
              14.161846
            ],
            [
              105.315658,
              14.163737
            ],
            [
              105.312268,
              14.164032
            ],
            [
              105.311658,
              14.16373
            ],
            [
              105.312915,
              14.161876
            ],
            [
              105.31034,
              14.16176
            ],
            [
              105.310473,
              14.161096
            ],
            [
              105.309242,
              14.160297
            ],
            [
              105.308843,
              14.162236
            ],
            [
              105.306146,
              14.162648
            ],
            [
              105.306445,
              14.164027
            ],
            [
              105.304408,
              14.164294
            ],
            [
              105.304446,
              14.165936
            ],
            [
              105.303523,
              14.164783
            ],
            [
              105.302083,
              14.165546
            ],
            [
              105.30036,
              14.164492
            ],
            [
              105.298075,
              14.164907
            ],
            [
              105.297043,
              14.166612
            ],
            [
              105.298514,
              14.168687
            ],
            [
              105.297794,
              14.169016
            ],
            [
              105.298189,
              14.169971
            ],
            [
              105.294917,
              14.172275
            ],
            [
              105.294331,
              14.171848
            ],
            [
              105.293595,
              14.173026
            ],
            [
              105.288461,
              14.169695
            ],
            [
              105.285288,
              14.171116
            ],
            [
              105.28308,
              14.170542
            ],
            [
              105.282067,
              14.170767
            ],
            [
              105.280855,
              14.172885
            ],
            [
              105.27534,
              14.176476
            ],
            [
              105.274947,
              14.177277
            ],
            [
              105.276013,
              14.180176
            ],
            [
              105.274929,
              14.184602
            ],
            [
              105.273506,
              14.186675
            ],
            [
              105.271018,
              14.193792
            ],
            [
              105.264913,
              14.195474
            ],
            [
              105.267142,
              14.19669
            ],
            [
              105.266876,
              14.202155
            ],
            [
              105.262651,
              14.206371
            ],
            [
              105.25829,
              14.207669
            ],
            [
              105.257099,
              14.210099
            ],
            [
              105.256667,
              14.211555
            ],
            [
              105.257637,
              14.218746
            ],
            [
              105.255734,
              14.220322
            ],
            [
              105.255551,
              14.221435
            ],
            [
              105.257029,
              14.226218
            ],
            [
              105.255352,
              14.227324
            ],
            [
              105.254814,
              14.22879
            ],
            [
              105.252199,
              14.229295
            ],
            [
              105.249082,
              14.230967
            ],
            [
              105.249009,
              14.237547
            ],
            [
              105.246455,
              14.240739
            ],
            [
              105.247546,
              14.252567
            ],
            [
              105.246119,
              14.262292
            ],
            [
              105.243793,
              14.265423
            ],
            [
              105.240693,
              14.273521
            ],
            [
              105.236848,
              14.27768
            ],
            [
              105.226947,
              14.282479
            ],
            [
              105.224091,
              14.28476
            ],
            [
              105.2219,
              14.292714
            ],
            [
              105.217559,
              14.298937
            ],
            [
              105.216824,
              14.301569
            ],
            [
              105.208678,
              14.308883
            ],
            [
              105.206167,
              14.312671
            ],
            [
              105.205232,
              14.317344
            ],
            [
              105.206161,
              14.320074
            ],
            [
              105.20578,
              14.326951
            ],
            [
              105.206856,
              14.326704
            ],
            [
              105.206432,
              14.328539
            ],
            [
              105.207396,
              14.333448
            ],
            [
              105.205501,
              14.33666
            ],
            [
              105.206471,
              14.343339
            ],
            [
              105.201326,
              14.345493
            ],
            [
              105.200568,
              14.347045
            ],
            [
              105.198046,
              14.348451
            ],
            [
              105.192887,
              14.346787
            ],
            [
              105.187069,
              14.342131
            ],
            [
              105.186064,
              14.341976
            ],
            [
              105.181438,
              14.342347
            ],
            [
              105.176549,
              14.345911
            ],
            [
              105.175006,
              14.344733
            ],
            [
              105.171359,
              14.337819
            ],
            [
              105.168374,
              14.334942
            ],
            [
              105.1688,
              14.332674
            ],
            [
              105.167208,
              14.328355
            ],
            [
              105.167358,
              14.326759
            ],
            [
              105.170311,
              14.324353
            ],
            [
              105.174639,
              14.322694
            ],
            [
              105.176016,
              14.32124
            ],
            [
              105.176854,
              14.319282
            ],
            [
              105.17675,
              14.314706
            ],
            [
              105.174283,
              14.31067
            ],
            [
              105.170941,
              14.309013
            ],
            [
              105.169174,
              14.304455
            ],
            [
              105.167987,
              14.303549
            ],
            [
              105.162908,
              14.302569
            ],
            [
              105.160804,
              14.300998
            ],
            [
              105.160271,
              14.289166
            ],
            [
              105.15458,
              14.287739
            ],
            [
              105.152417,
              14.286441
            ],
            [
              105.151447,
              14.284931
            ],
            [
              105.150101,
              14.276998
            ],
            [
              105.153309,
              14.268969
            ],
            [
              105.150976,
              14.266518
            ],
            [
              105.145018,
              14.262534
            ],
            [
              105.143596,
              14.259495
            ],
            [
              105.144756,
              14.25894
            ],
            [
              105.151157,
              14.259607
            ],
            [
              105.153763,
              14.257792
            ],
            [
              105.154312,
              14.256825
            ],
            [
              105.154065,
              14.254668
            ],
            [
              105.152777,
              14.251786
            ],
            [
              105.14749,
              14.245169
            ],
            [
              105.146542,
              14.242201
            ],
            [
              105.142891,
              14.23806
            ],
            [
              105.134496,
              14.232278
            ],
            [
              105.126678,
              14.224843
            ],
            [
              105.115078,
              14.221452
            ],
            [
              105.111066,
              14.215773
            ],
            [
              105.107383,
              14.213451
            ],
            [
              105.102539,
              14.213135
            ],
            [
              105.099123,
              14.214804
            ],
            [
              105.093413,
              14.215765
            ],
            [
              105.085896,
              14.210329
            ],
            [
              105.08247,
              14.209568
            ],
            [
              105.07656,
              14.213065
            ],
            [
              105.068245,
              14.213013
            ],
            [
              105.060608,
              14.213482
            ],
            [
              105.056877,
              14.214498
            ],
            [
              105.0514,
              14.214431
            ],
            [
              105.050194,
              14.214896
            ],
            [
              105.048153,
              14.218123
            ],
            [
              105.046713,
              14.222252
            ],
            [
              105.046168,
              14.227221
            ],
            [
              105.042757,
              14.227519
            ],
            [
              105.036708,
              14.230509
            ],
            [
              105.032096,
              14.234322
            ],
            [
              105.031162,
              14.235796
            ],
            [
              105.03152,
              14.237864
            ],
            [
              105.026782,
              14.23766
            ],
            [
              105.022792,
              14.24135
            ],
            [
              105.020549,
              14.248804
            ],
            [
              105.020937,
              14.251435
            ],
            [
              105.022286,
              14.253846
            ],
            [
              105.022979,
              14.258025
            ],
            [
              105.02664,
              14.264841
            ],
            [
              105.020145,
              14.263898
            ],
            [
              105.015382,
              14.272578
            ],
            [
              105.01538,
              14.276662
            ],
            [
              105.013113,
              14.278751
            ],
            [
              105.004953,
              14.290756
            ],
            [
              105.004127,
              14.299878
            ],
            [
              105.002764,
              14.302689
            ],
            [
              105.0004,
              14.305153
            ],
            [
              104.991095,
              14.311267
            ],
            [
              104.984489,
              14.318292
            ],
            [
              104.984429,
              14.319349
            ],
            [
              104.985286,
              14.320237
            ],
            [
              104.990625,
              14.321347
            ],
            [
              104.991471,
              14.322326
            ],
            [
              104.993206,
              14.327549
            ],
            [
              104.992306,
              14.333382
            ],
            [
              104.993265,
              14.337521
            ],
            [
              104.992716,
              14.343098
            ],
            [
              104.998573,
              14.350689
            ],
            [
              105.000335,
              14.357143
            ],
            [
              105.002666,
              14.361992
            ],
            [
              105.001355,
              14.366018
            ],
            [
              104.995006,
              14.373656
            ],
            [
              104.994025,
              14.376137
            ],
            [
              104.994382,
              14.379669
            ],
            [
              104.993652,
              14.379992
            ],
            [
              104.991025,
              14.378512
            ],
            [
              104.990047,
              14.37886
            ],
            [
              104.983758,
              14.384917
            ],
            [
              104.977782,
              14.387004
            ],
            [
              104.973824,
              14.391951
            ],
            [
              104.972457,
              14.392335
            ],
            [
              104.969056,
              14.392095
            ],
            [
              104.966259,
              14.389192
            ],
            [
              104.964947,
              14.388819
            ],
            [
              104.962907,
              14.389217
            ],
            [
              104.959694,
              14.391431
            ],
            [
              104.958041,
              14.391276
            ],
            [
              104.957033,
              14.390145
            ],
            [
              104.956152,
              14.382406
            ],
            [
              104.955345,
              14.381297
            ],
            [
              104.951933,
              14.381092
            ],
            [
              104.94625,
              14.382535
            ],
            [
              104.941823,
              14.385211
            ],
            [
              104.936787,
              14.392387
            ],
            [
              104.932649,
              14.393469
            ],
            [
              104.924407,
              14.398923
            ],
            [
              104.922091,
              14.401466
            ],
            [
              104.918719,
              14.399184
            ],
            [
              104.916215,
              14.398815
            ],
            [
              104.905418,
              14.399656
            ],
            [
              104.90045,
              14.403171
            ],
            [
              104.899008,
              14.405964
            ],
            [
              104.894323,
              14.406163
            ],
            [
              104.886711,
              14.409974
            ],
            [
              104.878257,
              14.412481
            ],
            [
              104.874424,
              14.416771
            ],
            [
              104.87169,
              14.418192
            ],
            [
              104.868058,
              14.415933
            ],
            [
              104.861801,
              14.408945
            ],
            [
              104.860644,
              14.409007
            ],
            [
              104.858672,
              14.412133
            ],
            [
              104.85755,
              14.411965
            ],
            [
              104.8552,
              14.408371
            ],
            [
              104.852645,
              14.406728
            ],
            [
              104.841029,
              14.403176
            ],
            [
              104.84013,
              14.399199
            ],
            [
              104.837907,
              14.397922
            ],
            [
              104.835031,
              14.39933
            ],
            [
              104.83361,
              14.401227
            ],
            [
              104.833616,
              14.402959
            ],
            [
              104.835626,
              14.407391
            ],
            [
              104.833958,
              14.409885
            ],
            [
              104.834399,
              14.414621
            ],
            [
              104.833919,
              14.415792
            ],
            [
              104.827497,
              14.419035
            ],
            [
              104.82601,
              14.419212
            ],
            [
              104.821094,
              14.41776
            ],
            [
              104.819431,
              14.418006
            ],
            [
              104.81948,
              14.42218
            ],
            [
              104.817214,
              14.429183
            ],
            [
              104.808633,
              14.436642
            ],
            [
              104.805849,
              14.437419
            ],
            [
              104.797508,
              14.435472
            ],
            [
              104.79151,
              14.435157
            ],
            [
              104.782187,
              14.429004
            ],
            [
              104.777842,
              14.425117
            ],
            [
              104.774865,
              14.424117
            ],
            [
              104.766859,
              14.423533
            ],
            [
              104.764477,
              14.420581
            ],
            [
              104.756784,
              14.414248
            ],
            [
              104.757589,
              14.41123
            ],
            [
              104.754688,
              14.408302
            ],
            [
              104.754831,
              14.404941
            ],
            [
              104.752425,
              14.405522
            ],
            [
              104.749343,
              14.408856
            ],
            [
              104.746159,
              14.409876
            ],
            [
              104.7416,
              14.413476
            ],
            [
              104.738882,
              14.414492
            ],
            [
              104.731581,
              14.412935
            ],
            [
              104.72521,
              14.404087
            ],
            [
              104.723689,
              14.403283
            ],
            [
              104.720922,
              14.405148
            ],
            [
              104.719893,
              14.407532
            ],
            [
              104.723296,
              14.418267
            ],
            [
              104.723703,
              14.421581
            ],
            [
              104.720815,
              14.425133
            ],
            [
              104.720174,
              14.427308
            ],
            [
              104.712418,
              14.434184
            ],
            [
              104.705891,
              14.43211
            ],
            [
              104.698705,
              14.427349
            ],
            [
              104.696182,
              14.422084
            ],
            [
              104.691348,
              14.41675
            ],
            [
              104.69237,
              14.412107
            ],
            [
              104.689779,
              14.40891
            ],
            [
              104.68773,
              14.403211
            ],
            [
              104.685058,
              14.39841
            ],
            [
              104.677709,
              14.400885
            ],
            [
              104.666049,
              14.402393
            ],
            [
              104.66111,
              14.400081
            ],
            [
              104.659297,
              14.400593
            ],
            [
              104.652952,
              14.408445
            ],
            [
              104.656093,
              14.411858
            ],
            [
              104.652826,
              14.421238
            ],
            [
              104.64977,
              14.423443
            ],
            [
              104.640949,
              14.423193
            ],
            [
              104.626705,
              14.40757
            ],
            [
              104.613856,
              14.398376
            ],
            [
              104.611994,
              14.397543
            ],
            [
              104.606887,
              14.397487
            ],
            [
              104.602317,
              14.396335
            ],
            [
              104.595095,
              14.389388
            ],
            [
              104.589375,
              14.381442
            ],
            [
              104.584796,
              14.37804
            ],
            [
              104.579392,
              14.375267
            ],
            [
              104.57837,
              14.373655
            ],
            [
              104.580248,
              14.359269
            ],
            [
              104.578874,
              14.358202
            ],
            [
              104.576645,
              14.358224
            ],
            [
              104.570516,
              14.36077
            ],
            [
              104.569342,
              14.360476
            ],
            [
              104.566696,
              14.357873
            ],
            [
              104.565679,
              14.354503
            ],
            [
              104.560996,
              14.353787
            ],
            [
              104.550357,
              14.354571
            ],
            [
              104.54508,
              14.356958
            ],
            [
              104.537395,
              14.355205
            ],
            [
              104.535161,
              14.35556
            ],
            [
              104.530473,
              14.359391
            ],
            [
              104.524597,
              14.360895
            ],
            [
              104.51755,
              14.36888
            ],
            [
              104.514826,
              14.370974
            ],
            [
              104.498989,
              14.376234
            ],
            [
              104.496201,
              14.373345
            ],
            [
              104.485043,
              14.368982
            ],
            [
              104.479918,
              14.364906
            ],
            [
              104.476021,
              14.359871
            ],
            [
              104.475989,
              14.358745
            ],
            [
              104.478628,
              14.355342
            ],
            [
              104.478403,
              14.352013
            ],
            [
              104.471561,
              14.346867
            ],
            [
              104.467203,
              14.345324
            ],
            [
              104.464811,
              14.327647
            ],
            [
              104.465185,
              14.324686
            ],
            [
              104.464402,
              14.322307
            ],
            [
              104.46532,
              14.321352
            ],
            [
              104.465262,
              14.320239
            ],
            [
              104.464285,
              14.315529
            ],
            [
              104.46253,
              14.313875
            ],
            [
              104.461286,
              14.307372
            ],
            [
              104.460104,
              14.306475
            ],
            [
              104.458263,
              14.302389
            ],
            [
              104.457217,
              14.29707
            ],
            [
              104.457301,
              14.293391
            ],
            [
              104.456367,
              14.291956
            ],
            [
              104.454736,
              14.284643
            ],
            [
              104.458046,
              14.279543
            ],
            [
              104.455103,
              14.271357
            ],
            [
              104.455559,
              14.269451
            ],
            [
              104.457463,
              14.267153
            ],
            [
              104.457656,
              14.26436
            ],
            [
              104.456635,
              14.261564
            ],
            [
              104.454313,
              14.260505
            ],
            [
              104.455877,
              14.258434
            ],
            [
              104.457251,
              14.25886
            ],
            [
              104.460344,
              14.256128
            ],
            [
              104.459738,
              14.254785
            ],
            [
              104.462166,
              14.250176
            ],
            [
              104.461686,
              14.24729
            ],
            [
              104.46238,
              14.244091
            ],
            [
              104.460711,
              14.241058
            ],
            [
              104.462307,
              14.240203
            ],
            [
              104.463883,
              14.235804
            ],
            [
              104.463033,
              14.234517
            ],
            [
              104.463371,
              14.233399
            ],
            [
              104.461624,
              14.232785
            ],
            [
              104.46033,
              14.230595
            ],
            [
              104.458831,
              14.223289
            ],
            [
              104.456327,
              14.220827
            ],
            [
              104.45626,
              14.219966
            ],
            [
              104.458004,
              14.21807
            ],
            [
              104.457813,
              14.213526
            ],
            [
              104.455545,
              14.211733
            ],
            [
              104.453519,
              14.21156
            ],
            [
              104.453042,
              14.210509
            ],
            [
              104.449442,
              14.210676
            ],
            [
              104.447696,
              14.21201
            ],
            [
              104.443853,
              14.21121
            ],
            [
              104.441991,
              14.20916
            ],
            [
              104.442285,
              14.20515
            ],
            [
              104.445606,
              14.202149
            ],
            [
              104.444139,
              14.201102
            ],
            [
              104.44419,
              14.200209
            ],
            [
              104.446079,
              14.199405
            ],
            [
              104.450157,
              14.199612
            ],
            [
              104.451965,
              14.198049
            ],
            [
              104.452188,
              14.197492
            ],
            [
              104.45016,
              14.195428
            ],
            [
              104.453354,
              14.194233
            ],
            [
              104.45288,
              14.193044
            ],
            [
              104.451696,
              14.192633
            ],
            [
              104.45192,
              14.191937
            ],
            [
              104.457616,
              14.188654
            ],
            [
              104.457657,
              14.186338
            ],
            [
              104.459665,
              14.185489
            ],
            [
              104.460535,
              14.184324
            ],
            [
              104.459847,
              14.183222
            ],
            [
              104.462026,
              14.178019
            ],
            [
              104.466446,
              14.177522
            ],
            [
              104.470181,
              14.175052
            ],
            [
              104.471941,
              14.172002
            ],
            [
              104.471453,
              14.168923
            ],
            [
              104.471925,
              14.168396
            ],
            [
              104.476708,
              14.166661
            ],
            [
              104.477505,
              14.164973
            ],
            [
              104.479109,
              14.164267
            ],
            [
              104.479819,
              14.164762
            ],
            [
              104.479277,
              14.165105
            ],
            [
              104.479628,
              14.165726
            ],
            [
              104.480425,
              14.165218
            ],
            [
              104.481398,
              14.163709
            ],
            [
              104.482097,
              14.164007
            ],
            [
              104.482432,
              14.16305
            ],
            [
              104.481887,
              14.162537
            ],
            [
              104.483193,
              14.160689
            ],
            [
              104.484512,
              14.161481
            ],
            [
              104.487657,
              14.160984
            ],
            [
              104.489051,
              14.159551
            ],
            [
              104.487741,
              14.156891
            ],
            [
              104.490704,
              14.15669
            ],
            [
              104.49088,
              14.155397
            ],
            [
              104.49443,
              14.15673
            ],
            [
              104.495911,
              14.15499
            ],
            [
              104.497505,
              14.15555
            ],
            [
              104.498293,
              14.155123
            ],
            [
              104.498148,
              14.154126
            ],
            [
              104.499562,
              14.153652
            ],
            [
              104.500075,
              14.152033
            ],
            [
              104.503173,
              14.151336
            ],
            [
              104.506053,
              14.148896
            ],
            [
              104.504801,
              14.147822
            ],
            [
              104.505009,
              14.146445
            ],
            [
              104.507707,
              14.146139
            ],
            [
              104.508563,
              14.14476
            ],
            [
              104.507345,
              14.143411
            ],
            [
              104.506033,
              14.137976
            ],
            [
              104.500635,
              14.137831
            ],
            [
              104.499495,
              14.134967
            ],
            [
              104.499793,
              14.132017
            ],
            [
              104.496156,
              14.130869
            ],
            [
              104.492717,
              14.127303
            ],
            [
              104.491377,
              14.127074
            ],
            [
              104.490083,
              14.123554
            ],
            [
              104.486513,
              14.119355
            ],
            [
              104.484152,
              14.119556
            ],
            [
              104.479682,
              14.116922
            ],
            [
              104.474069,
              14.106931
            ],
            [
              104.468829,
              14.105901
            ],
            [
              104.463645,
              14.09836
            ],
            [
              104.461371,
              14.096934
            ],
            [
              104.461215,
              14.095772
            ],
            [
              104.457245,
              14.09426
            ],
            [
              104.456735,
              14.08845
            ],
            [
              104.453008,
              14.083868
            ],
            [
              104.451966,
              14.079505
            ],
            [
              104.449273,
              14.076465
            ],
            [
              104.445044,
              14.074306
            ],
            [
              104.441785,
              14.074606
            ],
            [
              104.439508,
              14.072698
            ],
            [
              104.437642,
              14.068951
            ],
            [
              104.43652,
              14.066409
            ],
            [
              104.435507,
              14.060371
            ],
            [
              104.433972,
              14.057192
            ],
            [
              104.432843,
              14.0491
            ],
            [
              104.429694,
              14.046535
            ],
            [
              104.430631,
              14.041586
            ],
            [
              104.428888,
              14.035537
            ],
            [
              104.430338,
              14.031572
            ],
            [
              104.429263,
              14.025729
            ],
            [
              104.423707,
              14.024016
            ],
            [
              104.423033,
              14.022824
            ],
            [
              104.425387,
              14.015033
            ],
            [
              104.424109,
              14.011353
            ],
            [
              104.419389,
              14.00641
            ],
            [
              104.41761,
              13.996309
            ],
            [
              104.418734,
              13.992335
            ],
            [
              104.423514,
              13.984532
            ],
            [
              104.42429,
              13.980285
            ],
            [
              104.42701,
              13.976644
            ],
            [
              104.427546,
              13.973661
            ],
            [
              104.427608,
              13.971335
            ],
            [
              104.426012,
              13.967661
            ],
            [
              104.425338,
              13.960046
            ],
            [
              104.420158,
              13.957403
            ],
            [
              104.419206,
              13.955633
            ],
            [
              104.419452,
              13.953484
            ],
            [
              104.421707,
              13.95231
            ],
            [
              104.423431,
              13.947819
            ],
            [
              104.421324,
              13.943801
            ],
            [
              104.421538,
              13.939843
            ],
            [
              104.422016,
              13.939011
            ],
            [
              104.425053,
              13.938776
            ],
            [
              104.426293,
              13.935933
            ],
            [
              104.421732,
              13.919896
            ],
            [
              104.409148,
              13.911157
            ],
            [
              104.407497,
              13.90898
            ],
            [
              104.406881,
              13.905823
            ],
            [
              104.407858,
              13.90317
            ],
            [
              104.416589,
              13.896371
            ],
            [
              104.418067,
              13.8929
            ],
            [
              104.417681,
              13.891659
            ],
            [
              104.415791,
              13.89018
            ],
            [
              104.40023,
              13.892737
            ],
            [
              104.397582,
              13.889756
            ],
            [
              104.391836,
              13.876862
            ],
            [
              104.389871,
              13.869035
            ],
            [
              104.389958,
              13.868299
            ],
            [
              104.39438,
              13.866052
            ],
            [
              104.396441,
              13.863964
            ],
            [
              104.390132,
              13.859664
            ],
            [
              104.389645,
              13.85766
            ],
            [
              104.390083,
              13.855964
            ],
            [
              104.389347,
              13.854014
            ],
            [
              104.382514,
              13.852167
            ],
            [
              104.381351,
              13.849228
            ],
            [
              104.382054,
              13.846156
            ],
            [
              104.381707,
              13.843683
            ],
            [
              104.378662,
              13.837883
            ],
            [
              104.376966,
              13.837249
            ],
            [
              104.370342,
              13.839346
            ],
            [
              104.368334,
              13.838451
            ],
            [
              104.367738,
              13.83602
            ],
            [
              104.368558,
              13.829229
            ],
            [
              104.367082,
              13.824994
            ],
            [
              104.366232,
              13.823398
            ],
            [
              104.358304,
              13.815584
            ],
            [
              104.358,
              13.814402
            ]
          ]
        ]
      }
    }
  ]
}
