{
  "type": "FeatureCollection",
  "features": [
    {
      "type": "Feature",
      "properties": {
        "geo_id": "geo_ph_0018",
        "name": "Bangsamoro Autonomous Region in Muslim Mindanao",
        "psgc": "1900000000",
        "boundary_level": "region",
        "component": "Basilan",
        "source_psgc": "1900700000"
      },
      "geometry": {
        "type": "MultiPolygon",
        "coordinates": [
          [
            [
              [
                121.5494807230001,
                6.835201383000026
              ],
              [
                121.55594163200011,
                6.828408300000035
              ],
              [
                121.56129644400005,
                6.840856791000022
              ],
              [
                121.55219897400002,
                6.846488773000033
              ],
              [
                121.5494807230001,
                6.835201383000026
              ]
            ]
          ],
          [
            [
              [
                121.54877329700003,
                6.813643123000078
              ],
              [
                121.53901711600007,
                6.834439319000069
              ],
              [
                121.52986577100012,
                6.829194852000057
              ],
              [
                121.54877329700003,
                6.813643123000078
              ]
            ]
          ],
          [
            [
              [
                122.37708298800011,
                6.775252678000072
              ],
              [
                122.36146863700004,
                6.767998926000074
              ],
              [
                122.36687812800007,
                6.760198360000062
              ],
              [
                122.37991643100008,
                6.76776157300003
              ],
              [
                122.37708298800011,
                6.775252678000072
              ]
            ]
          ],
          [
            [
              [
                121.46588801100006,
                6.733927714000058
              ],
              [
                121.47218903200007,
                6.748229365000042
              ],
              [
                121.46496177100005,
                6.759914413000046
              ],
              [
                121.45787023900003,
                6.76532374900006
              ],
              [
                121.45069903800004,
                6.746499129000028
              ],
              [
                121.46588801100006,
                6.733927714000058
              ]
            ]
          ],
          [
            [
              [
                121.91717787000006,
                6.674741475000076
              ],
              [
                121.90603322100004,
                6.671697788000073
              ],
              [
                121.90030383900013,
                6.66339958100002
              ],
              [
                121.8845945390001,
                6.656578388000071
              ],
              [
                121.86883408200003,
                6.66776354800004
              ],
              [
                121.86794334600006,
                6.673485680000055
              ],
              [
                121.845685923,
                6.682524789000069
              ],
              [
                121.82990362000011,
                6.677443961000053
              ],
              [
                121.82455746700009,
                6.670108717000061
              ],
              [
                121.81526328200005,
                6.665070295000022
              ],
              [
                121.80277140800003,
                6.646877767000035
              ],
              [
                121.79499172900013,
                6.630069024000023
              ],
              [
                121.80121624200001,
                6.609964886000058
              ],
              [
                121.79446721000011,
                6.606788016000054
              ],
              [
                121.79796654100004,
                6.598116452000056
              ],
              [
                121.82434017000003,
                6.583890697000071
              ],
              [
                121.83635915100002,
                6.586954062000075
              ],
              [
                121.84992507700007,
                6.586377525000046
              ],
              [
                121.8587951920001,
                6.578085740000064
              ],
              [
                121.86750047100008,
                6.574842004000061
              ],
              [
                121.88004098300007,
                6.553931186000056
              ],
              [
                121.87081993700006,
                6.552734873000077
              ],
              [
                121.86857859100006,
                6.541242254000054
              ],
              [
                121.87486397900012,
                6.537191045000045
              ],
              [
                121.867512067,
                6.529194752000024
              ],
              [
                121.8647537170001,
                6.520263796000052
              ],
              [
                121.87292402800006,
                6.500247977000072
              ],
              [
                121.88169810300008,
                6.498439783000038
              ],
              [
                121.89112039000007,
                6.484740865000049
              ],
              [
                121.90077027800008,
                6.482444857000075
              ],
              [
                121.90728426900012,
                6.464674211000045
              ],
              [
                121.91630210500011,
                6.457093556000074
              ],
              [
                121.91908180300004,
                6.447147104000066
              ],
              [
                121.928311559,
                6.446817248000058
              ],
              [
                121.94463521600005,
                6.437008708000064
              ],
              [
                121.9536347940001,
                6.427697850000071
              ],
              [
                121.95008849800001,
                6.416035452000074
              ],
              [
                121.95543057300007,
                6.407615672000076
              ],
              [
                121.96233428900007,
                6.40729277500003
              ],
              [
                121.97002174100011,
                6.413308003000053
              ],
              [
                121.98339431600004,
                6.409255271000062
              ],
              [
                122.00448503100007,
                6.413265788000047
              ],
              [
                122.01411053900006,
                6.410612412000035
              ],
              [
                122.03924815700009,
                6.41296599800006
              ],
              [
                122.06096095800001,
                6.417519916000061
              ],
              [
                122.07077134400002,
                6.425055486000074
              ],
              [
                122.07902548800006,
                6.425424967000026
              ],
              [
                122.09018936900009,
                6.43318622000004
              ],
              [
                122.10668566200002,
                6.439649849000032
              ],
              [
                122.12084726400009,
                6.439107466000053
              ],
              [
                122.13333178700009,
                6.446696307000025
              ],
              [
                122.16367486400007,
                6.454234594000069
              ],
              [
                122.1827472670001,
                6.456337921000058
              ],
              [
                122.19239309800003,
                6.46147047900007
              ],
              [
                122.19619455000009,
                6.468195124000032
              ],
              [
                122.19334729300012,
                6.476738586000065
              ],
              [
                122.19950668000001,
                6.492896344000029
              ],
              [
                122.19697292700006,
                6.506089063000048
              ],
              [
                122.19061670500002,
                6.52134221600005
              ],
              [
                122.19841487400004,
                6.526663640000039
              ],
              [
                122.20644011400009,
                6.554831523000076
              ],
              [
                122.21212456100011,
                6.580898362000027
              ],
              [
                122.22312270600003,
                6.590023161000032
              ],
              [
                122.23868966300007,
                6.595330921000028
              ],
              [
                122.24824620100003,
                6.59610361700004
              ],
              [
                122.25621387700005,
                6.588402466000049
              ],
              [
                122.28222029300002,
                6.594964443000038
              ],
              [
                122.30147096600001,
                6.590380801000038
              ],
              [
                122.3160113550001,
                6.598940852000054
              ],
              [
                122.31818057100007,
                6.606162572000074
              ],
              [
                122.32691199500005,
                6.616795145000026
              ],
              [
                122.32793932400013,
                6.624323869000023
              ],
              [
                122.32168939000009,
                6.635486393000063
              ],
              [
                122.30895603700002,
                6.643302340000048
              ],
              [
                122.29331535900008,
                6.64743129900006
              ],
              [
                122.27408386400009,
                6.64504018300005
              ],
              [
                122.26609525800006,
                6.641381847000046
              ],
              [
                122.24809408500005,
                6.652802896000024
              ],
              [
                122.23547423200012,
                6.665153211000074
              ],
              [
                122.22234903100004,
                6.661244075000068
              ],
              [
                122.21526078300009,
                6.665503018000038
              ],
              [
                122.2017084790001,
                6.664684367000063
              ],
              [
                122.18971196100006,
                6.669768977000046
              ],
              [
                122.1738140440001,
                6.663139266000031
              ],
              [
                122.16104423700007,
                6.671054064000031
              ],
              [
                122.14907208400008,
                6.669028159000048
              ],
              [
                122.13974362800002,
                6.676898204000055
              ],
              [
                122.13709852600005,
                6.68981530800005
              ],
              [
                122.14121555100009,
                6.702040162000059
              ],
              [
                122.13263396200013,
                6.719219906000034
              ],
              [
                122.11435891400004,
                6.722105189000046
              ],
              [
                122.10985049300008,
                6.717399886000067
              ],
              [
                122.0943917300001,
                6.714745652000031
              ],
              [
                122.08209883800009,
                6.730834121000044
              ],
              [
                122.07483784500005,
                6.748915990000058
              ],
              [
                122.05618344100003,
                6.751015723000022
              ],
              [
                122.04715818800001,
                6.749015081000039
              ],
              [
                122.04178530500008,
                6.740369923000059
              ],
              [
                122.0325893050001,
                6.741121540000051
              ],
              [
                122.035099682,
                6.728068570000062
              ],
              [
                122.0312371350001,
                6.721606987000029
              ],
              [
                122.03570215600007,
                6.71016990100003
              ],
              [
                122.0306218390001,
                6.701449177000029
              ],
              [
                122.04429230000007,
                6.682791300000076
              ],
              [
                122.04854964500011,
                6.681042292000028
              ],
              [
                122.05153450000012,
                6.667949200000066
              ],
              [
                122.04753030000006,
                6.657513700000038
              ],
              [
                122.03671780000002,
                6.653846200000031
              ],
              [
                122.036241,
                6.642316900000025
              ],
              [
                122.03002564800012,
                6.617820360000053
              ],
              [
                122.03492514400013,
                6.61583752900003
              ],
              [
                122.04032610500006,
                6.595145655000066
              ],
              [
                122.04289291400005,
                6.56481997900005
              ],
              [
                121.96259119600006,
                6.563836482000056
              ],
              [
                121.95329294900013,
                6.562327925000033
              ],
              [
                121.93555574200003,
                6.570645760000048
              ],
              [
                121.9410252260001,
                6.586892415000022
              ],
              [
                121.94363769100006,
                6.607719422000057
              ],
              [
                121.94147856200006,
                6.619609570000021
              ],
              [
                121.93356721500002,
                6.617321563000075
              ],
              [
                121.92644149600004,
                6.62185518700005
              ],
              [
                121.92415798000002,
                6.63582532700002
              ],
              [
                121.91729957700011,
                6.63746050800006
              ],
              [
                121.91843349500004,
                6.650959712000031
              ],
              [
                121.91717787000006,
                6.674741475000076
              ]
            ]
          ],
          [
            [
              [
                122.39629677900005,
                6.750006219000057
              ],
              [
                122.39198974300007,
                6.738497644000063
              ],
              [
                122.40519315700011,
                6.734388302000069
              ],
              [
                122.406853145,
                6.742042901000048
              ],
              [
                122.39629677900005,
                6.750006219000057
              ]
            ]
          ],
          [
            [
              [
                121.7033311350001,
                6.683449591000056
              ],
              [
                121.70659985000009,
                6.646093802000052
              ],
              [
                121.71250798000007,
                6.657850730000065
              ],
              [
                121.7175584580001,
                6.686125425000055
              ],
              [
                121.70985193900003,
                6.694533855000031
              ],
              [
                121.7033311350001,
                6.683449591000056
              ]
            ]
          ],
          [
            [
              [
                121.61887155600004,
                6.558916965000035
              ],
              [
                121.6192357000001,
                6.572765008000032
              ],
              [
                121.62290065000002,
                6.579315012000052
              ],
              [
                121.62231956800007,
                6.612166054000057
              ],
              [
                121.61960040600003,
                6.62181938900005
              ],
              [
                121.63094410000008,
                6.646084758000029
              ],
              [
                121.63204444000007,
                6.652973098000074
              ],
              [
                121.61385228500002,
                6.661344291000035
              ],
              [
                121.60784229900004,
                6.674207713000043
              ],
              [
                121.59299482100005,
                6.684631417000047
              ],
              [
                121.58516643500002,
                6.671495924000056
              ],
              [
                121.58470914600002,
                6.66366269200006
              ],
              [
                121.60124799200003,
                6.639448982000032
              ],
              [
                121.59940129600012,
                6.624786198000037
              ],
              [
                121.60748771900012,
                6.617308387000036
              ],
              [
                121.61896366100007,
                6.599535459000037
              ],
              [
                121.61497803800013,
                6.593879189000062
              ],
              [
                121.61612631200002,
                6.561085166000055
              ],
              [
                121.61887155600004,
                6.558916965000035
              ]
            ]
          ],
          [
            [
              [
                121.5834954090001,
                6.625685971000054
              ],
              [
                121.59129261300008,
                6.632038070000021
              ],
              [
                121.58976629300004,
                6.649404990000049
              ],
              [
                121.58048585000006,
                6.648341037000022
              ],
              [
                121.57008069000005,
                6.640321376000031
              ],
              [
                121.56995662700002,
                6.632457298000077
              ],
              [
                121.5834954090001,
                6.625685971000054
              ]
            ]
          ],
          [
            [
              [
                121.80347591800012,
                6.549260821000074
              ],
              [
                121.79691332200004,
                6.565567966000059
              ],
              [
                121.7898668470001,
                6.560858878000033
              ],
              [
                121.79113515200005,
                6.55174147300005
              ],
              [
                121.80347591800012,
                6.549260821000074
              ]
            ]
          ],
          [
            [
              [
                122.20135294300007,
                6.515263374000027
              ],
              [
                122.20637629900011,
                6.503097908000029
              ],
              [
                122.20541963500011,
                6.496393639000075
              ],
              [
                122.21755215600002,
                6.493579141000054
              ],
              [
                122.21887614100001,
                6.499590736000073
              ],
              [
                122.20135294300007,
                6.515263374000027
              ]
            ]
          ],
          [
            [
              [
                122.20617884400009,
                6.479038977000073
              ],
              [
                122.20325049600001,
                6.469050916000071
              ],
              [
                122.2052871090001,
                6.461521878000042
              ],
              [
                122.2196600420001,
                6.45386331900005
              ],
              [
                122.2258493500001,
                6.456489095000052
              ],
              [
                122.21141557200009,
                6.469049877000031
              ],
              [
                122.20617884400009,
                6.479038977000073
              ]
            ]
          ],
          [
            [
              [
                121.82666482900005,
                6.448045757000046
              ],
              [
                121.83395028100004,
                6.45832144700006
              ],
              [
                121.82665279800004,
                6.468208978000064
              ],
              [
                121.81640016300004,
                6.461971048000067
              ],
              [
                121.81980665000003,
                6.450751747000026
              ],
              [
                121.82666482900005,
                6.448045757000046
              ]
            ]
          ],
          [
            [
              [
                121.97550062100004,
                6.361906394000073
              ],
              [
                121.95048239900007,
                6.350511751000055
              ],
              [
                121.95860906000006,
                6.335781437000037
              ],
              [
                121.96873721100008,
                6.333408141000064
              ],
              [
                121.98131095400004,
                6.336710992000063
              ],
              [
                121.98009956900012,
                6.357159605000049
              ],
              [
                121.97550062100004,
                6.361906394000073
              ]
            ]
          ],
          [
            [
              [
                122.0290719820001,
                6.350430266000046
              ],
              [
                122.01875090500005,
                6.34106970700003
              ],
              [
                122.0170564570001,
                6.332656354000049
              ],
              [
                122.0332359580001,
                6.32872204900002
              ],
              [
                122.03563815500003,
                6.345222265000076
              ],
              [
                122.0290719820001,
                6.350430266000046
              ]
            ]
          ],
          [
            [
              [
                121.92396575300006,
                6.327603173000057
              ],
              [
                121.91962419400011,
                6.322796614000026
              ],
              [
                121.92372653200006,
                6.304883390000043
              ],
              [
                121.93117187400004,
                6.308229761000063
              ],
              [
                121.92986343500003,
                6.318233668000061
              ],
              [
                121.92396575300006,
                6.327603173000057
              ]
            ]
          ],
          [
            [
              [
                121.99395764600001,
                6.29618041300006
              ],
              [
                121.98858200100005,
                6.307981375000053
              ],
              [
                121.96348379600012,
                6.313003210000034
              ],
              [
                121.95878876600013,
                6.310361823000051
              ],
              [
                121.95641365300003,
                6.296911795000029
              ],
              [
                121.9630629840001,
                6.287772176000034
              ],
              [
                121.97365643200011,
                6.29410901500006
              ],
              [
                121.97948969100001,
                6.291873878000048
              ],
              [
                121.98036095500004,
                6.279223509000076
              ],
              [
                121.99395764600001,
                6.29618041300006
              ]
            ]
          ]
        ]
      }
    },
    {
      "type": "Feature",
      "properties": {
        "geo_id": "geo_ph_0018",
        "name": "Bangsamoro Autonomous Region in Muslim Mindanao",
        "psgc": "1900000000",
        "boundary_level": "region",
        "component": "Lanao del Sur",
        "source_psgc": "1903600000"
      },
      "geometry": {
        "type": "Polygon",
        "coordinates": [
          [
            [
              124.52804919700009,
              7.638289207000071
            ],
            [
              124.59036584400009,
              7.609324928000033
            ],
            [
              124.64598135000006,
              7.603575178000028
            ],
            [
              124.6516624940001,
              7.600821096000062
            ],
            [
              124.67259318800008,
              7.599251294000056
            ],
            [
              124.67786816300008,
              7.594194518000053
            ],
            [
              124.6921723580001,
              7.590113846000065
            ],
            [
              124.71462806200009,
              7.593475539000051
            ],
            [
              124.73340095100004,
              7.590107226000042
            ],
            [
              124.7402921920001,
              7.591068371000062
            ],
            [
              124.75524140100005,
              7.575518485000034
            ],
            [
              124.76616345600006,
              7.560586482000076
            ],
            [
              124.77217215500002,
              7.546048830000075
            ],
            [
              124.79089464000003,
              7.542728348000025
            ],
            [
              124.79119638100009,
              7.536129237000068
            ],
            [
              124.79783217000012,
              7.52259117400007
            ],
            [
              124.80533800600007,
              7.521360214000026
            ],
            [
              124.81115463700007,
              7.533274005000067
            ],
            [
              124.82628901900013,
              7.541656422000072
            ],
            [
              124.82739781400005,
              7.556690343000071
            ],
            [
              124.81845938200001,
              7.564037232000034
            ],
            [
              124.81910911500006,
              7.577818123000043
            ],
            [
              124.815176274,
              7.582328378000057
            ],
            [
              124.81842655400008,
              7.594076047000047
            ],
            [
              124.8073990890001,
              7.597659137000049
            ],
            [
              124.81070418000002,
              7.605544263000072
            ],
            [
              124.80512258100009,
              7.622628351000059
            ],
            [
              124.78841594700009,
              7.634874726000019
            ],
            [
              124.7759462910001,
              7.636486596000055
            ],
            [
              124.77720672300008,
              7.645090331000062
            ],
            [
              124.76354225800004,
              7.647100545000057
            ],
            [
              124.75593958700007,
              7.669789671000045
            ],
            [
              124.75642236000012,
              7.681573885000034
            ],
            [
              124.74509215000013,
              7.685550991000071
            ],
            [
              124.7433125890001,
              7.698349593000046
            ],
            [
              124.732623481,
              7.708031542000069
            ],
            [
              124.72852694100006,
              7.720516810000047
            ],
            [
              124.73938922300012,
              7.730661784000064
            ],
            [
              124.73260872600008,
              7.73462640500003
            ],
            [
              124.73141648500007,
              7.745150887000022
            ],
            [
              124.71147050000003,
              7.754228533000057
            ],
            [
              124.70474013600005,
              7.780107457000041
            ],
            [
              124.68825885600008,
              7.79036404900006
            ],
            [
              124.6671977640001,
              7.820347567000053
            ],
            [
              124.6638390280001,
              7.834204876000058
            ],
            [
              124.65086506300008,
              7.835266005000051
            ],
            [
              124.63177669800007,
              7.84637240400002
            ],
            [
              124.626582567,
              7.86831056400007
            ],
            [
              124.61878716900004,
              7.887981693000029
            ],
            [
              124.60079373800009,
              7.902243121000026
            ],
            [
              124.60192866200009,
              7.909914519000039
            ],
            [
              124.58634220500005,
              7.942985936000072
            ],
            [
              124.56636062700012,
              7.973640005000049
            ],
            [
              124.56253066200009,
              7.98184142100007
            ],
            [
              124.56478764500004,
              7.994089863000054
            ],
            [
              124.55993275200002,
              8.007036907000042
            ],
            [
              124.54800408600009,
              8.029671450000023
            ],
            [
              124.54992880100008,
              8.04476617700004
            ],
            [
              124.54576299900009,
              8.058065760000032
            ],
            [
              124.54747900400004,
              8.064921644000039
            ],
            [
              124.53717972600008,
              8.079769341000029
            ],
            [
              124.53716690600004,
              8.090485116000025
            ],
            [
              124.52763388900006,
              8.09832169300006
            ],
            [
              124.52560673000004,
              8.108390977000054
            ],
            [
              124.51332237100007,
              8.122123601000053
            ],
            [
              124.51184742400007,
              8.128074017000074
            ],
            [
              124.50229698200009,
              8.132810472000074
            ],
            [
              124.49797851800008,
              8.146408800000074
            ],
            [
              124.48026881700002,
              8.162042287000075
            ],
            [
              124.4726704200001,
              8.151313193000018
            ],
            [
              124.45554609600005,
              8.13293686700007
            ],
            [
              124.43501488000004,
              8.128414759000064
            ],
            [
              124.40466894700012,
              8.141588292000051
            ],
            [
              124.39575697900011,
              8.153384322000022
            ],
            [
              124.37657102300012,
              8.158134573000043
            ],
            [
              124.36887539100007,
              8.156649365000018
            ],
            [
              124.36749275600005,
              8.147470209000064
            ],
            [
              124.37347789400009,
              8.12725930700003
            ],
            [
              124.36801546900006,
              8.116234302000066
            ],
            [
              124.35102228800008,
              8.114811684000076
            ],
            [
              124.34559443800005,
              8.106119776000071
            ],
            [
              124.33770848200002,
              8.10247530300006
            ],
            [
              124.33467847000009,
              8.09143978700007
            ],
            [
              124.33848416800004,
              8.081574214000057
            ],
            [
              124.3318176910001,
              8.073890680000034
            ],
            [
              124.28842639200002,
              8.056473836000064
            ],
            [
              124.27813838500003,
              8.058013250000041
            ],
            [
              124.2710008780001,
              8.055116248000047
            ],
            [
              124.25211239500004,
              8.056921042000056
            ],
            [
              124.25137964700002,
              8.066451624000024
            ],
            [
              124.23009972900002,
              8.068852535000076
            ],
            [
              124.21234011800006,
              8.067705201000024
            ],
            [
              124.21195258600004,
              8.048658225000056
            ],
            [
              124.20079366000004,
              8.047726688000068
            ],
            [
              124.20408323500008,
              8.037208405000062
            ],
            [
              124.19412436100004,
              8.021356720000028
            ],
            [
              124.17451296700006,
              8.025478709000026
            ],
            [
              124.1575159160001,
              8.020146361000059
            ],
            [
              124.1576227700001,
              8.033463527000038
            ],
            [
              124.12304152600007,
              8.028824105000067
            ],
            [
              124.10883464400003,
              8.029945532000056
            ],
            [
              124.11135055800004,
              8.021062870000035
            ],
            [
              124.10823299600008,
              8.005316929000058
            ],
            [
              124.11750918700011,
              8.003279788000045
            ],
            [
              124.1143295060001,
              7.985754760000019
            ],
            [
              124.09632393400011,
              7.986626725000063
            ],
            [
              124.10355187200001,
              7.972682266000049
            ],
            [
              124.10163486000012,
              7.96445142400006
            ],
            [
              124.03081920000012,
              7.952898652000045
            ],
            [
              124.00884139200002,
              7.946688721000041
            ],
            [
              123.98784113600004,
              7.935095518000024
            ],
            [
              124.00188328500008,
              7.912551852000035
            ],
            [
              123.97742153800004,
              7.892975554000032
            ],
            [
              123.96570479000002,
              7.879629500000021
            ],
            [
              123.97368923300009,
              7.874036868000074
            ],
            [
              123.9820470620001,
              7.857085474000028
            ],
            [
              123.99573031600005,
              7.838661307000053
            ],
            [
              124.02390819500012,
              7.828601493000061
            ],
            [
              124.02942349100012,
              7.821626718000062
            ],
            [
              124.01624815400008,
              7.813724285000031
            ],
            [
              124.002515226,
              7.799515354000049
            ],
            [
              123.99551305900002,
              7.785322082000049
            ],
            [
              123.99658466200005,
              7.763499486000057
            ],
            [
              124.00162475900004,
              7.742659211000047
            ],
            [
              123.95932336000011,
              7.724984796000059
            ],
            [
              123.9403307550001,
              7.724809614000036
            ],
            [
              123.90294426500009,
              7.729355503000024
            ],
            [
              123.87027291100003,
              7.738132882000057
            ],
            [
              123.85096914700011,
              7.735201919000074
            ],
            [
              123.85993317800002,
              7.714928050000026
            ],
            [
              123.84965209300003,
              7.70708985600004
            ],
            [
              123.85059694100005,
              7.697489763000021
            ],
            [
              123.86558802600008,
              7.69636635100005
            ],
            [
              123.87469031000012,
              7.700882147000073
            ],
            [
              123.89151114100002,
              7.697098876000039
            ],
            [
              123.90323602800005,
              7.689907214000073
            ],
            [
              123.91634912100005,
              7.692565918000069
            ],
            [
              123.96340100900012,
              7.667121500000063
            ],
            [
              123.97281114600003,
              7.666351853000036
            ],
            [
              123.9742161900001,
              7.65114396200005
            ],
            [
              123.97847985400007,
              7.646166093000032
            ],
            [
              123.99945354200007,
              7.645552061000046
            ],
            [
              124.00349361900011,
              7.641586986000051
            ],
            [
              124.01195565400008,
              7.647784533000047
            ],
            [
              124.01669270800004,
              7.639321489000054
            ],
            [
              124.02704283900005,
              7.634659176000069
            ],
            [
              124.04479199300009,
              7.611002333000044
            ],
            [
              124.04379811900002,
              7.602555169000027
            ],
            [
              124.06753896500004,
              7.582122168000069
            ],
            [
              124.0853304960001,
              7.555279479000034
            ],
            [
              124.0961485050001,
              7.536760075000074
            ],
            [
              124.10825241900011,
              7.525653427000066
            ],
            [
              124.11842905200002,
              7.509965929000031
            ],
            [
              124.12727488500002,
              7.489051589000038
            ],
            [
              124.13183990800007,
              7.47179730600004
            ],
            [
              124.14344085900007,
              7.465260268000066
            ],
            [
              124.14610019600002,
              7.457701549000035
            ],
            [
              124.14012231600007,
              7.447560512000055
            ],
            [
              124.1279376450001,
              7.447429171000064
            ],
            [
              124.14062654500002,
              7.436298773000031
            ],
            [
              124.14509579600008,
              7.437125034000077
            ],
            [
              124.1676454420001,
              7.42864557300004
            ],
            [
              124.17266371300002,
              7.406965372000056
            ],
            [
              124.1867093530001,
              7.412033425000059
            ],
            [
              124.18604053000003,
              7.421830624000052
            ],
            [
              124.19520726200007,
              7.43575265000004
            ],
            [
              124.18676489700009,
              7.453050466000038
            ],
            [
              124.19675563900013,
              7.471888897000042
            ],
            [
              124.20599771200013,
              7.473705159000076
            ],
            [
              124.20454548500005,
              7.49070031700006
            ],
            [
              124.21521657500011,
              7.49334045300003
            ],
            [
              124.23650557500002,
              7.520440906000031
            ],
            [
              124.24034052900004,
              7.542860437000058
            ],
            [
              124.25133853700005,
              7.557921067000053
            ],
            [
              124.27868143500007,
              7.557954299000073
            ],
            [
              124.35373087800008,
              7.58642368900007
            ],
            [
              124.52804919700009,
              7.638289207000071
            ]
          ]
        ]
      }
    },
    {
      "type": "Feature",
      "properties": {
        "geo_id": "geo_ph_0018",
        "name": "Bangsamoro Autonomous Region in Muslim Mindanao",
        "psgc": "1900000000",
        "boundary_level": "region",
        "component": "Tawi-Tawi",
        "source_psgc": "1907000000"
      },
      "geometry": {
        "type": "MultiPolygon",
        "coordinates": [
          [
            [
              [
                118.53504843600003,
                6.963885141000047
              ],
              [
                118.52288893400008,
                6.974370214000031
              ],
              [
                118.51735070300005,
                6.975505817000055
              ],
              [
                118.51516330000004,
                6.988365846000021
              ],
              [
                118.51979765600004,
                7.013656856000068
              ],
              [
                118.52473180800008,
                7.018034772000021
              ],
              [
                118.52675834900003,
                7.031365529000028
              ],
              [
                118.52431616700007,
                7.039547209000034
              ],
              [
                118.513438446,
                7.047661950000076
              ],
              [
                118.49945823200004,
                7.048461296000027
              ],
              [
                118.48688285600008,
                7.036775990000023
              ],
              [
                118.47360398700005,
                7.028813235000029
              ],
              [
                118.46375373500007,
                7.034480344000031
              ],
              [
                118.45368314000007,
                7.036151177000022
              ],
              [
                118.44757448400003,
                7.031828550000057
              ],
              [
                118.4279997450001,
                7.026418377000026
              ],
              [
                118.41491767100001,
                7.017387832000054
              ],
              [
                118.43046573900007,
                7.007217514000047
              ],
              [
                118.42820392100009,
                6.990870747000031
              ],
              [
                118.43900457300005,
                6.989041421000024
              ],
              [
                118.45100815700005,
                6.981334001000048
              ],
              [
                118.46737470200003,
                6.981113097000047
              ],
              [
                118.47192200200004,
                6.97572413100005
              ],
              [
                118.48067365800013,
                6.98317397100004
              ],
              [
                118.4852623060001,
                6.967340746000048
              ],
              [
                118.5072366600001,
                6.96911030900003
              ],
              [
                118.51254797700007,
                6.974629477000063
              ],
              [
                118.5218272930001,
                6.966790102000061
              ],
              [
                118.53504843600003,
                6.963885141000047
              ]
            ]
          ],
          [
            [
              [
                120.58577230100002,
                5.466572810000059
              ],
              [
                120.57790305100002,
                5.460085599000023
              ],
              [
                120.58001541500006,
                5.445976416000065
              ],
              [
                120.59122375700008,
                5.445939312000065
              ],
              [
                120.58987877400013,
                5.46572341800004
              ],
              [
                120.58577230100002,
                5.466572810000059
              ]
            ]
          ],
          [
            [
              [
                120.24998225100002,
                5.441312915000026
              ],
              [
                120.24998932600009,
                5.445971359000055
              ],
              [
                120.22980495800006,
                5.442288459000054
              ],
              [
                120.230032,
                5.456375353000055
              ],
              [
                120.23980433700001,
                5.45466276700006
              ],
              [
                120.24582062300009,
                5.45861493500007
              ],
              [
                120.233907713,
                5.465967900000066
              ],
              [
                120.22783454400007,
                5.463389365000069
              ],
              [
                120.22540606300005,
                5.444978282000023
              ],
              [
                120.22910287700006,
                5.44096700600005
              ],
              [
                120.24998225100002,
                5.441312915000026
              ]
            ]
          ],
          [
            [
              [
                120.19322494000004,
                5.449391599000023
              ],
              [
                120.19367716400008,
                5.456773425000051
              ],
              [
                120.18614124600003,
                5.460013329000049
              ],
              [
                120.18103336900003,
                5.453283448000035
              ],
              [
                120.18478072900008,
                5.44434821900006
              ],
              [
                120.19322494000004,
                5.449391599000023
              ]
            ]
          ],
          [
            [
              [
                120.57891287200006,
                5.405076313000051
              ],
              [
                120.59224985700007,
                5.398781526000048
              ],
              [
                120.60786768000004,
                5.405163734000041
              ],
              [
                120.60814149200009,
                5.411716717000045
              ],
              [
                120.59965962900003,
                5.419093644000041
              ],
              [
                120.59155964700005,
                5.432714092000026
              ],
              [
                120.58532515900005,
                5.42481525200003
              ],
              [
                120.59691218600007,
                5.419344084000044
              ],
              [
                120.58550658000001,
                5.412193625000042
              ],
              [
                120.57980623000003,
                5.417475031000037
              ],
              [
                120.57246253900007,
                5.415361946000074
              ],
              [
                120.57891287200006,
                5.405076313000051
              ]
            ]
          ],
          [
            [
              [
                120.36828613200011,
                5.388122559000066
              ],
              [
                120.39331054700007,
                5.392272950000063
              ],
              [
                120.40350341800003,
                5.398498535000045
              ],
              [
                120.39118739900006,
                5.404986974000053
              ],
              [
                120.3770278510001,
                5.402630089000069
              ],
              [
                120.36828613200011,
                5.388122559000066
              ]
            ]
          ],
          [
            [
              [
                120.30604163200007,
                5.362543241000027
              ],
              [
                120.32395520800004,
                5.367511141000022
              ],
              [
                120.3342187180001,
                5.373755472000027
              ],
              [
                120.32201641000006,
                5.386575592000043
              ],
              [
                120.31061870100008,
                5.381158818000072
              ],
              [
                120.29874795,
                5.38239151700003
              ],
              [
                120.2940764670001,
                5.369758679000029
              ],
              [
                120.30604163200007,
                5.362543241000027
              ]
            ]
          ],
          [
            [
              [
                120.22350248200007,
                5.349082387000067
              ],
              [
                120.22570553900005,
                5.337540126000023
              ],
              [
                120.23554222700011,
                5.332429374000071
              ],
              [
                120.24665667600004,
                5.332830314000034
              ],
              [
                120.243324346,
                5.346306275000074
              ],
              [
                120.23716035400003,
                5.354733482000029
              ],
              [
                120.22769472900008,
                5.358564978000062
              ],
              [
                120.22350248200007,
                5.349082387000067
              ]
            ]
          ],
          [
            [
              [
                119.81188366100001,
                5.122985683000024
              ],
              [
                119.82070458200008,
                5.12022773800004
              ],
              [
                119.82542680000006,
                5.109521859000039
              ],
              [
                119.81905234700004,
                5.097430418000045
              ],
              [
                119.81626301600011,
                5.081245457000023
              ],
              [
                119.82305039800009,
                5.06826023700006
              ],
              [
                119.82029042900001,
                5.056220872000038
              ],
              [
                119.83886625700006,
                5.047331857000074
              ],
              [
                119.86180691400011,
                5.047170245000075
              ],
              [
                119.86094188300002,
                5.06195698700003
              ],
              [
                119.87607739200007,
                5.061828671000058
              ],
              [
                119.88055931000008,
                5.06766473700003
              ],
              [
                119.89386484900002,
                5.066732778000071
              ],
              [
                119.9032784970001,
                5.069454409000058
              ],
              [
                119.90676713000005,
                5.075205663000077
              ],
              [
                119.91997442100002,
                5.073866574000022
              ],
              [
                119.92045158400003,
                5.084581087000061
              ],
              [
                119.9436068120001,
                5.088298530000032
              ],
              [
                119.96110686900009,
                5.07724598200002
              ],
              [
                119.97336788700011,
                5.087628549000043
              ],
              [
                119.98318769200013,
                5.105027719000021
              ],
              [
                119.9777656560001,
                5.112474304000045
              ],
              [
                119.99843449200011,
                5.130014600000038
              ],
              [
                120.00412739500008,
                5.144010725000044
              ],
              [
                119.99645677000002,
                5.155880312000021
              ],
              [
                120.01957737100007,
                5.160350837000066
              ],
              [
                120.0224710970001,
                5.167617837000022
              ],
              [
                120.03110542500008,
                5.171742894000034
              ],
              [
                120.03476198100009,
                5.179053212000042
              ],
              [
                120.04880872400008,
                5.181358395000075
              ],
              [
                120.05596634400001,
                5.176619298000048
              ],
              [
                120.06047541100008,
                5.161463234000053
              ],
              [
                120.06697641100004,
                5.162228670000046
              ],
              [
                120.07585477400005,
                5.170381451000027
              ],
              [
                120.07690373700007,
                5.156716948000054
              ],
              [
                120.08389405900004,
                5.159786996000036
              ],
              [
                120.08759964400006,
                5.152033274000074
              ],
              [
                120.09458689500002,
                5.150477088000059
              ],
              [
                120.10124801900008,
                5.158543403000066
              ],
              [
                120.09969712300004,
                5.166188108000027
              ],
              [
                120.10834327100008,
                5.167434839000065
              ],
              [
                120.11505994000005,
                5.185721661000058
              ],
              [
                120.12134872700007,
                5.185381552000024
              ],
              [
                120.12281643600011,
                5.204367568000065
              ],
              [
                120.12970749800003,
                5.196132133000049
              ],
              [
                120.13654484200003,
                5.195587722000027
              ],
              [
                120.14205973600008,
                5.18400348800003
              ],
              [
                120.15369211800011,
                5.181133265000029
              ],
              [
                120.15568043500004,
                5.171122265000067
              ],
              [
                120.16275444000007,
                5.167552044000047
              ],
              [
                120.16938864400004,
                5.187344548000056
              ],
              [
                120.17873768100004,
                5.183375839000064
              ],
              [
                120.18309862600007,
                5.176229457000033
              ],
              [
                120.1748073230001,
                5.159326987000044
              ],
              [
                120.1658534180001,
                5.147318793000068
              ],
              [
                120.18645102100005,
                5.130871433000038
              ],
              [
                120.20058246100007,
                5.136097051000035
              ],
              [
                120.20704175700006,
                5.129008333000059
              ],
              [
                120.22369955800002,
                5.124309920000029
              ],
              [
                120.21854321400008,
                5.135880464000025
              ],
              [
                120.21814267200013,
                5.147559659000024
              ],
              [
                120.226163885,
                5.162439735000021
              ],
              [
                120.2257829680001,
                5.170353917000056
              ],
              [
                120.23286535900003,
                5.17315708800004
              ],
              [
                120.23959857800003,
                5.182833036000034
              ],
              [
                120.23305769600007,
                5.193447698000059
              ],
              [
                120.23429162600007,
                5.202704870000047
              ],
              [
                120.24746152600004,
                5.210222360000046
              ],
              [
                120.24427585400008,
                5.222861500000023
              ],
              [
                120.25077529900011,
                5.229912589000037
              ],
              [
                120.254976499,
                5.256597223000028
              ],
              [
                120.24737669100011,
                5.263053874000036
              ],
              [
                120.25342252700013,
                5.277222411000024
              ],
              [
                120.25016783600007,
                5.282975081000075
              ],
              [
                120.23221341700003,
                5.289589130000024
              ],
              [
                120.21466491800004,
                5.302188240000021
              ],
              [
                120.21445571800008,
                5.315117566000026
              ],
              [
                120.22126938000008,
                5.327108382000064
              ],
              [
                120.21792077600003,
                5.345127491000028
              ],
              [
                120.20938479800009,
                5.348966045000054
              ],
              [
                120.18984601600005,
                5.341561154000032
              ],
              [
                120.17592999400007,
                5.344557723000036
              ],
              [
                120.14329304400007,
                5.319325485000036
              ],
              [
                120.11249936600005,
                5.301111312000045
              ],
              [
                120.07519312900003,
                5.276771919000054
              ],
              [
                120.06997232100002,
                5.269564414000058
              ],
              [
                120.04823055400004,
                5.251624839000043
              ],
              [
                120.01615533200004,
                5.23114223500005
              ],
              [
                120.01111936300002,
                5.233499854000058
              ],
              [
                119.99226346200011,
                5.231821323000077
              ],
              [
                119.97888421100004,
                5.236282030000039
              ],
              [
                119.95837124000002,
                5.222730766000041
              ],
              [
                119.95139969600007,
                5.203321947000064
              ],
              [
                119.9402415400001,
                5.18778700100006
              ],
              [
                119.92955736200007,
                5.187647655000035
              ],
              [
                119.91816360100006,
                5.178426524000031
              ],
              [
                119.90487226800008,
                5.175171096000041
              ],
              [
                119.88777682200009,
                5.157400996000034
              ],
              [
                119.87709523300009,
                5.156941630000063
              ],
              [
                119.85755085000007,
                5.149996912000062
              ],
              [
                119.83880690500008,
                5.154524282000068
              ],
              [
                119.82224641700009,
                5.142761990000053
              ],
              [
                119.81188366100001,
                5.122985683000024
              ]
            ]
          ],
          [
            [
              [
                120.22977297900002,
                5.324069522000059
              ],
              [
                120.22486346500011,
                5.325757691000034
              ],
              [
                120.21835788000011,
                5.312847432000068
              ],
              [
                120.21992288900005,
                5.302445111000053
              ],
              [
                120.23066497900003,
                5.298151702000039
              ],
              [
                120.2402138770001,
                5.301763440000058
              ],
              [
                120.22977297900002,
                5.324069522000059
              ]
            ]
          ],
          [
            [
              [
                120.37263001800012,
                5.272376287000044
              ],
              [
                120.36846431200003,
                5.268040197000061
              ],
              [
                120.375853505,
                5.258952814000053
              ],
              [
                120.38300890900007,
                5.267126234000044
              ],
              [
                120.37263001800012,
                5.272376287000044
              ]
            ]
          ],
          [
            [
              [
                120.36009833600008,
                5.257462993000047
              ],
              [
                120.35267650600008,
                5.256684939000023
              ],
              [
                120.34608239300007,
                5.249521929000025
              ],
              [
                120.34916243100008,
                5.243593363000059
              ],
              [
                120.33165139900007,
                5.224469938000028
              ],
              [
                120.328863651,
                5.211207955000019
              ],
              [
                120.33650721400011,
                5.208573526000065
              ],
              [
                120.33291782300013,
                5.191378840000026
              ],
              [
                120.34346631100004,
                5.181771867000065
              ],
              [
                120.35202265300006,
                5.202748413000052
              ],
              [
                120.34708105300001,
                5.21571093500006
              ],
              [
                120.35696088700001,
                5.221846932000062
              ],
              [
                120.35572647700009,
                5.230181858000038
              ],
              [
                120.36716349100003,
                5.250064218000034
              ],
              [
                120.36009833600008,
                5.257462993000047
              ]
            ]
          ],
          [
            [
              [
                120.26760483400005,
                5.173054326000055
              ],
              [
                120.27274534700008,
                5.171581031000072
              ],
              [
                120.28006751600002,
                5.181539782000073
              ],
              [
                120.29686582700003,
                5.182784595000042
              ],
              [
                120.30210806100003,
                5.190712758000075
              ],
              [
                120.31849272000011,
                5.204917514000045
              ],
              [
                120.31061611700011,
                5.212431824000022
              ],
              [
                120.30685008600004,
                5.223294622000026
              ],
              [
                120.29110792800009,
                5.238440297000067
              ],
              [
                120.28176403500005,
                5.24341524500005
              ],
              [
                120.270886603,
                5.256209807000062
              ],
              [
                120.26047125800007,
                5.248934694000071
              ],
              [
                120.25675234900005,
                5.230408561000047
              ],
              [
                120.25720933400011,
                5.217042161000051
              ],
              [
                120.24361171300006,
                5.190569652000021
              ],
              [
                120.25020507700003,
                5.180161733000034
              ],
              [
                120.26730676700004,
                5.18656715700007
              ],
              [
                120.26760483400005,
                5.173054326000055
              ]
            ]
          ],
          [
            [
              [
                120.31610660300008,
                5.235400871000024
              ],
              [
                120.3213792690001,
                5.243509169000048
              ],
              [
                120.3143484630001,
                5.251087397000049
              ],
              [
                120.30335415800006,
                5.246044151000033
              ],
              [
                120.29837195400012,
                5.237958771000022
              ],
              [
                120.31071247400006,
                5.224568798000065
              ],
              [
                120.31610660300008,
                5.235400871000024
              ]
            ]
          ],
          [
            [
              [
                120.63910712400002,
                5.235012465000069
              ],
              [
                120.62911201300005,
                5.229985420000048
              ],
              [
                120.63561468600007,
                5.222028280000075
              ],
              [
                120.6479094860001,
                5.222624306000056
              ],
              [
                120.648968114,
                5.22739821500005
              ],
              [
                120.63910712400002,
                5.235012465000069
              ]
            ]
          ],
          [
            [
              [
                120.66079115000002,
                5.222989564000046
              ],
              [
                120.67270855900006,
                5.209084864000031
              ],
              [
                120.680293946,
                5.213417589000073
              ],
              [
                120.66079115000002,
                5.222989564000046
              ]
            ]
          ],
          [
            [
              [
                120.6005950120001,
                5.213301002000036
              ],
              [
                120.58755351800005,
                5.21775320100005
              ],
              [
                120.57653218500002,
                5.213004247000071
              ],
              [
                120.572729093,
                5.206610561000046
              ],
              [
                120.59935421500008,
                5.202882624000039
              ],
              [
                120.6005950120001,
                5.213301002000036
              ]
            ]
          ],
          [
            [
              [
                120.4999393060001,
                5.187034916000073
              ],
              [
                120.48149022900009,
                5.194140202000029
              ],
              [
                120.48160491200008,
                5.184849759000031
              ],
              [
                120.48808955000005,
                5.174418796000054
              ],
              [
                120.48771881100004,
                5.166755028000067
              ],
              [
                120.49928569100007,
                5.15871910100003
              ],
              [
                120.50131710000005,
                5.16675282500006
              ],
              [
                120.50875574400003,
                5.173930736000045
              ],
              [
                120.4999393060001,
                5.187034916000073
              ]
            ]
          ],
          [
            [
              [
                120.05595397600007,
                5.149023644000066
              ],
              [
                120.05172415800007,
                5.158187921000036
              ],
              [
                120.04477407100002,
                5.160971688000073
              ],
              [
                120.04224957200006,
                5.150284910000038
              ],
              [
                120.05595397600007,
                5.149023644000066
              ]
            ]
          ],
          [
            [
              [
                120.34512708000013,
                5.155915768000057
              ],
              [
                120.33675643000005,
                5.159791158000074
              ],
              [
                120.32519250200004,
                5.153315790000023
              ],
              [
                120.32029094200004,
                5.130878855000049
              ],
              [
                120.32650390200003,
                5.122038736000035
              ],
              [
                120.3364469400001,
                5.117175381000036
              ],
              [
                120.34409583500009,
                5.124327579000066
              ],
              [
                120.34871390800004,
                5.142935176000037
              ],
              [
                120.34512708000013,
                5.155915768000057
              ]
            ]
          ],
          [
            [
              [
                120.31895991300009,
                5.119418189000044
              ],
              [
                120.31190269700005,
                5.130401344000063
              ],
              [
                120.29945103300008,
                5.120264315000043
              ],
              [
                120.29403734800006,
                5.111906777000058
              ],
              [
                120.27821429200004,
                5.10531424200002
              ],
              [
                120.26906109200002,
                5.09028285100004
              ],
              [
                120.281764585,
                5.082738761000028
              ],
              [
                120.30347143200004,
                5.090820231000064
              ],
              [
                120.31834390700011,
                5.103845010000043
              ],
              [
                120.31895991300009,
                5.119418189000044
              ]
            ]
          ],
          [
            [
              [
                119.74992761800002,
                5.034332815000027
              ],
              [
                119.76271707400007,
                5.038765843000022
              ],
              [
                119.77557295400005,
                5.048110086000066
              ],
              [
                119.78542253700003,
                5.041805842000029
              ],
              [
                119.79211351000005,
                5.047567556000046
              ],
              [
                119.790955069,
                5.058658358000058
              ],
              [
                119.80202960800011,
                5.051697412000067
              ],
              [
                119.81777611200003,
                5.060974021000049
              ],
              [
                119.82035383700008,
                5.067271689000051
              ],
              [
                119.80776779500003,
                5.078308286000037
              ],
              [
                119.81370761600012,
                5.091295840000043
              ],
              [
                119.80419242000005,
                5.096912748000023
              ],
              [
                119.80855723000003,
                5.105453415000056
              ],
              [
                119.80661176900001,
                5.116848929000072
              ],
              [
                119.79802791900012,
                5.118926039000029
              ],
              [
                119.79291876600007,
                5.111786621000022
              ],
              [
                119.77448514900003,
                5.104445547000069
              ],
              [
                119.76526464000005,
                5.094277358000056
              ],
              [
                119.744922072,
                5.058546044000024
              ],
              [
                119.7408541300001,
                5.04758094500005
              ],
              [
                119.74155877400005,
                5.036448053000072
              ],
              [
                119.74992761800002,
                5.034332815000027
              ]
            ]
          ],
          [
            [
              [
                119.81611202600004,
                5.093145225000058
              ],
              [
                119.81640283800006,
                5.101744070000051
              ],
              [
                119.80881895700008,
                5.104863839000075
              ],
              [
                119.80574823500002,
                5.096152689000064
              ],
              [
                119.81611202600004,
                5.093145225000058
              ]
            ]
          ],
          [
            [
              [
                119.987909488,
                5.084609037000065
              ],
              [
                119.99407885100004,
                5.088149408000048
              ],
              [
                119.9953166260001,
                5.098963046000051
              ],
              [
                119.98758827200004,
                5.099603950000074
              ],
              [
                119.9839061460001,
                5.086672040000052
              ],
              [
                119.987909488,
                5.084609037000065
              ]
            ]
          ],
          [
            [
              [
                120.27292006700009,
                5.082655483000053
              ],
              [
                120.25899670800004,
                5.09038247500007
              ],
              [
                120.25173592800002,
                5.082906349000041
              ],
              [
                120.25083741800005,
                5.065142005000039
              ],
              [
                120.26145670600009,
                5.065693725000074
              ],
              [
                120.26928999400002,
                5.073452968000026
              ],
              [
                120.27292006700009,
                5.082655483000053
              ]
            ]
          ],
          [
            [
              [
                120.20942339300007,
                5.044875021000051
              ],
              [
                120.19118072700009,
                5.028984168000021
              ],
              [
                120.19604668300009,
                5.018447395000067
              ],
              [
                120.21464734900009,
                5.015194190000045
              ],
              [
                120.22847102900006,
                5.033305343000051
              ],
              [
                120.2221096830001,
                5.041015923000031
              ],
              [
                120.20942339300007,
                5.044875021000051
              ]
            ]
          ],
          [
            [
              [
                119.79672761700012,
                5.025022575000037
              ],
              [
                119.80467213700001,
                5.035189184000046
              ],
              [
                119.78774170800013,
                5.039828276000035
              ],
              [
                119.79672761700012,
                5.025022575000037
              ]
            ]
          ],
          [
            [
              [
                120.13655360300002,
                5.015024804000063
              ],
              [
                120.134592073,
                5.020529381000073
              ],
              [
                120.10524067600012,
                5.036963239000045
              ],
              [
                120.1009628170001,
                5.029457086000036
              ],
              [
                120.11475257300002,
                5.022225361000038
              ],
              [
                120.12505702300007,
                5.003835938000065
              ],
              [
                120.13405311600002,
                5.003746765000074
              ],
              [
                120.13655360300002,
                5.015024804000063
              ]
            ]
          ],
          [
            [
              [
                119.74565060000009,
                5.006155368000065
              ],
              [
                119.7565198110001,
                5.008337727000026
              ],
              [
                119.77250359000004,
                5.016203308000057
              ],
              [
                119.77986941800009,
                5.025652982000054
              ],
              [
                119.77608017200009,
                5.030522262000034
              ],
              [
                119.74777857400012,
                5.031498913000063
              ],
              [
                119.74110614200004,
                5.034094252000045
              ],
              [
                119.73623195500011,
                5.016357965000054
              ],
              [
                119.74565060000009,
                5.006155368000065
              ]
            ]
          ],
          [
            [
              [
                119.99474820300009,
                4.953309437000029
              ],
              [
                120.00149109300004,
                4.952358883000045
              ],
              [
                120.01064072600003,
                4.96218570800005
              ],
              [
                120.01343555900007,
                4.984114091000038
              ],
              [
                120.02005118000012,
                4.987560145000032
              ],
              [
                120.02589836300001,
                5.006835968000075
              ],
              [
                120.01666743100009,
                5.014363087000048
              ],
              [
                119.99328031300003,
                5.00579404900003
              ],
              [
                120.00031321900008,
                4.990324224000061
              ],
              [
                119.99274172800006,
                4.984174947000042
              ],
              [
                119.98930730900007,
                4.960299981000047
              ],
              [
                119.99474820300009,
                4.953309437000029
              ]
            ]
          ],
          [
            [
              [
                119.78945262700007,
                4.913931278000063
              ],
              [
                119.7924337840001,
                4.890795103000072
              ],
              [
                119.80437343200003,
                4.854696837000063
              ],
              [
                119.82469920200003,
                4.855584738000061
              ],
              [
                119.84141856600002,
                4.863400920000061
              ],
              [
                119.85350997200008,
                4.865624877000074
              ],
              [
                119.85018122400004,
                4.894648149000033
              ],
              [
                119.84287372500012,
                4.906929483000057
              ],
              [
                119.8324912380001,
                4.916207290000044
              ],
              [
                119.82880542100008,
                4.904501927000068
              ],
              [
                119.82303395200005,
                4.902017520000071
              ],
              [
                119.81587009400006,
                4.908628154000041
              ],
              [
                119.82311094800004,
                4.918941493000034
              ],
              [
                119.82099464900011,
                4.924024634000034
              ],
              [
                119.7987415570001,
                4.924986617000059
              ],
              [
                119.78945262700007,
                4.913931278000063
              ]
            ]
          ],
          [
            [
              [
                119.45569542400006,
                4.651220240000043
              ],
              [
                119.45798573400009,
                4.642097964000073
              ],
              [
                119.47666584500007,
                4.663082773000042
              ],
              [
                119.48797354900012,
                4.689912260000027
              ],
              [
                119.50549259100002,
                4.744374354000057
              ],
              [
                119.50697250000007,
                4.761184148000041
              ],
              [
                119.50397933700003,
                4.787078183000062
              ],
              [
                119.49795940400008,
                4.812711532000037
              ],
              [
                119.49641195400011,
                4.828688458000047
              ],
              [
                119.48451654200005,
                4.862439391000067
              ],
              [
                119.46833008600005,
                4.898371697000073
              ],
              [
                119.45649811100009,
                4.913643473000036
              ],
              [
                119.44934549100005,
                4.91259440300007
              ],
              [
                119.44502694900007,
                4.903778768000051
              ],
              [
                119.44658037000009,
                4.880109424000069
              ],
              [
                119.45455329600009,
                4.845354542000053
              ],
              [
                119.45941159600011,
                4.832545706000074
              ],
              [
                119.46344274300009,
                4.81293637400006
              ],
              [
                119.4660816920001,
                4.790027383000051
              ],
              [
                119.4660733070001,
                4.762054955000054
              ],
              [
                119.46456046700007,
                4.732942055000024
              ],
              [
                119.4561677270001,
                4.686136862000069
              ],
              [
                119.45447993200003,
                4.665935251000065
              ],
              [
                119.45921872800012,
                4.661741903000062
              ],
              [
                119.45569542400006,
                4.651220240000043
              ]
            ]
          ],
          [
            [
              [
                119.40868870100009,
                4.874946896000038
              ],
              [
                119.40948469500007,
                4.881827952000036
              ],
              [
                119.40348622600003,
                4.899020008000035
              ],
              [
                119.39729863800007,
                4.906558737000069
              ],
              [
                119.39066603900005,
                4.902052147000061
              ],
              [
                119.39039157400009,
                4.893222404000027
              ],
              [
                119.40868870100009,
                4.874946896000038
              ]
            ]
          ],
          [
            [
              [
                119.82630465700005,
                4.822648678000063
              ],
              [
                119.80849447700008,
                4.817433610000024
              ],
              [
                119.80913297400002,
                4.805623085000037
              ],
              [
                119.81439590200011,
                4.798242742000071
              ],
              [
                119.82299261500009,
                4.794100484000069
              ],
              [
                119.8410393710001,
                4.790271220000021
              ],
              [
                119.86596845300005,
                4.794303660000026
              ],
              [
                119.86699465600009,
                4.803739061000044
              ],
              [
                119.8540556590001,
                4.810944317000065
              ],
              [
                119.84793355700003,
                4.810504070000035
              ],
              [
                119.83342301100004,
                4.821664309000028
              ],
              [
                119.82630465700005,
                4.822648678000063
              ]
            ]
          ],
          [
            [
              [
                119.40188369500004,
                4.669034013000042
              ],
              [
                119.41111971100007,
                4.69202176500005
              ],
              [
                119.41893098900003,
                4.737581567000061
              ],
              [
                119.42109336600004,
                4.763935670000022
              ],
              [
                119.41141694600005,
                4.764656560000049
              ],
              [
                119.39909817700006,
                4.758460378000051
              ],
              [
                119.40064459800011,
                4.752781820000052
              ],
              [
                119.38932082100008,
                4.744614394000051
              ],
              [
                119.40392834700003,
                4.736170084000038
              ],
              [
                119.40617672100007,
                4.725071138000033
              ],
              [
                119.4016885100001,
                4.706384298000045
              ],
              [
                119.39433179400008,
                4.703196296000044
              ],
              [
                119.39690720700003,
                4.692419159000052
              ],
              [
                119.39356677700005,
                4.682432774000063
              ],
              [
                119.3931584390001,
                4.669656690000068
              ],
              [
                119.40188369500004,
                4.669034013000042
              ]
            ]
          ]
        ]
      }
    },
    {
      "type": "Feature",
      "properties": {
        "geo_id": "geo_ph_0018",
        "name": "Bangsamoro Autonomous Region in Muslim Mindanao",
        "psgc": "1900000000",
        "boundary_level": "region",
        "component": "Maguindanao del Norte",
        "source_psgc": "1908700000"
      },
      "geometry": {
        "type": "MultiPolygon",
        "coordinates": [
          [
            [
              [
                124.45200512000007,
                7.423535557000035
              ],
              [
                124.46325442800003,
                7.437708507000025
              ],
              [
                124.48528910200002,
                7.438605069000062
              ],
              [
                124.49092222900003,
                7.505225852000024
              ],
              [
                124.49580783400006,
                7.519835494000064
              ],
              [
                124.52804919700009,
                7.638289207000071
              ],
              [
                124.35373087800008,
                7.58642368900007
              ],
              [
                124.27868143500007,
                7.557954299000073
              ],
              [
                124.25133853700005,
                7.557921067000053
              ],
              [
                124.24034052900004,
                7.542860437000058
              ],
              [
                124.23650557500002,
                7.520440906000031
              ],
              [
                124.21521657500011,
                7.49334045300003
              ],
              [
                124.20454548500005,
                7.49070031700006
              ],
              [
                124.20599771200013,
                7.473705159000076
              ],
              [
                124.19675563900013,
                7.471888897000042
              ],
              [
                124.18676489700009,
                7.453050466000038
              ],
              [
                124.19520726200007,
                7.43575265000004
              ],
              [
                124.18604053000003,
                7.421830624000052
              ],
              [
                124.1867093530001,
                7.412033425000059
              ],
              [
                124.19350135900004,
                7.420195403000037
              ],
              [
                124.2042114510001,
                7.416093016000047
              ],
              [
                124.20630755100002,
                7.409386990000033
              ],
              [
                124.22372177500004,
                7.405602268000055
              ],
              [
                124.23189255300008,
                7.415904078000039
              ],
              [
                124.23946138200004,
                7.415556062000065
              ],
              [
                124.2494883600001,
                7.406428100000024
              ],
              [
                124.25037858700011,
                7.39166432500002
              ],
              [
                124.26071398000012,
                7.368132521000063
              ],
              [
                124.25649511200004,
                7.347947489000035
              ],
              [
                124.2392052980001,
                7.346746958000038
              ],
              [
                124.23205870100003,
                7.342128926000044
              ],
              [
                124.22463360100006,
                7.345959787000028
              ],
              [
                124.2245370080001,
                7.353876874000035
              ],
              [
                124.2076238640001,
                7.352459038000062
              ],
              [
                124.21507583200003,
                7.342712554000057
              ],
              [
                124.2130059650001,
                7.325558424000063
              ],
              [
                124.21675891100006,
                7.308890440000027
              ],
              [
                124.21123698500004,
                7.29109120100003
              ],
              [
                124.20869196900003,
                7.272347066000068
              ],
              [
                124.20408384900009,
                7.266624325000063
              ],
              [
                124.20729837300007,
                7.25052183300005
              ],
              [
                124.19409900900007,
                7.25285743100005
              ],
              [
                124.18060932700008,
                7.229624841000032
              ],
              [
                124.1690343030001,
                7.22164807400003
              ],
              [
                124.1712710060001,
                7.215521889000058
              ],
              [
                124.15909670700013,
                7.202227240000072
              ],
              [
                124.16537119400004,
                7.194363919000068
              ],
              [
                124.15768450700013,
                7.175086849000025
              ],
              [
                124.13223629600007,
                7.166226494000054
              ],
              [
                124.11494267600007,
                7.150936274000058
              ],
              [
                124.10331652400009,
                7.147703110000065
              ],
              [
                124.06742696100004,
                7.145391349000023
              ],
              [
                124.05212336500007,
                7.129703484000061
              ],
              [
                124.03675816000009,
                7.10426396500003
              ],
              [
                124.03765144400006,
                7.096199836000039
              ],
              [
                124.0258454960001,
                7.082430627000065
              ],
              [
                124.01551037000002,
                7.062229058000071
              ],
              [
                124.01250163300006,
                7.050464428000054
              ],
              [
                124.00257366200003,
                7.044326931000056
              ],
              [
                124.00105624300011,
                7.03294676300004
              ],
              [
                123.99272356900009,
                7.021412233000034
              ],
              [
                123.99521327300012,
                7.001625772000067
              ],
              [
                123.97929244800002,
                6.972154354000054
              ],
              [
                123.96979993400011,
                6.963654424000025
              ],
              [
                123.97163700500005,
                6.955384626000067
              ],
              [
                123.9693904400001,
                6.938377538000053
              ],
              [
                123.97065883900008,
                6.929882912000038
              ],
              [
                123.96091889900003,
                6.912346280000065
              ],
              [
                123.95680852300005,
                6.910163674000046
              ],
              [
                123.95685311500006,
                6.893879222000066
              ],
              [
                123.97025622700005,
                6.883312497000075
              ],
              [
                123.97501581600011,
                6.867742993000032
              ],
              [
                123.97262014300009,
                6.862136935000023
              ],
              [
                123.95798552300005,
                6.855208523000044
              ],
              [
                123.95743405800012,
                6.840958313000045
              ],
              [
                123.96319545000006,
                6.833606887000029
              ],
              [
                123.95301474100006,
                6.819498804000032
              ],
              [
                123.96246307300011,
                6.811868152000044
              ],
              [
                123.96353626600013,
                6.800433363000024
              ],
              [
                123.97570368000005,
                6.793831946000069
              ],
              [
                123.97584690700012,
                6.786254511000037
              ],
              [
                123.96978309100008,
                6.775586197000053
              ],
              [
                123.97563416300011,
                6.768565259000069
              ],
              [
                123.98750403000008,
                6.771464513000068
              ],
              [
                123.99530735200007,
                6.79189629800004
              ],
              [
                124.0103722760001,
                6.794074908000025
              ],
              [
                124.02741406600002,
                6.782265267000072
              ],
              [
                124.04082249700002,
                6.758219907000068
              ],
              [
                124.03796515700003,
                6.743848047000029
              ],
              [
                124.0849527800001,
                6.743239127000037
              ],
              [
                124.09690035600012,
                6.747260983000045
              ],
              [
                124.12713724600007,
                6.746921562000068
              ],
              [
                124.12262076000002,
                6.838144271000032
              ],
              [
                124.12287302100003,
                6.852899860000035
              ],
              [
                124.13189720600008,
                6.88739128000003
              ],
              [
                124.14351930700002,
                6.936219677000055
              ],
              [
                124.15839824600005,
                6.937772196000025
              ],
              [
                124.18639361600003,
                6.923260995000021
              ],
              [
                124.19403233500009,
                6.93176653000006
              ],
              [
                124.19881362500006,
                6.945695366000052
              ],
              [
                124.22164546700003,
                6.964718258000061
              ],
              [
                124.22164342100007,
                6.968502340000042
              ],
              [
                124.30678079500002,
                6.99211432100003
              ],
              [
                124.316209952,
                6.999375143000067
              ],
              [
                124.33133438700008,
                7.025812093000069
              ],
              [
                124.33438561000001,
                7.016023696000047
              ],
              [
                124.34081419600012,
                7.009131247000027
              ],
              [
                124.35797812200006,
                7.009225097000069
              ],
              [
                124.36756000600008,
                7.000491819000046
              ],
              [
                124.38459411500003,
                7.011943
              ],
              [
                124.38025553500007,
                7.014505021000048
              ],
              [
                124.39513403300008,
                7.03769920600007
              ],
              [
                124.3923591680001,
                7.044705774000021
              ],
              [
                124.40689582500012,
                7.06379753300007
              ],
              [
                124.4200256700001,
                7.059656975000054
              ],
              [
                124.43223825500002,
                7.088788390000047
              ],
              [
                124.43257323100012,
                7.094453882000038
              ],
              [
                124.44505001100002,
                7.110413201000029
              ],
              [
                124.4606424540001,
                7.133282154000029
              ],
              [
                124.46492467300006,
                7.171735246000027
              ],
              [
                124.48112044900007,
                7.198064042000055
              ],
              [
                124.48927706500001,
                7.19790874000006
              ],
              [
                124.48961885200005,
                7.207222989000059
              ],
              [
                124.47451455500006,
                7.207256223000055
              ],
              [
                124.44998205200011,
                7.207310200000054
              ],
              [
                124.45056625000007,
                7.230499030000034
              ],
              [
                124.44353478800008,
                7.236254315000055
              ],
              [
                124.436402197,
                7.227333650000048
              ],
              [
                124.41797896400011,
                7.221785431000058
              ],
              [
                124.40711940300002,
                7.222196041000074
              ],
              [
                124.3946495680001,
                7.224298599000065
              ],
              [
                124.38450977200013,
                7.178378673000055
              ],
              [
                124.37708222800006,
                7.169739380000067
              ],
              [
                124.35176481800012,
                7.165890603000037
              ],
              [
                124.33983748000001,
                7.16921525300006
              ],
              [
                124.3390572300001,
                7.174352245000025
              ],
              [
                124.3532621060001,
                7.199960901000053
              ],
              [
                124.3545993580001,
                7.211406167000065
              ],
              [
                124.36626343700006,
                7.235560970000052
              ],
              [
                124.37757367600013,
                7.286177091000071
              ],
              [
                124.37667433,
                7.296937708000031
              ],
              [
                124.39602007500004,
                7.355388001000049
              ],
              [
                124.40332964900006,
                7.354124229000036
              ],
              [
                124.40575238200006,
                7.363209477000053
              ],
              [
                124.45200512000007,
                7.423535557000035
              ]
            ]
          ],
          [
            [
              [
                124.04697656800012,
                7.357487855000044
              ],
              [
                124.0344067100001,
                7.342962193000061
              ],
              [
                124.0240270490001,
                7.337339007000026
              ],
              [
                124.016153679,
                7.327053042000044
              ],
              [
                124.01457952200008,
                7.31914037500008
              ],
              [
                124.01848581800004,
                7.299453158000063
              ],
              [
                124.02729442600001,
                7.294636294000042
              ],
              [
                124.03674367700012,
                7.302273304000041
              ],
              [
                124.04465251200008,
                7.313304752000022
              ],
              [
                124.04042586800006,
                7.328413918000022
              ],
              [
                124.04695421200006,
                7.339828598000055
              ],
              [
                124.06931605500007,
                7.353652604000045
              ],
              [
                124.07791665100002,
                7.372864867000035
              ],
              [
                124.06802002700012,
                7.375400205000061
              ],
              [
                124.04697656800012,
                7.357487855000044
              ]
            ]
          ]
        ]
      }
    },
    {
      "type": "Feature",
      "properties": {
        "geo_id": "geo_ph_0018",
        "name": "Bangsamoro Autonomous Region in Muslim Mindanao",
        "psgc": "1900000000",
        "boundary_level": "region",
        "component": "Maguindanao del Sur",
        "source_psgc": "1908800000"
      },
      "geometry": {
        "type": "Polygon",
        "coordinates": [
          [
            [
              124.7117969520001,
              7.182737162000024
            ],
            [
              124.7045127470001,
              7.182307881000041
            ],
            [
              124.69663665600002,
              7.171204794000061
            ],
            [
              124.6972378380001,
              7.159643613000071
            ],
            [
              124.693927486,
              7.152287062000027
            ],
            [
              124.71649748100003,
              7.133059319000041
            ],
            [
              124.72718001200008,
              7.131325142000037
            ],
            [
              124.72756153100012,
              7.116862104000064
            ],
            [
              124.73650988600004,
              7.113428433000024
            ],
            [
              124.72946912600003,
              7.110029446000055
            ],
            [
              124.72579267100002,
              7.102190965000035
            ],
            [
              124.73279874600007,
              7.09660691500005
            ],
            [
              124.71676929700004,
              7.086585624000064
            ],
            [
              124.71573544300009,
              7.099423897000065
            ],
            [
              124.70807875900005,
              7.09409329300007
            ],
            [
              124.7123432410001,
              7.079361444000028
            ],
            [
              124.6996467130001,
              7.067440276000071
            ],
            [
              124.69010008700002,
              7.073352400000035
            ],
            [
              124.68813474700003,
              7.058526855000025
            ],
            [
              124.69392674900007,
              7.050418998000055
            ],
            [
              124.7034545570001,
              7.050546035000023
            ],
            [
              124.70112553800003,
              7.038646862000063
            ],
            [
              124.70998247700004,
              7.034920075000059
            ],
            [
              124.70768913900008,
              7.024503360000038
            ],
            [
              124.71662410500005,
              7.019548900000073
            ],
            [
              124.70701755400012,
              7.005210864000048
            ],
            [
              124.72143007400007,
              7.000956522000023
            ],
            [
              124.71782279900003,
              6.994517397000038
            ],
            [
              124.70664496000006,
              6.994033024000031
            ],
            [
              124.69401400100004,
              6.974136470000075
            ],
            [
              124.68592869700002,
              6.967392506000067
            ],
            [
              124.69125680000002,
              6.962250700000026
            ],
            [
              124.688574119,
              6.952786796000055
            ],
            [
              124.67877487900012,
              6.94660172500005
            ],
            [
              124.66573406700002,
              6.951967088000059
            ],
            [
              124.65675453500013,
              6.961356473000023
            ],
            [
              124.64997341800004,
              6.955216833000065
            ],
            [
              124.64303839500006,
              6.964178877000052
            ],
            [
              124.63255917000004,
              6.966358556000046
            ],
            [
              124.62736147500004,
              6.974825770000052
            ],
            [
              124.61696608400007,
              6.975328772000069
            ],
            [
              124.61143305300006,
              6.969628074000068
            ],
            [
              124.598438815,
              6.96845440100003
            ],
            [
              124.58488102700005,
              6.970634080000026
            ],
            [
              124.57877047400005,
              6.983861190000026
            ],
            [
              124.55808896800009,
              7.006636791000061
            ],
            [
              124.55896135400009,
              7.017508071000066
            ],
            [
              124.55571046600006,
              7.023554212000021
            ],
            [
              124.5446676360001,
              7.019387057000073
            ],
            [
              124.539127139,
              7.02758843500004
            ],
            [
              124.53100334400006,
              7.031767729000024
            ],
            [
              124.53324575500007,
              7.04038775300006
            ],
            [
              124.52317968900002,
              7.029616614000076
            ],
            [
              124.51915130700003,
              7.030999491000046
            ],
            [
              124.50142558800009,
              7.030365309000046
            ],
            [
              124.48878318200003,
              7.041214082000065
            ],
            [
              124.47026093600005,
              7.048347785000032
            ],
            [
              124.4594889980001,
              7.056220719000065
            ],
            [
              124.45635226800005,
              7.066377288000067
            ],
            [
              124.45674244800011,
              7.07967992500005
            ],
            [
              124.43988882300006,
              7.09196477200004
            ],
            [
              124.43223825500002,
              7.088788390000047
            ],
            [
              124.4200256700001,
              7.059656975000054
            ],
            [
              124.40689582500012,
              7.06379753300007
            ],
            [
              124.3923591680001,
              7.044705774000021
            ],
            [
              124.39513403300008,
              7.03769920600007
            ],
            [
              124.38025553500007,
              7.014505021000048
            ],
            [
              124.38459411500003,
              7.011943
            ],
            [
              124.36756000600008,
              7.000491819000046
            ],
            [
              124.35797812200006,
              7.009225097000069
            ],
            [
              124.34081419600012,
              7.009131247000027
            ],
            [
              124.33438561000001,
              7.016023696000047
            ],
            [
              124.33133438700008,
              7.025812093000069
            ],
            [
              124.316209952,
              6.999375143000067
            ],
            [
              124.30678079500002,
              6.99211432100003
            ],
            [
              124.22164342100007,
              6.968502340000042
            ],
            [
              124.22164546700003,
              6.964718258000061
            ],
            [
              124.19881362500006,
              6.945695366000052
            ],
            [
              124.19403233500009,
              6.93176653000006
            ],
            [
              124.18639361600003,
              6.923260995000021
            ],
            [
              124.15839824600005,
              6.937772196000025
            ],
            [
              124.14351930700002,
              6.936219677000055
            ],
            [
              124.13189720600008,
              6.88739128000003
            ],
            [
              124.12287302100003,
              6.852899860000035
            ],
            [
              124.12262076000002,
              6.838144271000032
            ],
            [
              124.12713724600007,
              6.746921562000068
            ],
            [
              124.14825644900009,
              6.746883796000019
            ],
            [
              124.21014178100008,
              6.743249806000051
            ],
            [
              124.22832131900007,
              6.733910047000052
            ],
            [
              124.24772433700004,
              6.756629778000047
            ],
            [
              124.28391654000006,
              6.754070688000069
            ],
            [
              124.2762655140001,
              6.736064673000042
            ],
            [
              124.27895399600006,
              6.69617573000005
            ],
            [
              124.41355869200004,
              6.727836713000043
            ],
            [
              124.46527490600012,
              6.730109365000032
            ],
            [
              124.51614574200006,
              6.727932620000047
            ],
            [
              124.5132167060001,
              6.73654619000007
            ],
            [
              124.516520827,
              6.743245528000045
            ],
            [
              124.50931452600003,
              6.772891965000042
            ],
            [
              124.53850747700007,
              6.773909106000075
            ],
            [
              124.53749641900002,
              6.78112018300004
            ],
            [
              124.57833560200004,
              6.783005277000029
            ],
            [
              124.57702659400002,
              6.794578634000061
            ],
            [
              124.58385058100008,
              6.800190842000064
            ],
            [
              124.58572981500004,
              6.809829827000045
            ],
            [
              124.58028927100008,
              6.850143099000037
            ],
            [
              124.60295171500002,
              6.850612088000048
            ],
            [
              124.59753774300009,
              6.864944532000037
            ],
            [
              124.60523736900006,
              6.871936180000033
            ],
            [
              124.6265366660001,
              6.885147745000039
            ],
            [
              124.63372708500003,
              6.887706705000027
            ],
            [
              124.63756809600012,
              6.880305613000074
            ],
            [
              124.66680578800002,
              6.869075349000069
            ],
            [
              124.66909662700004,
              6.855363229000033
            ],
            [
              124.69065190300012,
              6.804071660000034
            ],
            [
              124.69821664100006,
              6.799680297000065
            ],
            [
              124.71708527800003,
              6.810847400000056
            ],
            [
              124.72493643100007,
              6.784795319000067
            ],
            [
              124.74325513100007,
              6.747772360000055
            ],
            [
              124.76194836000003,
              6.726858888000038
            ],
            [
              124.77008903,
              6.727039460000071
            ],
            [
              124.78363741700004,
              6.693444130000046
            ],
            [
              124.7948975260001,
              6.683738603000053
            ],
            [
              124.78709570600004,
              6.67697144300007
            ],
            [
              124.76927305900006,
              6.676178916000027
            ],
            [
              124.76099799200007,
              6.664839584000049
            ],
            [
              124.78699595000013,
              6.649396808000063
            ],
            [
              124.77517095100006,
              6.642719262000069
            ],
            [
              124.78446518700002,
              6.637758798000049
            ],
            [
              124.77892310100003,
              6.623288442000046
            ],
            [
              124.78550368600008,
              6.606117920000031
            ],
            [
              124.81001733300002,
              6.61240035000003
            ],
            [
              124.8202402070001,
              6.612889153000027
            ],
            [
              124.82934209300005,
              6.604715895000028
            ],
            [
              124.83825857700002,
              6.601456701000074
            ],
            [
              124.8417958870001,
              6.607867359000068
            ],
            [
              124.86302203700006,
              6.60862987300004
            ],
            [
              124.87210866700003,
              6.617488596000043
            ],
            [
              124.86828614,
              6.622645562000057
            ],
            [
              124.86844955800007,
              6.643072075000019
            ],
            [
              124.88015382300011,
              6.64296018300007
            ],
            [
              124.90200884800004,
              6.655854541000053
            ],
            [
              124.88680814300004,
              6.677562946000023
            ],
            [
              124.93130363100012,
              6.695667085000023
            ],
            [
              124.96918503100005,
              6.709965978000071
            ],
            [
              125.00681249200011,
              6.711873362000063
            ],
            [
              125.00774339400006,
              6.734105528000044
            ],
            [
              124.98352425400005,
              6.727055452000058
            ],
            [
              124.96742147600003,
              6.739896512000031
            ],
            [
              124.958628642,
              6.736979865000023
            ],
            [
              124.95035051100002,
              6.755037343000026
            ],
            [
              124.94623289100002,
              6.757353504000036
            ],
            [
              124.95268549500008,
              6.784597325000049
            ],
            [
              124.94599269700008,
              6.783555795000041
            ],
            [
              124.93739725400006,
              6.790939251000054
            ],
            [
              124.89134847900004,
              6.786620320000054
            ],
            [
              124.88884483400011,
              6.796141742000031
            ],
            [
              124.8546997410001,
              6.797642408000057
            ],
            [
              124.85390046400005,
              6.790241958000023
            ],
            [
              124.82964481100008,
              6.791900495000049
            ],
            [
              124.82249612600003,
              6.794133661000046
            ],
            [
              124.82364160400004,
              6.815535639000076
            ],
            [
              124.804196208,
              6.816775648000032
            ],
            [
              124.80548632600005,
              6.841646872000068
            ],
            [
              124.81199162100005,
              6.841965313000059
            ],
            [
              124.82764072200007,
              6.859570552000037
            ],
            [
              124.80410640700006,
              6.882344935000048
            ],
            [
              124.80347215400003,
              6.948885853000035
            ],
            [
              124.82383263900012,
              6.949087778000034
            ],
            [
              124.82196366300003,
              7.044487835000041
            ],
            [
              124.8252119780001,
              7.062747508000031
            ],
            [
              124.80227421300002,
              7.071194877000037
            ],
            [
              124.7719886320001,
              7.075949368000067
            ],
            [
              124.77202976400008,
              7.087197717000039
            ],
            [
              124.7855462550001,
              7.101408897000056
            ],
            [
              124.7849616640001,
              7.118717377000052
            ],
            [
              124.79752798600008,
              7.125971558000059
            ],
            [
              124.7974664310001,
              7.133542762000048
            ],
            [
              124.78665612600003,
              7.144260107000036
            ],
            [
              124.7775035740001,
              7.147930917000052
            ],
            [
              124.77246232800009,
              7.156912165000051
            ],
            [
              124.75934085700008,
              7.150634443000057
            ],
            [
              124.73831990200006,
              7.166173348000031
            ],
            [
              124.72775840100007,
              7.176641707000043
            ],
            [
              124.7117969520001,
              7.182737162000024
            ]
          ]
        ]
      }
    },
    {
      "type": "Feature",
      "properties": {
        "geo_id": "geo_ph_0018",
        "name": "Bangsamoro Autonomous Region in Muslim Mindanao",
        "psgc": "1900000000",
        "boundary_level": "region",
        "component": "Special Geographic Area",
        "source_psgc": "1909900000"
      },
      "geometry": {
        "type": "MultiPolygon",
        "coordinates": [
          [
            [
              [
                124.40575238200006,
                7.363209477000053
              ],
              [
                124.41715019500009,
                7.361829480000043
              ],
              [
                124.44759852600009,
                7.365182608000055
              ],
              [
                124.45200512000007,
                7.423535557000035
              ],
              [
                124.40575238200006,
                7.363209477000053
              ]
            ]
          ],
          [
            [
              [
                124.88441261400011,
                7.311216527000054
              ],
              [
                124.87713500100006,
                7.313698814000077
              ],
              [
                124.86111296900005,
                7.302697771000056
              ],
              [
                124.85460506500011,
                7.283768454000039
              ],
              [
                124.8379499230001,
                7.280971162000073
              ],
              [
                124.84027179800013,
                7.270744900000069
              ],
              [
                124.81545188000007,
                7.272749409000029
              ],
              [
                124.79594694400011,
                7.280700886000034
              ],
              [
                124.77388098200005,
                7.278857088000052
              ],
              [
                124.76364497600002,
                7.270072764000077
              ],
              [
                124.7625422540001,
                7.260401665000074
              ],
              [
                124.76985738400003,
                7.253726558000037
              ],
              [
                124.77275483000007,
                7.228227808000041
              ],
              [
                124.80035678900003,
                7.23306136900004
              ],
              [
                124.80898859300008,
                7.230850477000048
              ],
              [
                124.81972791400005,
                7.218369812000049
              ],
              [
                124.81366256000001,
                7.206219660000043
              ],
              [
                124.82090561000007,
                7.187797631000023
              ],
              [
                124.8031502990001,
                7.142669423000029
              ],
              [
                124.81300914000009,
                7.150770839000073
              ],
              [
                124.8384160180001,
                7.145646646000046
              ],
              [
                124.848628157,
                7.147523283000055
              ],
              [
                124.858385192,
                7.168437985000025
              ],
              [
                124.85148364300005,
                7.175899235000034
              ],
              [
                124.8490054120001,
                7.191669795000052
              ],
              [
                124.85562654400006,
                7.208203851000064
              ],
              [
                124.86061636400007,
                7.240718134000076
              ],
              [
                124.8840229750001,
                7.227516506000029
              ],
              [
                124.90956944600009,
                7.215872876000048
              ],
              [
                124.90907547400002,
                7.259712844000037
              ],
              [
                124.91047971500006,
                7.303419765000058
              ],
              [
                124.8933047270001,
                7.311574992000032
              ],
              [
                124.88441261400011,
                7.311216527000054
              ]
            ]
          ],
          [
            [
              [
                124.7117969520001,
                7.182737162000024
              ],
              [
                124.71000023400008,
                7.187547801000049
              ],
              [
                124.72151765300009,
                7.198107431000037
              ],
              [
                124.72477413700005,
                7.205913415000054
              ],
              [
                124.71885978700003,
                7.210941810000064
              ],
              [
                124.72637843400003,
                7.22277051100002
              ],
              [
                124.72012885800007,
                7.233952703000057
              ],
              [
                124.71792721900009,
                7.253321087000074
              ],
              [
                124.70973377500003,
                7.253636102000029
              ],
              [
                124.66756101100009,
                7.235391182000058
              ],
              [
                124.669381756,
                7.229566050000075
              ],
              [
                124.69025499600002,
                7.22084056600005
              ],
              [
                124.70555872600005,
                7.204204649000076
              ],
              [
                124.70394435400011,
                7.197747157000036
              ],
              [
                124.69208040900003,
                7.204922408000074
              ],
              [
                124.67641302200002,
                7.203366879000043
              ],
              [
                124.67889885200009,
                7.192281817000037
              ],
              [
                124.66838714800008,
                7.194955526000058
              ],
              [
                124.66593319600008,
                7.188216315000035
              ],
              [
                124.67866116000005,
                7.17355728000007
              ],
              [
                124.68342779300008,
                7.171674949000019
              ],
              [
                124.67920084800005,
                7.152254865000032
              ],
              [
                124.693927486,
                7.152287062000027
              ],
              [
                124.6972378380001,
                7.159643613000071
              ],
              [
                124.69663665600002,
                7.171204794000061
              ],
              [
                124.7045127470001,
                7.182307881000041
              ],
              [
                124.7117969520001,
                7.182737162000024
              ]
            ]
          ],
          [
            [
              [
                124.40711940300002,
                7.222196041000074
              ],
              [
                124.41539658400008,
                7.235743985000055
              ],
              [
                124.36626343700006,
                7.235560970000052
              ],
              [
                124.3545993580001,
                7.211406167000065
              ],
              [
                124.3532621060001,
                7.199960901000053
              ],
              [
                124.3390572300001,
                7.174352245000025
              ],
              [
                124.33983748000001,
                7.16921525300006
              ],
              [
                124.35176481800012,
                7.165890603000037
              ],
              [
                124.37708222800006,
                7.169739380000067
              ],
              [
                124.38450977200013,
                7.178378673000055
              ],
              [
                124.3946495680001,
                7.224298599000065
              ],
              [
                124.40711940300002,
                7.222196041000074
              ]
            ]
          ],
          [
            [
              [
                124.47451455500006,
                7.207256223000055
              ],
              [
                124.47444547000009,
                7.216184728000031
              ],
              [
                124.46669590500005,
                7.216321101000061
              ],
              [
                124.46756777700011,
                7.228463736000037
              ],
              [
                124.45056625000007,
                7.230499030000034
              ],
              [
                124.44998205200011,
                7.207310200000054
              ],
              [
                124.47451455500006,
                7.207256223000055
              ]
            ]
          ],
          [
            [
              [
                124.77246232800009,
                7.156912165000051
              ],
              [
                124.78935738200006,
                7.16678630700005
              ],
              [
                124.78564919400004,
                7.18553325800002
              ],
              [
                124.78445446500007,
                7.202298681000056
              ],
              [
                124.7569978040001,
                7.209450234000032
              ],
              [
                124.74589584700003,
                7.216607743000054
              ],
              [
                124.74227696500007,
                7.203477788000043
              ],
              [
                124.73513468500005,
                7.200217182000074
              ],
              [
                124.72775840100007,
                7.176641707000043
              ],
              [
                124.73831990200006,
                7.166173348000031
              ],
              [
                124.75934085700008,
                7.150634443000057
              ],
              [
                124.77246232800009,
                7.156912165000051
              ]
            ]
          ],
          [
            [
              [
                124.51915130700003,
                7.030999491000046
              ],
              [
                124.51945193300003,
                7.044227015000047
              ],
              [
                124.53774377800005,
                7.088158932000056
              ],
              [
                124.5377773990001,
                7.098844263000046
              ],
              [
                124.52191661700012,
                7.099576377000062
              ],
              [
                124.51952133100008,
                7.137542698000061
              ],
              [
                124.48209256800008,
                7.150595595000027
              ],
              [
                124.4815991690001,
                7.170506233000026
              ],
              [
                124.46492467300006,
                7.171735246000027
              ],
              [
                124.4606424540001,
                7.133282154000029
              ],
              [
                124.44505001100002,
                7.110413201000029
              ],
              [
                124.471425726,
                7.092685572000049
              ],
              [
                124.47159402600005,
                7.086087509000038
              ],
              [
                124.45674244800011,
                7.07967992500005
              ],
              [
                124.45635226800005,
                7.066377288000067
              ],
              [
                124.4594889980001,
                7.056220719000065
              ],
              [
                124.47026093600005,
                7.048347785000032
              ],
              [
                124.48878318200003,
                7.041214082000065
              ],
              [
                124.50142558800009,
                7.030365309000046
              ],
              [
                124.51915130700003,
                7.030999491000046
              ]
            ]
          ],
          [
            [
              [
                124.8872492910001,
                7.146881429000074
              ],
              [
                124.8838332250001,
                7.15406798600003
              ],
              [
                124.87265656000012,
                7.14311367600004
              ],
              [
                124.86789944100008,
                7.131724458000065
              ],
              [
                124.87524892500007,
                7.130486499000028
              ],
              [
                124.88906826800007,
                7.133762352000075
              ],
              [
                124.8872492910001,
                7.146881429000074
              ]
            ]
          ],
          [
            [
              [
                124.73650988600004,
                7.113428433000024
              ],
              [
                124.72308714000008,
                7.115786914000068
              ],
              [
                124.72048664800002,
                7.112390309000033
              ],
              [
                124.67581631100006,
                7.134801803000072
              ],
              [
                124.66745627900004,
                7.118520611000064
              ],
              [
                124.66457708100006,
                7.100798032000057
              ],
              [
                124.68428289200006,
                7.094783801000063
              ],
              [
                124.6920710070001,
                7.08971596200007
              ],
              [
                124.70045841900003,
                7.077713803000051
              ],
              [
                124.6996467130001,
                7.067440276000071
              ],
              [
                124.7123432410001,
                7.079361444000028
              ],
              [
                124.70807875900005,
                7.09409329300007
              ],
              [
                124.71573544300009,
                7.099423897000065
              ],
              [
                124.71676929700004,
                7.086585624000064
              ],
              [
                124.73279874600007,
                7.09660691500005
              ],
              [
                124.72579267100002,
                7.102190965000035
              ],
              [
                124.72946912600003,
                7.110029446000055
              ],
              [
                124.73650988600004,
                7.113428433000024
              ]
            ]
          ],
          [
            [
              [
                124.71662410500005,
                7.019548900000073
              ],
              [
                124.69271773900006,
                7.01940432300006
              ],
              [
                124.69281365600013,
                7.011922805000039
              ],
              [
                124.68164999500006,
                7.01214174200004
              ],
              [
                124.6815747390001,
                7.026917395000057
              ],
              [
                124.68706672800012,
                7.034327589000042
              ],
              [
                124.67066556700001,
                7.049032415000056
              ],
              [
                124.66701543100011,
                7.034358027000053
              ],
              [
                124.63783972000012,
                7.034306416000049
              ],
              [
                124.625323449,
                7.050060449000056
              ],
              [
                124.62493449500006,
                7.064025092000066
              ],
              [
                124.6471812850001,
                7.063937114000056
              ],
              [
                124.64514868600008,
                7.072321585000053
              ],
              [
                124.632344815,
                7.083217999000055
              ],
              [
                124.62677081700008,
                7.096792449000077
              ],
              [
                124.62850827800003,
                7.108372670000052
              ],
              [
                124.635415328,
                7.116957269000066
              ],
              [
                124.63061377300004,
                7.125661692000052
              ],
              [
                124.61719935000006,
                7.123848531000022
              ],
              [
                124.61169385700009,
                7.108136129000059
              ],
              [
                124.61461043600002,
                7.089431201000026
              ],
              [
                124.61031446700008,
                7.078884297000058
              ],
              [
                124.58973309500004,
                7.084123812000029
              ],
              [
                124.58479903800003,
                7.091482318000033
              ],
              [
                124.57293732100005,
                7.096565168000041
              ],
              [
                124.57346688800011,
                7.119293407000042
              ],
              [
                124.56094382300013,
                7.121408170000053
              ],
              [
                124.56032861800009,
                7.099547869000048
              ],
              [
                124.56165952000003,
                7.083302147000039
              ],
              [
                124.58076324500006,
                7.083439091000058
              ],
              [
                124.58571335300007,
                7.071131540000067
              ],
              [
                124.58432379600005,
                7.065773281000076
              ],
              [
                124.57240964500009,
                7.06502008700005
              ],
              [
                124.56830131700006,
                7.059610789000033
              ],
              [
                124.55397474700011,
                7.059577851000028
              ],
              [
                124.53926808000006,
                7.051307381000072
              ],
              [
                124.53324575500007,
                7.04038775300006
              ],
              [
                124.53100334400006,
                7.031767729000024
              ],
              [
                124.539127139,
                7.02758843500004
              ],
              [
                124.5446676360001,
                7.019387057000073
              ],
              [
                124.55571046600006,
                7.023554212000021
              ],
              [
                124.5607388300001,
                7.032299193000028
              ],
              [
                124.5666275220001,
                7.051214263000078
              ],
              [
                124.59526733400001,
                7.049137330000064
              ],
              [
                124.59768883200003,
                7.040690047000055
              ],
              [
                124.61374856400005,
                7.036584363000031
              ],
              [
                124.61297411800001,
                7.024408925000045
              ],
              [
                124.60760923200009,
                7.024153445000023
              ],
              [
                124.60947618800004,
                6.994183876000021
              ],
              [
                124.57602387800011,
                6.993941117000077
              ],
              [
                124.573959693,
                7.004791358000036
              ],
              [
                124.56594044700013,
                7.015494871000045
              ],
              [
                124.55896135400009,
                7.017508071000066
              ],
              [
                124.55808896800009,
                7.006636791000061
              ],
              [
                124.57877047400005,
                6.983861190000026
              ],
              [
                124.58488102700005,
                6.970634080000026
              ],
              [
                124.598438815,
                6.96845440100003
              ],
              [
                124.61143305300006,
                6.969628074000068
              ],
              [
                124.61696608400007,
                6.975328772000069
              ],
              [
                124.62736147500004,
                6.974825770000052
              ],
              [
                124.63255917000004,
                6.966358556000046
              ],
              [
                124.64303839500006,
                6.964178877000052
              ],
              [
                124.64997341800004,
                6.955216833000065
              ],
              [
                124.65675453500013,
                6.961356473000023
              ],
              [
                124.66573406700002,
                6.951967088000059
              ],
              [
                124.67877487900012,
                6.94660172500005
              ],
              [
                124.688574119,
                6.952786796000055
              ],
              [
                124.69125680000002,
                6.962250700000026
              ],
              [
                124.68592869700002,
                6.967392506000067
              ],
              [
                124.69401400100004,
                6.974136470000075
              ],
              [
                124.70664496000006,
                6.994033024000031
              ],
              [
                124.71782279900003,
                6.994517397000038
              ],
              [
                124.72143007400007,
                7.000956522000023
              ],
              [
                124.70701755400012,
                7.005210864000048
              ],
              [
                124.71662410500005,
                7.019548900000073
              ]
            ]
          ],
          [
            [
              [
                124.69010008700002,
                7.073352400000035
              ],
              [
                124.68597760700003,
                7.080635022000022
              ],
              [
                124.66892037100001,
                7.086446671000032
              ],
              [
                124.66460317400005,
                7.076164482000024
              ],
              [
                124.664567389,
                7.062823792000074
              ],
              [
                124.68712711,
                7.052724244000045
              ],
              [
                124.68813474700003,
                7.058526855000025
              ],
              [
                124.69010008700002,
                7.073352400000035
              ]
            ]
          ]
        ]
      }
    }
  ]
}
